{
  "stats": {
    "submitted": 10,
    "finished": 10,
    "running": 0
  },
  "data": [
    [
      1,
      null,
      209652396,
      null,
      0.8217993367822081,
      19.39031672477722,
      1,
      1696444251.5066257,
      1696444270.8981733,
      {}
    ],
    [
      1,
      null,
      398764591,
      null,
      0.8086737203779815,
      15.464572191238403,
      1,
      1696444270.9010437,
      1696444286.3670151,
      {}
    ],
    [
      2,
      null,
      209652396,
      null,
      0.9102698090610596,
      13.087860822677612,
      1,
      1696444286.3705301,
      1696444299.4598799,
      {}
    ],
    [
      2,
      null,
      398764591,
      null,
      0.9372011136152686,
      14.61960220336914,
      1,
      1696444299.462109,
      1696444314.0828319,
      {}
    ],
    [
      1,
      null,
      924231285,
      null,
      0.8232551708013712,
      15.886248350143433,
      1,
      1696444314.0998693,
      1696444329.987028,
      {}
    ],
    [
      3,
      null,
      209652396,
      null,
      0.8481347936081718,
      15.390990018844604,
      1,
      1696444330.2319903,
      1696444345.6244433,
      {}
    ],
    [
      3,
      null,
      398764591,
      null,
      0.8515762836602214,
      9.270961284637451,
      1,
      1696444345.6264594,
      1696444354.8981466,
      {}
    ],
    [
      3,
      null,
      924231285,
      null,
      0.8500926174047899,
      15.32545018196106,
      1,
      1696444354.8998988,
      1696444370.2261384,
      {}
    ],
    [
      4,
      null,
      209652396,
      null,
      0.8494556886282029,
      25.18992018699646,
      1,
      1696444370.2288837,
      1696444395.4197328,
      {}
    ],
    [
      4,
      null,
      398764591,
      null,
      0.9155263457577228,
      23.107194662094116,
      1,
      1696444395.4229133,
      1696444418.5315192,
      {}
    ]
  ],
  "configs": {
    "1": {
      "alpha": 0.34019066896289585,
      "batch_size": 4,
      "method": "lars",
      "n_components": 15,
      "ridge_alpha": 0.08752058510668576
    },
    "2": {
      "alpha": 0.9592367018572986,
      "batch_size": 3,
      "method": "cd",
      "n_components": 50,
      "ridge_alpha": 0.010323922336101533
    },
    "3": {
      "alpha": 0.7223817572903146,
      "batch_size": 4,
      "method": "lars",
      "n_components": 26,
      "ridge_alpha": 0.09152425027131579
    },
    "4": {
      "alpha": 0.7243185926894069,
      "batch_size": 5,
      "method": "lars",
      "n_components": 27,
      "ridge_alpha": 0.08667718376387781
    }
  },
  "config_origins": {
    "1": "Initial Design: Sobol",
    "2": "Initial Design: Sobol",
    "3": "Acquisition Function Maximizer: Local Search",
    "4": "Acquisition Function Maximizer: Local Search"
  }
}