{
  "stats": {
    "submitted": 68,
    "finished": 68,
    "running": 0
  },
  "data": [
    [
      1,
      null,
      209652396,
      null,
      0.7009200611929332,
      0.5286636352539062,
      1,
      1703640368.2902153,
      1703640368.8196435,
      {}
    ],
    [
      1,
      null,
      398764591,
      null,
      0.7009200611929334,
      0.2360525131225586,
      1,
      1703640368.8214579,
      1703640369.0583966,
      {}
    ],
    [
      2,
      null,
      209652396,
      null,
      0.9383536792030787,
      0.45568346977233887,
      1,
      1703640369.0601816,
      1703640369.5167637,
      {}
    ],
    [
      2,
      null,
      398764591,
      null,
      0.9383536792030788,
      0.7657060623168945,
      1,
      1703640369.5184124,
      1703640370.2850008,
      {}
    ],
    [
      1,
      null,
      924231285,
      null,
      0.7009200611929334,
      0.3930931091308594,
      1,
      1703640370.287218,
      1703640370.6812055,
      {}
    ],
    [
      3,
      null,
      209652396,
      null,
      0.8560938293400885,
      0.18405652046203613,
      1,
      1703640370.6831462,
      1703640370.8682547,
      {}
    ],
    [
      3,
      null,
      398764591,
      null,
      0.8560938293400886,
      0.28389620780944824,
      1,
      1703640370.8699198,
      1703640371.1546745,
      {}
    ],
    [
      3,
      null,
      924231285,
      null,
      0.8560938293400885,
      0.18469762802124023,
      1,
      1703640371.1563885,
      1703640371.3419504,
      {}
    ],
    [
      4,
      null,
      209652396,
      null,
      0.9606465720922427,
      0.3104398250579834,
      1,
      1703640371.3441086,
      1703640371.6553822,
      {}
    ],
    [
      4,
      null,
      398764591,
      null,
      0.9606465720922429,
      0.3332977294921875,
      1,
      1703640371.657024,
      1703640371.991139,
      {}
    ],
    [
      4,
      null,
      924231285,
      null,
      0.960646572092243,
      0.4186861515045166,
      1,
      1703640371.9927814,
      1703640372.4122858,
      {}
    ],
    [
      5,
      null,
      209652396,
      null,
      0.9267894351940968,
      0.6984908580780029,
      1,
      1703640372.4145155,
      1703640373.113814,
      {}
    ],
    [
      5,
      null,
      398764591,
      null,
      0.926789435194083,
      0.3151242733001709,
      1,
      1703640373.1171947,
      1703640373.4332137,
      {}
    ],
    [
      5,
      null,
      924231285,
      null,
      0.9267894351940971,
      0.6759135723114014,
      1,
      1703640373.434907,
      1703640374.1116502,
      {}
    ],
    [
      6,
      null,
      209652396,
      null,
      0.7961187023284757,
      1.0635981559753418,
      1,
      1703640374.3373942,
      1703640375.401792,
      {}
    ],
    [
      6,
      null,
      398764591,
      null,
      0.7961187023284758,
      0.41083574295043945,
      1,
      1703640375.4038222,
      1703640375.8155372,
      {}
    ],
    [
      6,
      null,
      924231285,
      null,
      0.7961187023284757,
      0.2527503967285156,
      1,
      1703640375.817587,
      1703640376.0712125,
      {}
    ],
    [
      7,
      null,
      209652396,
      null,
      0.7961187023284757,
      0.25705575942993164,
      1,
      1703640376.0739484,
      1703640376.3318686,
      {}
    ],
    [
      7,
      null,
      398764591,
      null,
      0.7961187023284757,
      0.2794036865234375,
      1,
      1703640376.333913,
      1703640376.6141756,
      {}
    ],
    [
      7,
      null,
      924231285,
      null,
      0.7961187023284756,
      0.2394404411315918,
      1,
      1703640376.6160917,
      1703640376.8563716,
      {}
    ],
    [
      8,
      null,
      209652396,
      null,
      0.7961187023284757,
      0.657764196395874,
      1,
      1703640376.8589003,
      1703640377.5174956,
      {}
    ],
    [
      8,
      null,
      398764591,
      null,
      0.7961187023284755,
      0.32727622985839844,
      1,
      1703640377.5196803,
      1703640377.847819,
      {}
    ],
    [
      8,
      null,
      924231285,
      null,
      0.7961187023284757,
      0.27759718894958496,
      1,
      1703640377.849769,
      1703640378.1281908,
      {}
    ],
    [
      9,
      null,
      209652396,
      null,
      0.6063772805385028,
      0.27129220962524414,
      1,
      1703640378.133637,
      1703640378.4057438,
      {}
    ],
    [
      9,
      null,
      398764591,
      null,
      0.6063772805385028,
      0.2480487823486328,
      1,
      1703640378.407707,
      1703640378.6565685,
      {}
    ],
    [
      9,
      null,
      924231285,
      null,
      0.6063772805385028,
      0.17204928398132324,
      1,
      1703640378.6586723,
      1703640378.8315408,
      {}
    ],
    [
      10,
      null,
      209652396,
      null,
      0.9546888981253022,
      1.2038075923919678,
      1,
      1703640378.8345246,
      1703640380.0391674,
      {}
    ],
    [
      10,
      null,
      398764591,
      null,
      0.9546888981253021,
      3.2899458408355713,
      1,
      1703640380.0416367,
      1703640383.3324714,
      {}
    ],
    [
      10,
      null,
      924231285,
      null,
      0.9546888981253022,
      2.964599609375,
      1,
      1703640383.3385255,
      1703640386.304047,
      {}
    ],
    [
      11,
      null,
      209652396,
      null,
      0.9546888981253022,
      0.9562363624572754,
      1,
      1703640386.307454,
      1703640387.2645917,
      {}
    ],
    [
      11,
      null,
      398764591,
      null,
      0.9546888981253021,
      1.3449842929840088,
      1,
      1703640387.2671838,
      1703640388.613066,
      {}
    ],
    [
      11,
      null,
      924231285,
      null,
      0.9546888981253021,
      0.845278263092041,
      1,
      1703640388.6197145,
      1703640389.465919,
      {}
    ],
    [
      12,
      null,
      209652396,
      null,
      0.9546888981253021,
      0.8191871643066406,
      1,
      1703640389.4695082,
      1703640390.2895937,
      {}
    ],
    [
      12,
      null,
      398764591,
      null,
      0.9546888981253021,
      0.5447900295257568,
      1,
      1703640390.292193,
      1703640390.8378882,
      {}
    ],
    [
      12,
      null,
      924231285,
      null,
      0.9546888981253021,
      1.049363613128662,
      1,
      1703640390.840618,
      1703640391.890905,
      {}
    ],
    [
      13,
      null,
      209652396,
      null,
      0.9576703591184986,
      1.1238586902618408,
      1,
      1703640391.8945112,
      1703640393.019244,
      {}
    ],
    [
      13,
      null,
      398764591,
      null,
      0.9576703591184985,
      1.0061495304107666,
      1,
      1703640393.0217874,
      1703640394.028797,
      {}
    ],
    [
      13,
      null,
      924231285,
      null,
      0.9576703591184986,
      0.8904998302459717,
      1,
      1703640394.0313373,
      1703640394.9227066,
      {}
    ],
    [
      14,
      null,
      209652396,
      null,
      0.6063772805385024,
      0.5417056083679199,
      1,
      1703640394.9304821,
      1703640395.4730234,
      {}
    ],
    [
      14,
      null,
      398764591,
      null,
      0.6063772805385024,
      1.1419236660003662,
      1,
      1703640395.4756777,
      1703640396.6184049,
      {}
    ],
    [
      14,
      null,
      924231285,
      null,
      0.6063772805385024,
      0.44670581817626953,
      1,
      1703640396.6208847,
      1703640397.0683928,
      {}
    ],
    [
      15,
      null,
      209652396,
      null,
      0.9606465720922429,
      0.5446920394897461,
      1,
      1703640397.0722308,
      1703640397.617732,
      {}
    ],
    [
      15,
      null,
      398764591,
      null,
      0.9606465720922429,
      0.31117916107177734,
      1,
