{
  "incumbent_ids": [
    3
  ],
  "rejected_config_ids": [
    1,
    2
  ],
  "incumbents_changed": 3,
  "trajectory": [
    {
      "config_ids": [
        1
      ],
      "costs": [
        0.5634155269766068
      ],
      "trial": 1,
      "walltime": 0.03749251365661621
    },
    {
      "config_ids": [
        2
      ],
      "costs": [
        0.5625086720984777
      ],
      "trial": 4,
      "walltime": 0.1913127899169922
    },
    {
      "config_ids": [
        3
      ],
      "costs": [
        0.5578907274441058
      ],
      "trial": 8,
      "walltime": 0.545461893081665
    }
  ],
  "state": {
    "queue": [
      [
        4,
        2
      ]
    ]
  }
}