{
  "incumbent_ids": [
    2
  ],
  "rejected_config_ids": [
    1
  ],
  "incumbents_changed": 2,
  "trajectory": [
    {
      "config_ids": [
        1
      ],
      "costs": [
        0.6774750372342675
      ],
      "trial": 1,
      "walltime": 0.2540402412414551
    },
    {
      "config_ids": [
        2
      ],
      "costs": [
        0.592116628046111
      ],
      "trial": 4,
      "walltime": 0.9512064456939697
    }
  ],
  "state": {
    "queue": [
      [
        4,
        2
      ]
    ]
  }
}