{
  "stats": {
    "submitted": 10,
    "finished": 10,
    "running": 0
  },
  "data": [
    [
      1,
      null,
      209652396,
      null,
      0.8548454961034422,
      1.9202079772949219,
      1,
      1696443951.6657488,
      1696443953.587085,
      {}
    ],
    [
      1,
      null,
      398764591,
      null,
      0.8548454961034422,
      2.171710968017578,
      1,
      1696443953.5899804,
      1696443955.762802,
      {}
    ],
    [
      2,
      null,
      209652396,
      null,
      0.7814201123936448,
      1.9185066223144531,
      1,
      1696443955.7746055,
      1696443957.6943216,
      {}
    ],
    [
      2,
      null,
      398764591,
      null,
      0.7814201123936448,
      2.44500994682312,
      1,
      1696443957.7134185,
      1696443960.1595244,
      {}
    ],
    [
      2,
      null,
      924231285,
      null,
      0.7814201123936448,
      2.1113805770874023,
      1,
      1696443960.163344,
      1696443962.2759576,
      {}
    ],
    [
      3,
      null,
      209652396,
      null,
      0.8242636692333505,
      1.8560612201690674,
      1,
      1696443962.4893017,
      1696443964.3464985,
      {}
    ],
    [
      3,
      null,
      398764591,
      null,
      0.8242636692333505,
      2.188997268676758,
      1,
      1696443964.3493567,
      1696443966.5394719,
      {}
    ],
    [
      3,
      null,
      924231285,
      null,
      0.8242636692333505,
      1.748884677886963,
      1,
      1696443966.5425143,
      1696443968.2925043,
      {}
    ],
    [
      4,
      null,
      209652396,
      null,
      0.819367746452296,
      3.240487813949585,
      1,
      1696443968.2961314,
      1696443971.5377305,
      {}
    ],
    [
      4,
      null,
      398764591,
      null,
      0.819367746452296,
      1.9318268299102783,
      1,
      1696443971.5408716,
      1696443973.4738,
      {}
    ]
  ],
  "configs": {
    "1": {
      "batch_size": 328,
      "n_components": 41
    },
    "2": {
      "batch_size": 339,
      "n_components": 15
    },
    "3": {
      "batch_size": 342,
      "n_components": 26
    },
    "4": {
      "batch_size": 340,
      "n_components": 25
    }
  },
  "config_origins": {
    "1": "Initial Design: Sobol",
    "2": "Initial Design: Sobol",
    "3": "Acquisition Function Maximizer: Random Search (sorted)",
    "4": "Acquisition Function Maximizer: Local Search"
  }
}