{
  "stats": {
    "submitted": 50,
    "finished": 50,
    "running": 0
  },
  "data": [
    [
      1,
      null,
      209652396,
      null,
      0.5495036152094264,
      1.1936061382293701,
      1,
      1703629036.7033725,
      1703629037.8981571,
      {}
    ],
    [
      1,
      null,
      398764591,
      null,
      0.5495036152094264,
      3.202397108078003,
      1,
      1703629037.9001265,
      1703629041.1075742,
      {}
    ],
    [
      2,
      null,
      209652396,
      null,
      0.5536648150354027,
      2.782165765762329,
      1,
      1703629041.1118877,
      1703629043.8951128,
      {}
    ],
    [
      2,
      null,
      398764591,
      null,
      0.5536648150354027,
      1.2645676136016846,
      1,
      1703629043.8970451,
      1703629045.1626537,
      {}
    ],
    [
      1,
      null,
      924231285,
      null,
      0.5495036152094264,
      0.3825047016143799,
      1,
      1703629045.1686454,
      1703629045.5522156,
      {}
    ],
    [
      3,
      null,
      209652396,
      null,
      0.5512458532986395,
      0.6630520820617676,
      1,
      1703629045.5541978,
      1703629046.2182584,
      {}
    ],
    [
      3,
      null,
      398764591,
      null,
      0.5512458532986395,
      1.3523330688476562,
      1,
      1703629046.2201104,
      1703629047.5734181,
      {}
    ],
    [
      3,
      null,
      924231285,
      null,
      0.5512458532986393,
      0.3109250068664551,
      1,
      1703629047.575206,
      1703629047.8870711,
      {}
    ],
    [
      4,
      null,
      209652396,
      null,
      0.33764453963743424,
      0.2989068031311035,
      1,
      1703629047.88943,
      1703629048.1892576,
      {}
    ],
    [
      4,
      null,
      398764591,
      null,
      0.33764453963743424,
      0.413224458694458,
      1,
      1703629048.1910956,
      1703629048.6052742,
      {}
    ],
    [
      4,
      null,
      924231285,
      null,
      0.33764453963743424,
      0.4041867256164551,
      1,
      1703629048.6070778,
      1703629049.0121953,
      {}
    ],
    [
      5,
      null,
      209652396,
      null,
      0.4929291764897066,
      0.5083262920379639,
      1,
      1703629049.0149462,
      1703629049.5241702,
      {}
    ],
    [
      5,
      null,
      398764591,
      null,
      0.49292917648970624,
      1.1038217544555664,
      1,
      1703629049.5260139,
      1703629050.6307354,
      {}
    ],
    [
      5,
      null,
      924231285,
      null,
      0.4929291764897067,
      1.0404677391052246,
      1,
      1703629050.6327426,
      1703629051.6741536,
      {}
    ],
    [
      6,
      null,
      209652396,
      null,
      0.33764453963743435,
      0.2732226848602295,
      1,
      1703629051.8608184,
      1703629052.1349483,
      {}
    ],
    [
      6,
      null,
      398764591,
      null,
      0.33764453963743424,
      0.27625131607055664,
      1,
      1703629052.1369407,
      1703629052.414085,
      {}
    ],
    [
      6,
      null,
      924231285,
      null,
      0.33764453963743424,
      0.2852776050567627,
      1,
      1703629052.4158554,
      1703629052.701986,
      {}
    ],
    [
      7,
      null,
      209652396,
      null,
      0.33764453998237653,
      0.26105737686157227,
      1,
      1703629052.7044106,
      1703629052.9663053,
      {}
    ],
    [
      7,
      null,
      398764591,
      null,
      0.33764453940142847,
      0.34202098846435547,
      1,
      1703629052.9681218,
      1703629053.3109765,
      {}
    ],
    [
      7,
      null,
      924231285,
      null,
      0.3376445396111607,
      0.15213251113891602,
      1,
      1703629053.3128374,
      1703629053.4658244,
      {}
    ],
    [
      8,
      null,
      209652396,
      null,
      0.3376445396374347,
      0.14478778839111328,
      1,
      1703629053.4683704,
      1703629053.614009,
      {}
    ],
    [
      8,
      null,
      398764591,
      null,
      0.33764453963743435,
      0.3627750873565674,
      1,
      1703629053.6158934,
      1703629053.9795074,
      {}
    ],
    [
      8,
      null,
      924231285,
      null,
      0.33764453963743424,
      0.2302865982055664,
      1,
      1703629053.9814749,
      1703629054.2126164,
      {}
    ],
    [
      9,
      null,
      209652396,
      null,
      0.3376445395306297,
      0.31857895851135254,
      1,
      1703629054.2172883,
      1703629054.536727,
      {}
    ],
    [
      9,
      null,
      398764591,
      null,
      0.33764454010181755,
      0.7266004085540771,
      1,
      1703629054.5391066,
      1703629055.2666347,
      {}
    ],
    [
      9,
      null,
      924231285,
      null,
      0.3376445392617319,
      0.36304354667663574,
      1,
      1703629055.2707632,
      1703629055.6347985,
      {}
    ],
    [
      10,
      null,
      209652396,
      null,
      0.33764453963743435,
      0.4388298988342285,
      1,
      1703629055.6388268,
      1703629056.0786326,
      {}
    ],
    [
      10,
      null,
      398764591,
      null,
      0.33764453963743435,
      0.29404783248901367,
      1,
      1703629056.0841453,
      1703629056.3791144,
      {}
    ],
    [
      10,
      null,
      924231285,
      null,
      0.337644539637434,
      0.4294264316558838,
      1,
      1703629056.3813164,
      1703629056.811598,
      {}
    ],
    [
      11,
      null,
      209652396,
      null,
      0.3376445434064236,
      0.4264254570007324,
      1,
      1703629056.8150716,
      1703629057.2423427,
      {}
    ],
    [
      11,
      null,
      398764591,
      null,
      0.33764453585019083,
      0.674487829208374,
      1,
      1703629057.244799,
      1703629057.9201994,
      {}
    ],
    [
      11,
      null,
      924231285,
      null,
      0.3376444120894039,
      1.2413976192474365,
      1,
      1703629057.9227796,
      1703629059.1652803,
      {}
    ],
    [
      12,
      null,
      209652396,
      null,
      0.3376445396324622,
      0.4437723159790039,
      1,
      1703629059.173571,
      1703629059.6184256,
      {}
    ],
    [
      12,
      null,
      398764591,
      null,
      0.3376445396381478,
      0.4216892719268799,
      1,
      1703629059.6213913,
      1703629060.0441222,
      {}
    ],
    [
      12,
      null,
      924231285,
      null,
      0.3376445396409057,
      0.1453549861907959,
      1,
      1703629060.0475526,
      1703629060.1939452,
      {}
    ],
    [
      13,
      null,
      209652396,
      null,
      0.3376445395490323,
      0.2226407527923584,
      1,
      1703629060.1973534,
      1703629060.4208808,
      {}
    ],
    [
      13,
      null,
      398764591,
      null,
      0.3376445396701616,
      0.21015357971191406,
      1,
      1703629060.4235432,
      1703629060.6346307,
      {}
    ],
    [
      13,
      null,
      924231285,
      null,
      0.337644539903295,
      0.2616767883300781,
      1,
      1703629060.6374218,
      1703629060.9000423,
      {}
    ],
    [
      14,
      null,
      209652396,
      null,
      0.49292917648970647,
      0.7761693000793457,
      1,
      1703629061.223931,
      1703629062.0009809,
      {}
    ],
    [
      14,
      null,
      398764591,
      null,
      0.49292917648970647,
      2.2222113609313965,
      1,
      1703629062.004114,
      1703629064.227353,
      {}
    ],
    [
      14,
      null,
      924231285,
      null,
      0.49292917648970647,
      0.5604441165924072,
      1,
      1703629064.2303689,
      1703629064.7917666,
      {}
    ],
    [
      15,
      null,
      209652396,
      null,
      0.5544556336558708,
      0.8444614410400391,
      1,
      1703629064.8005607,
      1703629065.645967,
      {}
    ],
    [
      15,
      null,
      398764591,
      null,
      0.5544556336558708,
      0.6640074253082275,
