{
  "stats": {
    "submitted": 65,
    "finished": 65,
    "running": 0
  },
  "data": [
    [
      1,
      null,
      209652396,
      null,
      0.5991425925336784,
      0.6027848720550537,
      1,
      1703639748.5175254,
      1703639749.121074,
      {}
    ],
    [
      1,
      null,
      398764591,
      null,
      0.5917851366589897,
      0.3338475227355957,
      1,
      1703639749.1227725,
      1703639749.4574502,
      {}
    ],
    [
      2,
      null,
      209652396,
      null,
      0.9687727169235821,
      0.3852558135986328,
      1,
      1703639749.4591265,
      1703639749.845175,
      {}
    ],
    [
      2,
      null,
      398764591,
      null,
      0.9687727169235821,
      0.1953718662261963,
      1,
      1703639749.846538,
      1703639750.0426505,
      {}
    ],
    [
      1,
      null,
      924231285,
      null,
      0.5991448950536566,
      0.2822885513305664,
      1,
      1703639750.0445168,
      1703639750.3275657,
      {}
    ],
    [
      3,
      null,
      209652396,
      null,
      0.7360678010840367,
      0.2379472255706787,
      1,
      1703639750.3291826,
      1703639750.5678804,
      {}
    ],
    [
      3,
      null,
      398764591,
      null,
      0.7360678010840909,
      0.3186023235321045,
      1,
      1703639750.5693278,
      1703639750.8886778,
      {}
    ],
    [
      3,
      null,
      924231285,
      null,
      0.7360678010841772,
      0.19965553283691406,
      1,
      1703639750.8901525,
      1703639751.0905535,
      {}
    ],
    [
      4,
      null,
      209652396,
      null,
      0.8161143587387812,
      0.3733351230621338,
      1,
      1703639751.0925522,
      1703639751.4666338,
      {}
    ],
    [
      4,
      null,
      398764591,
      null,
      0.8161143587387812,
      0.4220893383026123,
      1,
      1703639751.4681625,
      1703639751.8910134,
      {}
    ],
    [
      4,
      null,
      924231285,
      null,
      0.8161143587387812,
      0.350618839263916,
      1,
      1703639751.8926892,
      1703639752.2440622,
      {}
    ],
    [
      5,
      null,
      209652396,
      null,
      0.8036232822006277,
      0.19393420219421387,
      1,
      1703639752.2461574,
      1703639752.4408407,
      {}
    ],
    [
      5,
      null,
      398764591,
      null,
      0.7990157129366767,
      0.13200926780700684,
      1,
      1703639752.4424305,
      1703639752.5751927,
      {}
    ],
    [
      5,
      null,
      924231285,
      null,
      0.8015081403160005,
      0.51560378074646,
      1,
      1703639752.5768287,
      1703639753.0931878,
      {}
    ],
    [
      6,
      null,
      209652396,
      null,
      0.6343868470373215,
      0.46297597885131836,
      1,
      1703639753.3471844,
      1703639753.810907,
      {}
    ],
    [
      6,
      null,
      398764591,
      null,
      0.6343868470373224,
      0.36523008346557617,
      1,
      1703639753.8128335,
      1703639754.1788728,
      {}
    ],
    [
      6,
      null,
      924231285,
      null,
      0.6343868470373226,
      0.2529020309448242,
      1,
      1703639754.1810176,
      1703639754.4347303,
      {}
    ],
    [
      7,
      null,
      209652396,
      null,
      0.634386791033412,
      0.4314591884613037,
      1,
      1703639754.4372847,
      1703639754.8695464,
      {}
    ],
    [
      7,
      null,
      398764591,
      null,
      0.634386996261157,
      0.3912169933319092,
      1,
      1703639754.8715844,
      1703639755.2636013,
      {}
    ],
    [
      7,
      null,
      924231285,
      null,
      0.6343870705564081,
      0.34147214889526367,
      1,
      1703639755.265628,
      1703639755.6079035,
      {}
    ],
    [
      8,
      null,
      209652396,
      null,
      0.631624498433434,
      0.3205850124359131,
      1,
      1703639755.6106899,
      1703639755.932044,
      {}
    ],
    [
      8,
      null,
      398764591,
      null,
      0.6344209393854934,
      0.3226437568664551,
      1,
      1703639755.9340818,
      1703639756.2575312,
      {}
    ],
    [
      8,
      null,
      924231285,
      null,
      0.6348950104852196,
      0.3025062084197998,
      1,
      1703639756.2597063,
      1703639756.5630255,
      {}
    ],
    [
      9,
      null,
      209652396,
      null,
      0.6348949782919122,
      0.31490492820739746,
      1,
      1703639756.5662644,
      1703639756.881981,
      {}
    ],
    [
      9,
      null,
      398764591,
      null,
      0.6348950539293942,
      0.3555762767791748,
      1,
      1703639756.8842444,
      1703639757.240644,
      {}
    ],
    [
      9,
      null,
      924231285,
      null,
      0.6348948953363553,
      0.24538588523864746,
      1,
      1703639757.2428849,
      1703639757.489075,
      {}
    ],
    [
      10,
      null,
      209652396,
      null,
      0.5431389743478261,
      0.19778919219970703,
      1,
      1703639757.492187,
      1703639757.6907516,
      {}
    ],
    [
      10,
      null,
      398764591,
      null,
      0.5431389743478261,
      0.23683786392211914,
      1,
      1703639757.6927173,
      1703639757.930331,
      {}
    ],
    [
      10,
      null,
      924231285,
      null,
      0.5431389743478261,
      0.3742496967315674,
      1,
      1703639757.9324353,
      1703639758.307472,
      {}
    ],
    [
      11,
      null,
      209652396,
      null,
      0.9687727169235879,
      0.46460604667663574,
      1,
      1703639758.3123145,
      1703639758.7777152,
      {}
    ],
    [
      11,
      null,
      398764591,
      null,
      0.9687727169235488,
      0.3081181049346924,
      1,
      1703639758.7802136,
      1703639759.089128,
      {}
    ],
    [
      11,
      null,
      924231285,
      null,
      0.9687727169235566,
      0.17150259017944336,
      1,
      1703639759.0913706,
      1703639759.2636485,
      {}
    ],
    [
      12,
      null,
      209652396,
      null,
      0.7792757998838717,
      0.15343570709228516,
      1,
      1703639759.2671957,
      1703639759.4213734,
      {}
    ],
    [
      12,
      null,
      398764591,
      null,
      0.7792757998838947,
      0.1366901397705078,
      1,
      1703639759.423576,
      1703639759.5610118,
      {}
    ],
    [
      12,
      null,
      924231285,
      null,
      0.7792757998838866,
      0.1378953456878662,
      1,
      1703639759.563256,
      1703639759.701902,
      {}
    ],
    [
      13,
      null,
      209652396,
      null,
      0.8389239997720247,
      0.1086122989654541,
      1,
      1703639759.7050626,
      1703639759.8144197,
      {}
    ],
    [
      13,
      null,
      398764591,
      null,
      0.8389239997720247,
      0.11749076843261719,
      1,
      1703639759.8167245,
      1703639759.9349754,
      {}
    ],
    [
      13,
      null,
      924231285,
      null,
      0.8389239997720247,
      0.10656881332397461,
      1,
      1703639759.937417,
      1703639760.044763,
      {}
    ],
    [
      14,
      null,
      209652396,
      null,
      0.5431389754458367,
      0.5658457279205322,
      1,
      1703639760.3233464,
      1703639760.8899193,
      {}
    ],
    [
      14,
      null,
      398764591,
      null,
      0.5431389747107173,
      0.33637070655822754,
      1,
      1703639760.89264,
      1703639761.2298596,
      {}
    ],
    [
      14,
      null,
      924231285,
      null,
      0.543138973119238,
      0.32402515411376953,
      1,
      1703639761.2327628,
      1703639761.5576265,
      {}
    ],
    [
      15,
      null,
      209652396,
      null,
      0.44669598551834044,
      0.31305599212646484,
      1,
      1703639761.561048,
      1703639761.8749268,
      {}
    ],
    [
      15,
      null,
      398764591,
      null,
      0.4466918416360589,
      0.1749260425567627,
      1,
