{
  "incumbent_ids": [
    3
  ],
  "rejected_config_ids": [
    1
  ],
  "incumbents_changed": 2,
  "trajectory": [
    {
      "config_ids": [
        1
      ],
      "costs": [
        0.7009200611929334
      ],
      "trial": 1,
      "walltime": 0.04657125473022461
    },
    {
      "config_ids": [
        3
      ],
      "costs": [
        0.6063772805385029
      ],
      "trial": 8,
      "walltime": 0.7149910926818848
    }
  ],
  "state": {
    "queue": [
      [
        4,
        2
      ]
    ]
  }
}