{
  "stats": {
    "submitted": 10,
    "finished": 10,
    "running": 0
  },
  "data": [
    [
      1,
      null,
      209652396,
      null,
      0.1426110863685608,
      5.218273639678955,
      1,
      1697133442.9528944,
      1697133448.1717684,
      {}
    ],
    [
      1,
      null,
      398764591,
      null,
      0.17004185914993286,
      1.4584784507751465,
      1,
      1697133448.1732566,
      1697133449.6323812,
      {}
    ],
    [
      2,
      null,
      209652396,
      null,
      0.780206635594368,
      4.97969388961792,
      1,
      1697133449.6339304,
      1697133454.614378,
      {}
    ],
    [
      2,
      null,
      398764591,
      null,
      0.7813673764467239,
      4.726014852523804,
      1,
      1697133454.6162133,
      1697133459.3430586,
      {}
    ],
    [
      1,
      null,
      924231285,
      null,
      0.10553556680679321,
      1.59564208984375,
      1,
      1697133459.3451831,
      1697133460.9415796,
      {}
    ],
    [
      3,
      null,
      209652396,
      null,
      0.654571920633316,
      3.5443804264068604,
      1,
      1697133461.0964344,
      1697133464.6414814,
      {}
    ],
    [
      3,
      null,
      398764591,
      null,
      0.6557459533214569,
      3.325068950653076,
      1,
      1697133464.6431696,
      1697133467.9690206,
      {}
    ],
    [
      3,
      null,
      924231285,
      null,
      0.651632159948349,
      3.33953595161438,
      1,
      1697133467.9711082,
      1697133471.311518,
      {}
    ],
    [
      4,
      null,
      209652396,
      null,
      0.6513997316360474,
      2.284449577331543,
      1,
      1697133471.3141608,
      1697133473.5993948,
      {}
    ],
    [
      4,
      null,
      398764591,
      null,
      0.6427983343601227,
      2.5760276317596436,
      1,
      1697133473.6012018,
      1697133476.1779435,
      {}
    ]
  ],
  "configs": {
    "1": {
      "metric": "braycurtis",
      "min_dist": 0.6143590484932065,
      "n_components": 2,
      "n_neighbors": 25
    },
    "2": {
      "metric": "sokalmichener",
      "min_dist": 0.24635735381394624,
      "n_components": 3,
      "n_neighbors": 58
    },
    "3": {
      "metric": "russellrao",
      "min_dist": 0.6083587881888782,
      "n_components": 2,
      "n_neighbors": 31
    },
    "4": {
      "metric": "sokalmichener",
      "min_dist": 0.9451715205673182,
      "n_components": 2,
      "n_neighbors": 12
    }
  },
  "config_origins": {
    "1": "Initial Design: Sobol",
    "2": "Initial Design: Sobol",
    "3": "Acquisition Function Maximizer: Local Search",
    "4": "Acquisition Function Maximizer: Local Search"
  }
}