{
  "incumbent_ids": [
    4
  ],
  "rejected_config_ids": [
    1
  ],
  "incumbents_changed": 2,
  "trajectory": [
    {
      "config_ids": [
        1
      ],
      "costs": [
        0.4014100758803064
      ],
      "trial": 1,
      "walltime": 0.9092543125152588
    },
    {
      "config_ids": [
        4
      ],
      "costs": [
        0.40141007588030636
      ],
      "trial": 11,
      "walltime": 4.097096920013428
    }
  ],
  "state": {
    "queue": []
  }
}