{
  "stats": {
    "submitted": 71,
    "finished": 71,
    "running": 0
  },
  "data": [
    [
      1,
      null,
      209652396,
      null,
      0.4014100758803064,
      0.9069368839263916,
      1,
      1703643449.1288598,
      1703643450.036723,
      {}
    ],
    [
      1,
      null,
      398764591,
      null,
      0.4014100758803064,
      0.6147992610931396,
      1,
      1703643450.0385382,
      1703643450.6542192,
      {}
    ],
    [
      2,
      null,
      209652396,
      null,
      0.531136316942178,
      0.3064141273498535,
      1,
      1703643450.6560109,
      1703643450.9633381,
      {}
    ],
    [
      2,
      null,
      398764591,
      null,
      0.531136316942178,
      0.4151573181152344,
      1,
      1703643450.9649928,
      1703643451.3809993,
      {}
    ],
    [
      1,
      null,
      924231285,
      null,
      0.4014100758803065,
      0.18962454795837402,
      1,
      1703643451.3829691,
      1703643451.5734282,
      {}
    ],
    [
      3,
      null,
      209652396,
      null,
      0.48939149819735517,
      0.4534754753112793,
      1,
      1703643451.576075,
      1703643452.0303855,
      {}
    ],
    [
      3,
      null,
      398764591,
      null,
      0.48939149819735517,
      0.23128819465637207,
      1,
      1703643452.0319824,
      1703643452.2641008,
      {}
    ],
    [
      3,
      null,
      924231285,
      null,
      0.48939149819735517,
      0.3576481342315674,
      1,
      1703643452.265703,
      1703643452.6241648,
      {}
    ],
    [
      4,
      null,
      209652396,
      null,
      0.4014100758803064,
      0.22145986557006836,
      1,
      1703643452.6263285,
      1703643452.8485851,
      {}
    ],
    [
      4,
      null,
      398764591,
      null,
      0.4014100758803063,
      0.16427826881408691,
      1,
      1703643452.8501601,
      1703643453.0152345,
      {}
    ],
    [
      4,
      null,
      924231285,
      null,
      0.4014100758803064,
      0.20659232139587402,
      1,
      1703643453.016813,
      1703643453.2242017,
      {}
    ],
    [
      5,
      null,
      209652396,
      null,
      0.4014100758803064,
      0.19617724418640137,
      1,
      1703643453.226721,
      1703643453.4237018,
      {}
    ],
    [
      5,
      null,
      398764591,
      null,
      0.4014100758803064,
      0.18206286430358887,
      1,
      1703643453.4253962,
      1703643453.6082656,
      {}
    ],
    [
      5,
      null,
      924231285,
      null,
      0.4014100758803064,
      0.26295948028564453,
      1,
      1703643453.6099832,
      1703643453.8737555,
      {}
    ],
    [
      6,
      null,
      209652396,
      null,
      0.4014100758803064,
      0.1565258502960205,
      1,
      1703643454.1194832,
      1703643454.2765517,
      {}
    ],
    [
      6,
      null,
      398764591,
      null,
      0.4014100758803064,
      0.14953398704528809,
      1,
      1703643454.2787483,
      1703643454.429131,
      {}
    ],
    [
      6,
      null,
      924231285,
      null,
      0.4014100758803064,
      0.11736869812011719,
      1,
      1703643454.4311817,
      1703643454.5494049,
      {}
    ],
    [
      7,
      null,
      209652396,
      null,
      0.531136316942178,
      0.1744694709777832,
      1,
      1703643454.5523436,
      1703643454.7276735,
      {}
    ],
    [
      7,
      null,
      398764591,
      null,
      0.531136316942178,
      0.5580880641937256,
      1,
      1703643454.730041,
      1703643455.2890394,
      {}
    ],
    [
      7,
      null,
      924231285,
      null,
      0.531136316942178,
      0.5703437328338623,
      1,
      1703643455.2912514,
      1703643455.862467,
      {}
    ],
    [
      8,
      null,
      209652396,
      null,
      0.531136316942178,
      0.3418769836425781,
      1,
      1703643455.8654006,
      1703643456.2081368,
      {}
    ],
    [
      8,
      null,
      398764591,
      null,
      0.531136316942178,
      0.7620971202850342,
      1,
      1703643456.2104435,
      1703643456.973396,
      {}
    ],
    [
      8,
      null,
      924231285,
      null,
      0.531136316942178,
      0.7016513347625732,
      1,
      1703643456.9762845,
      1703643457.6790352,
      {}
    ],
    [
      9,
      null,
      209652396,
      null,
      0.531136316942178,
      0.48125457763671875,
      1,
      1703643457.681912,
      1703643458.1639388,
      {}
    ],
    [
      9,
      null,
      398764591,
      null,
      0.5311363169421779,
      0.18642020225524902,
      1,
      1703643458.166222,
      1703643458.3534765,
      {}
    ],
    [
      9,
      null,
      924231285,
      null,
      0.531136316942178,
      0.33136796951293945,
      1,
      1703643458.355526,
      1703643458.687684,
      {}
    ],
    [
      10,
      null,
      209652396,
      null,
      0.531136316942178,
      0.224656343460083,
      1,
      1703643458.6904945,
      1703643458.915936,
      {}
    ],
    [
      10,
      null,
      398764591,
      null,
      0.531136316942178,
      0.26605749130249023,
      1,
      1703643458.918051,
      1703643459.1848943,
      {}
    ],
    [
      10,
      null,
      924231285,
      null,
      0.531136316942178,
      0.32820892333984375,
      1,
      1703643459.187016,
      1703643459.5160098,
      {}
    ],
    [
      11,
      null,
      209652396,
      null,
      0.48939149819735517,
      0.2108161449432373,
      1,
      1703643459.5189884,
      1703643459.7305956,
      {}
    ],
    [
      11,
      null,
      398764591,
      null,
      0.48939149819735517,
      0.3842427730560303,
      1,
      1703643459.7327569,
      1703643460.1177871,
      {}
    ],
    [
      11,
      null,
      924231285,
      null,
      0.48939149819735517,
      0.3760490417480469,
      1,
      1703643460.1200275,
      1703643460.4968898,
      {}
    ],
    [
      12,
      null,
      209652396,
      null,
      0.48939149819735517,
      0.3757288455963135,
      1,
      1703643460.4999382,
      1703643460.8764617,
      {}
    ],
    [
      12,
      null,
      398764591,
      null,
      0.48939149819735517,
      0.7847156524658203,
      1,
      1703643460.8787444,
      1703643461.6642628,
      {}
    ],
    [
      12,
      null,
      924231285,
      null,
      0.48939149819735517,
      0.6063389778137207,
      1,
      1703643461.6666021,
      1703643462.2737293,
      {}
    ],
    [
      13,
      null,
      209652396,
      null,
      0.48939149819735517,
      0.33771848678588867,
      1,
      1703643462.2768474,
      1703643462.6153514,
      {}
    ],
    [
      13,
      null,
      398764591,
      null,
      0.48939149819735517,
      0.260298490524292,
      1,
      1703643462.620003,
      1703643462.8810983,
      {}
    ],
    [
      13,
      null,
      924231285,
      null,
      0.48939149819735517,
      0.1687641143798828,
      1,
      1703643462.8834682,
      1703643463.053013,
      {}
    ],
    [
      14,
      null,
      209652396,
      null,
      0.4014100758803065,
      0.432157039642334,
      1,
      1703643463.3251011,
      1703643463.757849,
      {}
    ],
    [
      14,
      null,
      398764591,
      null,
      0.4014100758803064,
      0.3317272663116455,
      1,
      1703643463.760835,
      1703643464.0934613,
      {}
    ],
    [
      14,
      null,
      924231285,
      null,
      0.4014100758803064,
      0.5156528949737549,
      1,
      1703643464.0958626,
      1703643464.6123056,
      {}
    ],
    [
      15,
      null,
      209652396,
      null,
      0.4014100758803064,
      0.2639124393463135,
      1,
      1703643464.6157694,
      1703643464.8804667,
      {}
    ],
    [
      15,
      null,
      398764591,
      null,
      0.4014100758803064,
      0.5068295001983643,
      1,
