{
  "stats": {
    "submitted": 10,
    "finished": 10,
    "running": 0
  },
  "data": [
    [
      1,
      null,
      209652396,
      null,
      0.5761376470824107,
      0.04226565361022949,
      1,
      1694795543.1203148,
      1694795543.1631672,
      {}
    ],
    [
      1,
      null,
      398764591,
      null,
      0.5761376470824129,
      0.042012929916381836,
      1,
      1694795543.1648536,
      1694795543.2074685,
      {}
    ],
    [
      2,
      null,
      209652396,
      null,
      0.702661858792134,
      0.04125404357910156,
      1,
      1694795543.208988,
      1694795543.2508473,
      {}
    ],
    [
      2,
      null,
      398764591,
      null,
      0.7026618587921345,
      0.04111909866333008,
      1,
      1694795543.2522016,
      1694795543.2939088,
      {}
    ],
    [
      1,
      null,
      924231285,
      null,
      0.5761376470824099,
      0.04184865951538086,
      1,
      1694795543.2956038,
      1694795543.3380442,
      {}
    ],
    [
      3,
      null,
      209652396,
      null,
      0.7340129501014017,
      0.043105125427246094,
      1,
      1694795543.4378521,
      1694795543.4818275,
      {}
    ],
    [
      3,
      null,
      398764591,
      null,
      0.7340129501014033,
      0.041051387786865234,
      1,
      1694795543.483646,
      1694795543.5252957,
      {}
    ],
    [
      3,
      null,
      924231285,
      null,
      0.7340129501014037,
      0.04131960868835449,
      1,
      1694795543.5267375,
      1694795543.5686426,
      {}
    ],
    [
      4,
      null,
      209652396,
      null,
      0.7340129501014045,
      0.04204106330871582,
      1,
      1694795543.570651,
      1694795543.6132884,
      {}
    ],
    [
      4,
      null,
      398764591,
      null,
      0.7340129501014047,
      0.041876792907714844,
      1,
      1694795543.6148114,
      1694795543.6572924,
      {}
    ]
  ],
  "configs": {
    "1": {
      "n_components": 2,
      "n_iter": 6,
      "n_oversamples": 3,
      "power_iteration_normalizer": "auto"
    },
    "2": {
      "n_components": 4,
      "n_iter": 4,
      "n_oversamples": 8,
      "power_iteration_normalizer": "OR"
    },
    "3": {
      "n_components": 3,
      "n_iter": 7,
      "n_oversamples": 10,
      "power_iteration_normalizer": "OR"
    },
    "4": {
      "n_components": 3,
      "n_iter": 6,
      "n_oversamples": 10,
      "power_iteration_normalizer": "auto"
    }
  },
  "config_origins": {
    "1": "Initial Design: Sobol",
    "2": "Initial Design: Sobol",
    "3": "Acquisition Function Maximizer: Random Search (sorted)",
    "4": "Acquisition Function Maximizer: Random Search (sorted)"
  }
}