{
  "stats": {
    "submitted": 10,
    "finished": 10,
    "running": 0
  },
  "data": [
    [
      1,
      null,
      209652396,
      null,
      0.30311875774343733,
      0.2630913257598877,
      1,
      1695831073.0187206,
      1695831073.2831402,
      {}
    ],
    [
      1,
      null,
      398764591,
      null,
      0.30311875774343733,
      0.10890483856201172,
      1,
      1695831073.2864034,
      1695831073.3966012,
      {}
    ],
    [
      2,
      null,
      209652396,
      null,
      0.30311924396746337,
      0.11201906204223633,
      1,
      1695831073.399665,
      1695831073.5130038,
      {}
    ],
    [
      2,
      null,
      398764591,
      null,
      0.30311924396746337,
      0.11136460304260254,
      1,
      1695831073.5158284,
      1695831073.6285079,
      {}
    ],
    [
      1,
      null,
      924231285,
      null,
      0.30311875774343733,
      0.10868453979492188,
      1,
      1695831073.6319032,
      1695831073.7419012,
      {}
    ],
    [
      3,
      null,
      209652396,
      null,
      0.30311922269769387,
      0.10819625854492188,
      1,
      1695831073.9966989,
      1695831074.1061318,
      {}
    ],
    [
      3,
      null,
      398764591,
      null,
      0.303119222697694,
      0.1086275577545166,
      1,
      1695831074.1090991,
      1695831074.218977,
      {}
    ],
    [
      3,
      null,
      924231285,
      null,
      0.30311922269769276,
      0.10913825035095215,
      1,
      1695831074.2220335,
      1695831074.3324153,
      {}
    ],
    [
      4,
      null,
      209652396,
      null,
      0.30311923614669845,
      0.10953807830810547,
      1,
      1695831074.3364136,
      1695831074.447207,
      {}
    ],
    [
      4,
      null,
      398764591,
      null,
      0.30311923614669856,
      0.11654067039489746,
      1,
      1695831074.4503698,
      1695831074.5681944,
      {}
    ]
  ],
  "configs": {
    "1": {
      "n_components": 9,
      "n_iter": 6,
      "n_oversamples": 3,
      "power_iteration_normalizer": "auto"
    },
    "2": {
      "n_components": 26,
      "n_iter": 4,
      "n_oversamples": 8,
      "power_iteration_normalizer": "OR"
    },
    "3": {
      "n_components": 13,
      "n_iter": 6,
      "n_oversamples": 3,
      "power_iteration_normalizer": "auto"
    },
    "4": {
      "n_components": 15,
      "n_iter": 6,
      "n_oversamples": 4,
      "power_iteration_normalizer": "auto"
    }
  },
  "config_origins": {
    "1": "Initial Design: Sobol",
    "2": "Initial Design: Sobol",
    "3": "Acquisition Function Maximizer: Local Search",
    "4": "Acquisition Function Maximizer: Local Search"
  }
}