{
  "stats": {
    "submitted": 10,
    "finished": 10,
    "running": 0
  },
  "data": [
    [
      1,
      null,
      209652396,
      null,
      0.6236785134516001,
      1.8528552055358887,
      1,
      1694796932.673537,
      1694796934.5276608,
      {}
    ],
    [
      1,
      null,
      398764591,
      null,
      0.6236785134516003,
      1.8464159965515137,
      1,
      1694796934.5305755,
      1694796936.3782282,
      {}
    ],
    [
      2,
      null,
      209652396,
      null,
      0.7026618588133342,
      0.7231836318969727,
      1,
      1694796936.3810399,
      1694796937.1054018,
      {}
    ],
    [
      2,
      null,
      398764591,
      null,
      0.7170742935030818,
      0.6970994472503662,
      1,
      1694796937.1079752,
      1694796937.8063395,
      {}
    ],
    [
      1,
      null,
      924231285,
      null,
      0.6236785134516005,
      1.750072717666626,
      1,
      1694796937.809643,
      1694796939.561359,
      {}
    ],
    [
      3,
      null,
      209652396,
      null,
      0.6242516444440077,
      0.6323211193084717,
      1,
      1694796939.8087504,
      1694796940.4423165,
      {}
    ],
    [
      3,
      null,
      398764591,
      null,
      0.6242516444440078,
      0.6605556011199951,
      1,
      1694796940.4450305,
      1694796941.10685,
      {}
    ],
    [
      3,
      null,
      924231285,
      null,
      0.6242516444440077,
      0.6780502796173096,
      1,
      1694796941.1096897,
      1694796941.789077,
      {}
    ],
    [
      4,
      null,
      209652396,
      null,
      0.6244980983952195,
      0.6771278381347656,
      1,
      1694796941.7935874,
      1694796942.4721348,
      {}
    ],
    [
      4,
      null,
      398764591,
      null,
      0.6244980983952193,
      0.6583256721496582,
      1,
      1694796942.4747267,
      1694796943.134205,
      {}
    ]
  ],
  "configs": {
    "1": {
      "alpha": 0.34019066896289585,
      "batch_size": 4,
      "method": "lars",
      "n_components": 2,
      "ridge_alpha": 0.08752058510668576
    },
    "2": {
      "alpha": 0.9592367018572986,
      "batch_size": 3,
      "method": "cd",
      "n_components": 4,
      "ridge_alpha": 0.010323922336101533
    },
    "3": {
      "alpha": 0.4964812782021546,
      "batch_size": 4,
      "method": "cd",
      "n_components": 2,
      "ridge_alpha": 0.0733602613968808
    },
    "4": {
      "alpha": 0.6028093703945043,
      "batch_size": 5,
      "method": "cd",
      "n_components": 2,
      "ridge_alpha": 0.071723254671478
    }
  },
  "config_origins": {
    "1": "Initial Design: Sobol",
    "2": "Initial Design: Sobol",
    "3": "Acquisition Function Maximizer: Local Search",
    "4": "Acquisition Function Maximizer: Local Search"
  }
}