{
  "stats": {
    "submitted": 77,
    "finished": 77,
    "running": 0
  },
  "data": [
    [
      1,
      null,
      209652396,
      null,
      0.7795149778619561,
      1.1614534854888916,
      1,
      1703626149.4943876,
      1703626150.6566513,
      {}
    ],
    [
      1,
      null,
      398764591,
      null,
      0.7795150641518347,
      3.8325250148773193,
      1,
      1703626150.6585925,
      1703626154.4919586,
      {}
    ],
    [
      2,
      null,
      209652396,
      null,
      0.5306709534908733,
      2.601407289505005,
      1,
      1703626154.522454,
      1703626157.1246886,
      {}
    ],
    [
      2,
      null,
      398764591,
      null,
      0.5306698473062146,
      2.1962366104125977,
      1,
      1703626157.126332,
      1703626159.323398,
      {}
    ],
    [
      2,
      null,
      924231285,
      null,
      0.5306741670851183,
      1.0893206596374512,
      1,
      1703626159.3257592,
      1703626160.4158974,
      {}
    ],
    [
      3,
      null,
      209652396,
      null,
      0.5039038632802202,
      1.0337376594543457,
      1,
      1703626160.4179804,
      1703626161.452552,
      {}
    ],
    [
      3,
      null,
      398764591,
      null,
      0.5039038632802197,
      0.665454626083374,
      1,
      1703626161.454314,
      1703626162.1205769,
      {}
    ],
    [
      3,
      null,
      924231285,
      null,
      0.5039038632802195,
      0.8904368877410889,
      1,
      1703626162.1223366,
      1703626163.0135899,
      {}
    ],
    [
      4,
      null,
      209652396,
      null,
      0.9466325219387589,
      1.0864546298980713,
      1,
      1703626163.0162132,
      1703626164.112199,
      {}
    ],
    [
      4,
      null,
      398764591,
      null,
      0.9466326963636198,
      0.6305842399597168,
      1,
      1703626164.1140213,
      1703626164.745393,
      {}
    ],
    [
      4,
      null,
      924231285,
      null,
      0.9466324380936691,
      0.22777318954467773,
      1,
      1703626164.7471528,
      1703626164.975706,
      {}
    ],
    [
      5,
      null,
      209652396,
      null,
      0.9541185207289825,
      0.9528717994689941,
      1,
      1703626164.9780178,
      1703626165.9316726,
      {}
    ],
    [
      5,
      null,
      398764591,
      null,
      0.9541195038751266,
      1.2704734802246094,
      1,
      1703626165.9337077,
      1703626167.2049854,
      {}
    ],
    [
      5,
      null,
      924231285,
      null,
      0.9541192316120425,
      1.2049481868743896,
      1,
      1703626167.2069116,
      1703626168.4126563,
      {}
    ],
    [
      6,
      null,
      209652396,
      null,
      0.45424228583556037,
      0.8549654483795166,
      1,
      1703626168.6342132,
      1703626169.4897149,
      {}
    ],
    [
      6,
      null,
      398764591,
      null,
      0.45424228583558157,
      3.581465482711792,
      1,
      1703626169.491698,
      1703626173.0739627,
      {}
    ],
    [
      6,
      null,
      924231285,
      null,
      0.45424228583556314,
      1.39064621925354,
      1,
      1703626173.076044,
      1703626174.467507,
      {}
    ],
    [
      7,
      null,
      209652396,
      null,
      0.0030898749719131535,
      0.9421100616455078,
      1,
      1703626174.471053,
      1703626175.413941,
      {}
    ],
    [
      7,
      null,
      398764591,
      null,
      0.0030898749719131535,
      1.3050963878631592,
      1,
      1703626175.4159422,
      1703626176.7218304,
      {}
    ],
    [
      7,
      null,
      924231285,
      null,
      0.0030898749719131535,
      0.8939440250396729,
      1,
      1703626176.7244363,
      1703626177.6285884,
      {}
    ],
    [
      8,
      null,
      209652396,
      null,
      0.5039040647173127,
      0.6030335426330566,
      1,
      1703626177.63175,
      1703626178.235605,
      {}
    ],
    [
      8,
      null,
      398764591,
      null,
      0.5039020956733069,
      0.8989400863647461,
      1,
      1703626178.244124,
      1703626179.1461334,
      {}
    ],
    [
      8,
      null,
      924231285,
      null,
      0.5039033668924913,
      0.7553508281707764,
      1,
      1703626179.1484032,
      1703626179.9126124,
      {}
    ],
    [
      9,
      null,
      209652396,
      null,
      0.5198065255143437,
      1.1818733215332031,
      1,
      1703626179.915639,
      1703626181.0983396,
      {}
    ],
    [
      9,
      null,
      398764591,
      null,
      0.5198065255143479,
      0.8224966526031494,
      1,
      1703626181.1006358,
      1703626181.9239454,
      {}
    ],
    [
      9,
      null,
      924231285,
      null,
      0.5198065255143555,
      0.857079029083252,
      1,
      1703626181.9263213,
      1703626182.7842102,
      {}
    ],
    [
      10,
      null,
      209652396,
      null,
      0.5306706589802207,
      1.7158970832824707,
      1,
      1703626182.787228,
      1703626184.50393,
      {}
    ],
    [
      10,
      null,
      398764591,
      null,
      0.5306706589802159,
      3.238285541534424,
      1,
      1703626184.5143344,
      1703626187.753441,
      {}
    ],
    [
      10,
      null,
      924231285,
      null,
      0.5306706589802147,
      1.341139793395996,
      1,
      1703626187.7561314,
      1703626189.1071723,
      {}
    ],
    [
      11,
      null,
      209652396,
      null,
      0.5178673383985046,
      1.4553248882293701,
      1,
      1703626189.1104138,
      1703626190.5665903,
      {}
    ],
    [
      11,
      null,
      398764591,
      null,
      0.5178673383985033,
      1.9405312538146973,
      1,
      1703626190.581546,
      1703626192.5229394,
      {}
    ],
    [
      11,
      null,
      924231285,
      null,
      0.5178673383984924,
      1.476405382156372,
      1,
      1703626192.5255518,
      1703626194.0028663,
      {}
    ],
    [
      12,
      null,
      209652396,
      null,
      0.8612607834300008,
      1.539050817489624,
      1,
      1703626194.0169399,
      1703626195.5568337,
      {}
    ],
    [
      12,
      null,
      398764591,
      null,
      0.8612606532299327,
      1.5391168594360352,
      1,
      1703626195.5603085,
      1703626197.1030564,
      {}
    ],
    [
      12,
      null,
      924231285,
      null,
      0.8612606089989983,
      1.2894883155822754,
      1,
      1703626197.1127205,
      1703626198.403925,
      {}
    ],
    [
      13,
      null,
      209652396,
      null,
      0.3648742830157359,
      0.9057559967041016,
      1,
      1703626198.407619,
      1703626199.314195,
      {}
    ],
    [
      13,
      null,
      398764591,
      null,
      0.3648742830157312,
      1.1293408870697021,
      1,
      1703626199.316933,
      1703626200.4471033,
      {}
    ],
    [
      13,
      null,
      924231285,
      null,
      0.3648742830157311,
      1.070563554763794,
      1,
      1703626200.4498234,
      1703626201.5212018,
      {}
    ],
    [
      14,
      null,
      209652396,
      null,
      0.9169760156695823,
      0.8663220405578613,
      1,
      1703626201.5387409,
      1703626202.4058807,
      {}
    ],
    [
      14,
      null,
      398764591,
      null,
      0.9169759326254953,
      1.024261713027954,
      1,
      1703626202.4148636,
      1703626203.4399548,
      {}
    ],
    [
      14,
      null,
      924231285,
      null,
      0.9169758969191357,
      1.041529655456543,
      1,
      1703626203.4427505,
      1703626204.4851,
      {}
    ],
    [
      15,
      null,
      209652396,
      null,
      0.6337625643387361,
      1.9807209968566895,
      1,
      1703626204.7553906,
      1703626206.73688,
      {}
    ],
    [
      15,
      null,
      398764591,
      null,
      0.6337623879369105,
      1.395824909210205,
      1,
      1703626206.73981,
