{
  "stats": {
    "submitted": 10,
    "finished": 10,
    "running": 0
  },
  "data": [
    [
      1,
      null,
      209652396,
      null,
      0.06001945082821725,
      0.0680389404296875,
      1,
      1697133415.7498167,
      1697133415.8184156,
      {}
    ],
    [
      1,
      null,
      398764591,
      null,
      0.06001945082821725,
      0.06557369232177734,
      1,
      1697133415.8198104,
      1697133415.8859193,
      {}
    ],
    [
      2,
      null,
      209652396,
      null,
      0.13726694305827125,
      0.1314547061920166,
      1,
      1697133415.8872676,
      1697133416.0192623,
      {}
    ],
    [
      2,
      null,
      398764591,
      null,
      0.13726694305827125,
      0.12961721420288086,
      1,
      1697133416.0205567,
      1697133416.1507287,
      {}
    ],
    [
      1,
      null,
      924231285,
      null,
      0.06001945082821725,
      0.06640267372131348,
      1,
      1697133416.1523616,
      1697133416.2193146,
      {}
    ],
    [
      3,
      null,
      209652396,
      null,
      0.1321441547619875,
      0.12848114967346191,
      1,
      1697133416.3390613,
      1697133416.4685373,
      {}
    ],
    [
      3,
      null,
      398764591,
      null,
      0.1321441547619875,
      0.11902618408203125,
      1,
      1697133416.4705486,
      1697133416.5905602,
      {}
    ],
    [
      3,
      null,
      924231285,
      null,
      0.1321441547619875,
      0.11901998519897461,
      1,
      1697133416.5919204,
      1697133416.7114885,
      {}
    ],
    [
      4,
      null,
      209652396,
      null,
      0.11617165072738245,
      0.17092561721801758,
      1,
      1697133416.7133708,
      1697133416.8848486,
      {}
    ],
    [
      4,
      null,
      398764591,
      null,
      0.11617165072738245,
      0.16937255859375,
      1,
      1697133416.886273,
      1697133417.056199,
      {}
    ]
  ],
  "configs": {
    "1": {
      "alpha": 0.34019066896289585,
      "method": "cd",
      "n_components": 2,
      "ridge_alpha": 0.029059861330315476
    },
    "2": {
      "alpha": 0.8744391072541475,
      "method": "lars",
      "n_components": 7,
      "ridge_alpha": 0.06035465487278999
    },
    "3": {
      "alpha": 0.6415189160373175,
      "method": "cd",
      "n_components": 5,
      "ridge_alpha": 0.05123945454602931
    },
    "4": {
      "alpha": 0.7550239031176156,
      "method": "cd",
      "n_components": 4,
      "ridge_alpha": 0.04339528638814179
    }
  },
  "config_origins": {
    "1": "Initial Design: Sobol",
    "2": "Initial Design: Sobol",
    "3": "Acquisition Function Maximizer: Local Search",
    "4": "Acquisition Function Maximizer: Local Search"
  }
}