{
  "stats": {
    "submitted": 56,
    "finished": 56,
    "running": 0
  },
  "data": [
    [
      1,
      null,
      209652396,
      null,
      0.6356709196185035,
      1.3743293285369873,
      1,
      1703648510.3578765,
      1703648511.7333755,
      {}
    ],
    [
      1,
      null,
      398764591,
      null,
      0.6356709196185035,
      0.7035157680511475,
      1,
      1703648511.7352161,
      1703648512.4396398,
      {}
    ],
    [
      2,
      null,
      209652396,
      null,
      0.7455241768371059,
      0.4023714065551758,
      1,
      1703648512.441475,
      1703648512.84475,
      {}
    ],
    [
      2,
      null,
      398764591,
      null,
      0.7455241768371058,
      1.3839960098266602,
      1,
      1703648512.8463936,
      1703648514.231272,
      {}
    ],
    [
      1,
      null,
      924231285,
      null,
      0.6356709196185035,
      0.556161642074585,
      1,
      1703648514.233455,
      1703648514.7905393,
      {}
    ],
    [
      3,
      null,
      209652396,
      null,
      0.6356709196185035,
      0.6909737586975098,
      1,
      1703648514.8025794,
      1703648515.4949884,
      {}
    ],
    [
      3,
      null,
      398764591,
      null,
      0.6356709196185035,
      1.0093042850494385,
      1,
      1703648515.496824,
      1703648516.5070279,
      {}
    ],
    [
      3,
      null,
      924231285,
      null,
      0.6356709196185035,
      0.5253372192382812,
      1,
      1703648516.508849,
      1703648517.0350642,
      {}
    ],
    [
      4,
      null,
      209652396,
      null,
      0.7455241768371059,
      0.29552173614501953,
      1,
      1703648517.0400553,
      1703648517.3364444,
      {}
    ],
    [
      4,
      null,
      398764591,
      null,
      0.7455241768371059,
      0.5225510597229004,
      1,
      1703648517.3383174,
      1703648517.8617482,
      {}
    ],
    [
      4,
      null,
      924231285,
      null,
      0.7455241768371057,
      0.44611501693725586,
      1,
      1703648517.8636644,
      1703648518.3108451,
      {}
    ],
    [
      5,
      null,
      209652396,
      null,
      0.7455241768371057,
      0.7479217052459717,
      1,
      1703648518.31333,
      1703648519.0621235,
      {}
    ],
    [
      5,
      null,
      398764591,
      null,
      0.7455241768370966,
      1.508967638015747,
      1,
      1703648519.064156,
      1703648520.5777915,
      {}
    ],
    [
      5,
      null,
      924231285,
      null,
      0.7455241768371037,
      0.998708963394165,
      1,
      1703648520.5814762,
      1703648521.5810568,
      {}
    ],
    [
      6,
      null,
      209652396,
      null,
      0.6356709196185041,
      0.761509895324707,
      1,
      1703648521.6855965,
      1703648522.4479673,
      {}
    ],
    [
      6,
      null,
      398764591,
      null,
      0.635670919618504,
      0.849668025970459,
      1,
      1703648522.4500642,
      1703648523.30063,
      {}
    ],
    [
      6,
      null,
      924231285,
      null,
      0.6356709196185041,
      2.4819846153259277,
      1,
      1703648523.3027716,
      1703648525.785721,
      {}
    ],
    [
      7,
      null,
      209652396,
      null,
      0.6356709196185041,
      0.48802995681762695,
      1,
      1703648525.7934082,
      1703648526.2824392,
      {}
    ],
    [
      7,
      null,
      398764591,
      null,
      0.635670919618504,
      0.43277692794799805,
      1,
      1703648526.2848153,
      1703648526.7185054,
      {}
    ],
    [
      7,
      null,
      924231285,
      null,
      0.6356709196185041,
      0.8118419647216797,
      1,
      1703648526.7211704,
      1703648527.5339208,
      {}
    ],
    [
      8,
      null,
      209652396,
      null,
      0.7455241768371057,
      1.629906177520752,
      1,
      1703648527.540944,
      1703648529.1717436,
      {}
    ],
    [
      8,
      null,
      398764591,
      null,
      0.7455241768371057,
      1.573582410812378,
      1,
      1703648529.174156,
      1703648530.7487063,
      {}
    ],
    [
      8,
      null,
      924231285,
      null,
      0.7455241768371057,
      1.3719606399536133,
      1,
      1703648530.7509727,
      1703648532.1238277,
      {}
    ],
    [
      9,
      null,
      209652396,
      null,
      0.7455241768371057,
      1.566425085067749,
      1,
      1703648532.126965,
      1703648533.6942506,
      {}
    ],
    [
      9,
      null,
      398764591,
      null,
      0.7455241768371057,
      1.788285493850708,
      1,
      1703648533.6965947,
      1703648535.4860988,
      {}
    ],
    [
      9,
      null,
      924231285,
      null,
      0.7455241768371057,
      1.8566794395446777,
      1,
      1703648535.4915426,
      1703648537.3493037,
      {}
    ],
    [
      10,
      null,
      209652396,
      null,
      0.7455241768371037,
      0.7970461845397949,
      1,
      1703648537.355113,
      1703648538.1531072,
      {}
    ],
    [
      10,
      null,
      398764591,
      null,
      0.7455241768371056,
      2.078866481781006,
      1,
      1703648538.1564105,
      1703648540.2364638,
      {}
    ],
    [
      10,
      null,
      924231285,
      null,
      0.7455241768371038,
      0.5596404075622559,
      1,
      1703648540.2390442,
      1703648540.7996292,
      {}
    ],
    [
      11,
      null,
      209652396,
      null,
      0.7455241768371057,
      0.8022940158843994,
      1,
      1703648540.8146014,
      1703648541.617952,
      {}
    ],
    [
      11,
      null,
      398764591,
      null,
      0.7455241768371057,
      0.7857282161712646,
      1,
      1703648541.6204576,
      1703648542.4070702,
      {}
    ],
    [
      11,
      null,
      924231285,
      null,
      0.7455241768371057,
      1.8848395347595215,
      1,
      1703648542.420501,
      1703648544.3062558,
      {}
    ],
    [
      12,
      null,
      209652396,
      null,
      0.6356709196185035,
      0.3708064556121826,
      1,
      1703648544.3099864,
      1703648544.6816463,
      {}
    ],
    [
      12,
      null,
      398764591,
      null,
      0.6356709196185035,
      0.2218153476715088,
      1,
      1703648544.6842082,
      1703648544.906907,
      {}
    ],
    [
      12,
      null,
      924231285,
      null,
      0.6356709196185035,
      0.15352511405944824,
      1,
      1703648544.9122696,
      1703648545.0666404,
      {}
    ],
    [
      13,
      null,
      209652396,
      null,
      0.7455241768371058,
      0.24311542510986328,
      1,
      1703648545.0699553,
      1703648545.3139184,
      {}
    ],
    [
      13,
      null,
      398764591,
      null,
      0.7455241768371059,
      0.9025723934173584,
      1,
      1703648545.3164392,
      1703648546.2198877,
      {}
    ],
    [
      13,
      null,
      924231285,
      null,
      0.7455241768371059,
      0.6224086284637451,
      1,
      1703648546.222548,
      1703648546.845841,
      {}
    ],
    [
      14,
      null,
      209652396,
      null,
      0.6356709196185041,
      0.6488468647003174,
      1,
      1703648546.8535805,
      1703648547.5032656,
      {}
    ],
    [
      14,
      null,
      398764591,
      null,
      0.6356709196185041,
      0.4042985439300537,
      1,
      1703648547.507416,
      1703648547.9125254,
      {}
    ],
    [
      14,
      null,
      924231285,
      null,
      0.6356709196185041,
      0.21583271026611328,
      1,
      1703648547.9149036,
      1703648548.1315343,
      {}
    ],
    [
      15,
      null,
      209652396,
      null,
      0.7455241768371044,
      0.3974118232727051,
      1,
      1703648548.1354258,
      1703648548.5336435,
      {}
    ],
    [
      15,
      null,
      398764591,
      null,
      0.7455241768371058,
      0.9608087539672852,
      1,
      1703648548.5360742,
