{
  "stats": {
    "submitted": 10,
    "finished": 10,
    "running": 0
  },
  "data": [
    [
      1,
      null,
      209652396,
      null,
      0.5591752894307541,
      0.034188032150268555,
      1,
      1696443515.9762547,
      1696443516.0109713,
      {}
    ],
    [
      1,
      null,
      398764591,
      null,
      0.5591752894307541,
      0.033396005630493164,
      1,
      1696443516.0123844,
      1696443516.046317,
      {}
    ],
    [
      2,
      null,
      209652396,
      null,
      0.5591752894307541,
      0.03328371047973633,
      1,
      1696443516.0477595,
      1696443516.0815778,
      {}
    ],
    [
      2,
      null,
      398764591,
      null,
      0.5591752894307541,
      0.03380918502807617,
      1,
      1696443516.0829391,
      1696443516.1173003,
      {}
    ],
    [
      1,
      null,
      924231285,
      null,
      0.5591752894307541,
      0.03377938270568848,
      1,
      1696443516.118902,
      1696443516.1532223,
      {}
    ],
    [
      3,
      null,
      209652396,
      null,
      0.5591752894307541,
      0.03342008590698242,
      1,
      1696443516.23742,
      1696443516.2713835,
      {}
    ],
    [
      3,
      null,
      398764591,
      null,
      0.5591752894307541,
      0.032756805419921875,
      1,
      1696443516.2728264,
      1696443516.306132,
      {}
    ],
    [
      3,
      null,
      924231285,
      null,
      0.5591752894307541,
      0.0326228141784668,
      1,
      1696443516.3075542,
      1696443516.3407197,
      {}
    ],
    [
      4,
      null,
      209652396,
      null,
      0.5591752894307541,
      0.03335714340209961,
      1,
      1696443516.3425488,
      1696443516.3764398,
      {}
    ],
    [
      4,
      null,
      398764591,
      null,
      0.5591752894307541,
      0.033289194107055664,
      1,
      1696443516.3778977,
      1696443516.4117177,
      {}
    ]
  ],
  "configs": {
    "1": {
      "batch_size": 98,
      "n_components": 12
    },
    "2": {
      "batch_size": 109,
      "n_components": 5
    },
    "3": {
      "batch_size": 117,
      "n_components": 3
    },
    "4": {
      "batch_size": 112,
      "n_components": 8
    }
  },
  "config_origins": {
    "1": "Initial Design: Sobol",
    "2": "Initial Design: Sobol",
    "3": "Acquisition Function Maximizer: Random Search (sorted)",
    "4": "Acquisition Function Maximizer: Random Search (sorted)"
  }
}