{
  "incumbent_ids": [
    3
  ],
  "rejected_config_ids": [
    1,
    2
  ],
  "incumbents_changed": 3,
  "trajectory": [
    {
      "config_ids": [
        1
      ],
      "costs": [
        0.40186315215609725
      ],
      "trial": 1,
      "walltime": 0.13148140907287598
    },
    {
      "config_ids": [
        2
      ],
      "costs": [
        0.3937143514660638
      ],
      "trial": 4,
      "walltime": 0.4280085563659668
    },
    {
      "config_ids": [
        3
      ],
      "costs": [
        0.3930817961924961
      ],
      "trial": 8,
      "walltime": 1.4549171924591064
    }
  ],
  "state": {
    "queue": [
      [
        4,
        2
      ]
    ]
  }
}