{
  "stats": {
    "submitted": 10,
    "finished": 10,
    "running": 0
  },
  "data": [
    [
      1,
      null,
      209652396,
      null,
      0.40186315215609725,
      0.12942051887512207,
      1,
      1695830650.3930929,
      1695830650.5232794,
      {}
    ],
    [
      1,
      null,
      398764591,
      null,
      0.3944293479408796,
      0.08382773399353027,
      1,
      1695830650.525589,
      1695830650.6102176,
      {}
    ],
    [
      2,
      null,
      209652396,
      null,
      0.393714349457166,
      0.10201644897460938,
      1,
      1695830650.612058,
      1695830650.7148235,
      {}
    ],
    [
      2,
      null,
      398764591,
      null,
      0.39371435347496164,
      0.10228943824768066,
      1,
      1695830650.7165494,
      1695830650.8196006,
      {}
    ],
    [
      2,
      null,
      924231285,
      null,
      0.3937143280859605,
      0.10226869583129883,
      1,
      1695830650.8219688,
      1695830650.9251504,
      {}
    ],
    [
      3,
      null,
      209652396,
      null,
      0.39308178500918967,
      0.19430208206176758,
      1,
      1695830651.1967697,
      1695830651.392334,
      {}
    ],
    [
      3,
      null,
      398764591,
      null,
      0.3930818320191317,
      0.22551608085632324,
      1,
      1695830651.3952267,
      1695830651.6219797,
      {}
    ],
    [
      3,
      null,
      924231285,
      null,
      0.393081771549167,
      0.21976757049560547,
      1,
      1695830651.6248279,
      1695830651.8458726,
      {}
    ],
    [
      4,
      null,
      209652396,
      null,
      0.3937572144464354,
      0.22211527824401855,
      1,
      1695830651.850262,
      1695830652.0736353,
      {}
    ],
    [
      4,
      null,
      398764591,
      null,
      0.3937572416694888,
      0.22204041481018066,
      1,
      1695830652.0766861,
      1695830652.3000054,
      {}
    ]
  ],
  "configs": {
    "1": {
      "alpha_W": 0.24019066896289587,
      "batch_size": 1279,
      "beta_loss": "frobenius",
      "init": "random",
      "l1_ratio": 0.7752058510668576,
      "n_components": 3
    },
    "2": {
      "alpha_W": 0.5773453664034606,
      "batch_size": 304,
      "beta_loss": "itakura-saito",
      "init": "nndsvdar",
      "l1_ratio": 0.35275659849867225,
      "n_components": 4
    },
    "3": {
      "alpha_W": 0.8025957007038718,
      "batch_size": 265,
      "beta_loss": "itakura-saito",
      "init": "nndsvdar",
      "l1_ratio": 0.6136382691931351,
      "n_components": 2
    },
    "4": {
      "alpha_W": 0.6561291017288149,
      "batch_size": 419,
      "beta_loss": "itakura-saito",
      "init": "nndsvdar",
      "l1_ratio": 0.48813803456047544,
      "n_components": 3
    }
  },
  "config_origins": {
    "1": "Initial Design: Sobol",
    "2": "Initial Design: Sobol",
    "3": "Acquisition Function Maximizer: Random Search (sorted)",
    "4": "Acquisition Function Maximizer: Local Search"
  }
}