{
  "incumbent_ids": [
    8
  ],
  "rejected_config_ids": [
    1
  ],
  "incumbents_changed": 2,
  "trajectory": [
    {
      "config_ids": [
        1
      ],
      "costs": [
        0.46813931706531053
      ],
      "trial": 1,
      "walltime": 0.37033891677856445
    },
    {
      "config_ids": [
        8
      ],
      "costs": [
        0.46813931706531037
      ],
      "trial": 23,
      "walltime": 4.453262567520142
    }
  ],
  "state": {
    "queue": []
  }
}