{
  "stats": {
    "submitted": 53,
    "finished": 53,
    "running": 0
  },
  "data": [
    [
      1,
      null,
      209652396,
      null,
      0.46813931706531053,
      0.36855149269104004,
      1,
      1703641927.5917153,
      1703641927.9611073,
      {}
    ],
    [
      1,
      null,
      398764591,
      null,
      0.46813931706531053,
      0.6085922718048096,
      1,
      1703641927.9626453,
      1703641928.5720437,
      {}
    ],
    [
      2,
      null,
      209652396,
      null,
      0.704386533990958,
      0.21004438400268555,
      1,
      1703641928.5735822,
      1703641928.784442,
      {}
    ],
    [
      2,
      null,
      398764591,
      null,
      0.7043865339909581,
      0.1232750415802002,
      1,
      1703641928.7859511,
      1703641928.9100592,
      {}
    ],
    [
      1,
      null,
      924231285,
      null,
      0.4681393170653104,
      0.11485886573791504,
      1,
      1703641928.9118996,
      1703641929.027554,
      {}
    ],
    [
      3,
      null,
      209652396,
      null,
      0.6308581692668163,
      0.11544156074523926,
      1,
      1703641929.0292134,
      1703641929.145468,
      {}
    ],
    [
      3,
      null,
      398764591,
      null,
      0.6308581692668163,
      0.12556791305541992,
      1,
      1703641929.1469688,
      1703641929.2733371,
      {}
    ],
    [
      3,
      null,
      924231285,
      null,
      0.6308581692668163,
      0.1041712760925293,
      1,
      1703641929.2748437,
      1703641929.3798094,
      {}
    ],
    [
      4,
      null,
      209652396,
      null,
      0.8046418328383491,
      0.08835291862487793,
      1,
      1703641929.3819246,
      1703641929.4710875,
      {}
    ],
    [
      4,
      null,
      398764591,
      null,
      0.8046418328383489,
      0.10776996612548828,
      1,
      1703641929.4726171,
      1703641929.5811965,
      {}
    ],
    [
      4,
      null,
      924231285,
      null,
      0.8046418328383489,
      0.07312440872192383,
      1,
      1703641929.5827377,
      1703641929.656799,
      {}
    ],
    [
      5,
      null,
      209652396,
      null,
      0.7043865339909582,
      0.11657857894897461,
      1,
      1703641929.6589916,
      1703641929.7763717,
      {}
    ],
    [
      5,
      null,
      398764591,
      null,
      0.704386533990958,
      0.10366034507751465,
      1,
      1703641929.7783208,
      1703641929.8827965,
      {}
    ],
    [
      5,
      null,
      924231285,
      null,
      0.7043865339909581,
      0.1201634407043457,
      1,
      1703641929.8844674,
      1703641930.0054483,
      {}
    ],
    [
      6,
      null,
      209652396,
      null,
      0.4681393170653104,
      0.1602773666381836,
      1,
      1703641930.1686943,
      1703641930.329783,
      {}
    ],
    [
      6,
      null,
      398764591,
      null,
      0.4681393170653104,
      0.15838193893432617,
      1,
      1703641930.331471,
      1703641930.4906397,
      {}
    ],
    [
      6,
      null,
      924231285,
      null,
      0.4681393170653104,
      0.1616966724395752,
      1,
      1703641930.4924498,
      1703641930.6549575,
      {}
    ],
    [
      7,
      null,
      209652396,
      null,
      0.4681393170653104,
      0.20587778091430664,
      1,
      1703641930.657358,
      1703641930.8640401,
      {}
    ],
    [
      7,
      null,
      398764591,
      null,
      0.4681393170653104,
      0.2264878749847412,
      1,
      1703641930.8658528,
      1703641931.0931532,
      {}
    ],
    [
      7,
      null,
      924231285,
      null,
      0.4681393170653104,
      0.19340133666992188,
      1,
      1703641931.0949368,
      1703641931.289141,
      {}
    ],
    [
      8,
      null,
      209652396,
      null,
      0.4681393170653103,
      0.24740862846374512,
      1,
      1703641931.291671,
      1703641931.5398793,
      {}
    ],
    [
      8,
      null,
      398764591,
      null,
      0.4681393170653104,
      0.26205015182495117,
      1,
      1703641931.5417304,
      1703641931.8045833,
      {}
    ],
    [
      8,
      null,
      924231285,
      null,
      0.4681393170653104,
      0.2361917495727539,
      1,
      1703641931.8065555,
      1703641932.0435426,
      {}
    ],
    [
      9,
      null,
      209652396,
      null,
      0.4681393170653104,
      0.2346205711364746,
      1,
      1703641932.0464542,
      1703641932.281868,
      {}
    ],
    [
      9,
      null,
      398764591,
      null,
      0.4681393170653104,
      0.1551513671875,
      1,
      1703641932.2838225,
      1703641932.439775,
      {}
    ],
    [
      9,
      null,
      924231285,
      null,
      0.4681393170653104,
      0.26473069190979004,
      1,
      1703641932.4417784,
      1703641932.707308,
      {}
    ],
    [
      10,
      null,
      209652396,
      null,
      0.4681393170653104,
      0.35094571113586426,
      1,
      1703641932.710022,
      1703641933.0617583,
      {}
    ],
    [
      10,
      null,
      398764591,
      null,
      0.4681393170653104,
      0.15692830085754395,
      1,
      1703641933.0637968,
      1703641933.2215273,
      {}
    ],
    [
      10,
      null,
      924231285,
      null,
      0.4681393170653104,
      0.12474822998046875,
      1,
      1703641933.223622,
      1703641933.3491738,
      {}
    ],
    [
      11,
      null,
      209652396,
      null,
      0.4681393170653104,
      0.198195219039917,
      1,
      1703641933.3521256,
      1703641933.5511131,
      {}
    ],
    [
      11,
      null,
      398764591,
      null,
      0.4681393170653104,
      0.16408729553222656,
      1,
      1703641933.5532806,
      1703641933.7181778,
      {}
    ],
    [
      11,
      null,
      924231285,
      null,
      0.4681393170653103,
      0.15913701057434082,
      1,
      1703641933.7203543,
      1703641933.8803031,
      {}
    ],
    [
      12,
      null,
      209652396,
      null,
      0.4681393170653104,
      0.3285348415374756,
      1,
      1703641933.8832233,
      1703641934.2125516,
      {}
    ],
    [
      12,
      null,
      398764591,
      null,
      0.46813931706531053,
      0.519700288772583,
      1,
      1703641934.2147794,
      1703641934.735285,
      {}
    ],
    [
      12,
      null,
      924231285,
      null,
      0.4681393170653104,
      0.40383076667785645,
      1,
      1703641934.7376122,
      1703641935.1422567,
      {}
    ],
    [
      13,
      null,
      209652396,
      null,
      0.8046418328383489,
      0.21935033798217773,
      1,
      1703641935.1456523,
      1703641935.3657997,
      {}
    ],
    [
      13,
      null,
      398764591,
      null,
      0.8046418328383489,
      0.2944493293762207,
      1,
      1703641935.3680975,
      1703641935.6633465,
      {}
    ],
    [
      13,
      null,
      924231285,
      null,
      0.8046418328383489,
      0.1959829330444336,
      1,
      1703641935.6657166,
      1703641935.862495,
      {}
    ],
    [
      14,
      null,
      209652396,
      null,
      0.8046418328383226,
      0.12362909317016602,
      1,
      1703641936.0242622,
      1703641936.148706,
      {}
    ],
    [
      14,
      null,
      398764591,
      null,
      0.8046418328383227,
      0.12329554557800293,
      1,
      1703641936.1512117,
      1703641936.2753086,
      {}
    ],
    [
      14,
      null,
      924231285,
      null,
      0.8046418328383227,
      0.20453882217407227,
      1,
      1703641936.277793,
      1703641936.4831316,
      {}
    ],
    [
      15,
      null,
      209652396,
      null,
      0.8046418328383227,
      0.2363886833190918,
      1,
      1703641936.4866197,
      1703641936.7238126,
      {}
    ],
    [
      15,
      null,
      398764591,
      null,
      0.8046418328383227,
      0.29569578170776367,
      1,
