{
  "incumbent_ids": [
    3
  ],
  "rejected_config_ids": [
    1,
    2
  ],
  "incumbents_changed": 3,
  "trajectory": [
    {
      "config_ids": [
        1
      ],
      "costs": [
        Infinity
      ],
      "trial": 1,
      "walltime": 0.005300998687744141
    },
    {
      "config_ids": [
        2
      ],
      "costs": [
        0.8091910993497168
      ],
      "trial": 4,
      "walltime": 0.5349373817443848
    },
    {
      "config_ids": [
        3
      ],
      "costs": [
        0.07879595959595964
      ],
      "trial": 8,
      "walltime": 3.6827073097229004
    }
  ],
  "state": {
    "queue": [
      [
        4,
        2
      ]
    ]
  }
}