{
  "stats": {
    "submitted": 10,
    "finished": 10,
    "running": 0
  },
  "data": [
    [
      1,
      null,
      209652396,
      null,
      0.5839998633567254,
      0.058951377868652344,
      1,
      1695829628.55188,
      1695829628.6119556,
      {}
    ],
    [
      1,
      null,
      398764591,
      null,
      0.6245430938645888,
      0.04180479049682617,
      1,
      1695829628.613606,
      1695829628.6560712,
      {}
    ],
    [
      2,
      null,
      209652396,
      null,
      0.463354159087233,
      0.027036666870117188,
      1,
      1695829628.6577163,
      1695829628.68542,
      {}
    ],
    [
      2,
      null,
      398764591,
      null,
      0.4633541591668091,
      0.026605606079101562,
      1,
      1695829628.6869526,
      1695829628.7142174,
      {}
    ],
    [
      2,
      null,
      924231285,
      null,
      0.46335415914213574,
      0.026964426040649414,
      1,
      1695829628.716383,
      1695829628.743997,
      {}
    ],
    [
      3,
      null,
      209652396,
      null,
      0.45715706665189204,
      0.027033329010009766,
      1,
      1695829628.904181,
      1695829628.9318671,
      {}
    ],
    [
      3,
      null,
      398764591,
      null,
      0.45715706441492643,
      0.02662801742553711,
      1,
      1695829628.9335093,
      1695829628.9608004,
      {}
    ],
    [
      3,
      null,
      924231285,
      null,
      0.4571570630969899,
      0.0268862247467041,
      1,
      1695829628.962477,
      1695829628.9900167,
      {}
    ],
    [
      4,
      null,
      209652396,
      null,
      0.4308197852601512,
      0.02738809585571289,
      1,
      1695829628.992596,
      1695829629.0206583,
      {}
    ],
    [
      4,
      null,
      398764591,
      null,
      0.43081978537621624,
      0.027579545974731445,
      1,
      1695829629.0224218,
      1695829629.0506537,
      {}
    ]
  ],
  "configs": {
    "1": {
      "alpha_W": 0.24019066896289587,
      "batch_size": 1279,
      "beta_loss": "frobenius",
      "init": "random",
      "l1_ratio": 0.7752058510668576,
      "n_components": 8
    },
    "2": {
      "alpha_W": 0.5773453664034606,
      "batch_size": 304,
      "beta_loss": "itakura-saito",
      "init": "nndsvdar",
      "l1_ratio": 0.35275659849867225,
      "n_components": 13
    },
    "3": {
      "alpha_W": 0.5182237296574734,
      "batch_size": 1211,
      "beta_loss": "kullback-leibler",
      "init": "nndsvdar",
      "l1_ratio": 0.8129646868892199,
      "n_components": 14
    },
    "4": {
      "alpha_W": 0.535850243504809,
      "batch_size": 235,
      "beta_loss": "itakura-saito",
      "init": "nndsvdar",
      "l1_ratio": 0.8461437265692819,
      "n_components": 14
    }
  },
  "config_origins": {
    "1": "Initial Design: Sobol",
    "2": "Initial Design: Sobol",
    "3": "Acquisition Function Maximizer: Local Search",
    "4": "Acquisition Function Maximizer: Local Search"
  }
}