{
  "incumbent_ids": [
    2
  ],
  "rejected_config_ids": [
    1
  ],
  "incumbents_changed": 2,
  "trajectory": [
    {
      "config_ids": [
        1
      ],
      "costs": [
        0.5591752894307541
      ],
      "trial": 1,
      "walltime": 0.049560546875
    },
    {
      "config_ids": [
        2
      ],
      "costs": [
        0.5402734045476149
      ],
      "trial": 4,
      "walltime": 0.25578832626342773
    }
  ],
  "state": {
    "queue": [
      [
        4,
        2
      ]
    ]
  }
}