{
  "stats": {
    "submitted": 10,
    "finished": 10,
    "running": 0
  },
  "data": [
    [
      1,
      null,
      209652396,
      null,
      0.5591752894307541,
      0.04797244071960449,
      1,
      1696443517.6673403,
      1696443517.7158837,
      {}
    ],
    [
      1,
      null,
      398764591,
      null,
      0.5591752894307541,
      0.04700493812561035,
      1,
      1696443517.7175248,
      1696443517.7651334,
      {}
    ],
    [
      2,
      null,
      209652396,
      null,
      0.5591752894307541,
      0.07619881629943848,
      1,
      1696443517.766753,
      1696443517.8435557,
      {}
    ],
    [
      2,
      null,
      398764591,
      null,
      0.5213715196644756,
      0.07609057426452637,
      1,
      1696443517.8450704,
      1696443517.921762,
      {}
    ],
    [
      2,
      null,
      924231285,
      null,
      0.47362724105697285,
      0.07880496978759766,
      1,
      1696443517.9238439,
      1696443518.0032487,
      {}
    ],
    [
      3,
      null,
      209652396,
      null,
      0.4758191668306704,
      0.08096766471862793,
      1,
      1696443518.122188,
      1696443518.2037473,
      {}
    ],
    [
      3,
      null,
      398764591,
      null,
      0.5591752894307541,
      0.07313656806945801,
      1,
      1696443518.2054222,
      1696443518.2791657,
      {}
    ],
    [
      3,
      null,
      924231285,
      null,
      0.5222739950641093,
      0.10467314720153809,
      1,
      1696443518.280814,
      1696443518.3860896,
      {}
    ],
    [
      4,
      null,
      209652396,
      null,
      0.5591752894307541,
      0.1184837818145752,
      1,
      1696443518.3882034,
      1696443518.5072947,
      {}
    ],
    [
      4,
      null,
      398764591,
      null,
      0.6422608384187859,
      0.09055662155151367,
      1,
      1696443518.5089903,
      1696443518.6001432,
      {}
    ]
  ],
  "configs": {
    "1": {
      "alpha": 0.34019066896289585,
      "method": "cd",
      "n_components": 3,
      "ridge_alpha": 0.029059861330315476
    },
    "2": {
      "alpha": 0.8744391072541475,
      "method": "lars",
      "n_components": 12,
      "ridge_alpha": 0.06035465487278999
    },
    "3": {
      "alpha": 0.9025957007038717,
      "method": "lars",
      "n_components": 15,
      "ridge_alpha": 0.0796810320490795
    },
    "4": {
      "alpha": 0.7436704297351775,
      "method": "lars",
      "n_components": 16,
      "ridge_alpha": 0.06759289191947715
    }
  },
  "config_origins": {
    "1": "Initial Design: Sobol",
    "2": "Initial Design: Sobol",
    "3": "Acquisition Function Maximizer: Random Search (sorted)",
    "4": "Acquisition Function Maximizer: Random Search (sorted)"
  }
}