{
  "incumbent_ids": [
    7
  ],
  "rejected_config_ids": [
    1,
    4,
    6
  ],
  "incumbents_changed": 4,
  "trajectory": [
    {
      "config_ids": [
        1
      ],
      "costs": [
        0.6341992507648939
      ],
      "trial": 1,
      "walltime": 0.7555787563323975
    },
    {
      "config_ids": [
        4
      ],
      "costs": [
        0.43906942784170955
      ],
      "trial": 11,
      "walltime": 8.087836980819702
    },
    {
      "config_ids": [
        6
      ],
      "costs": [
        0.4390691388875024
      ],
      "trial": 17,
      "walltime": 11.917915105819702
    },
    {
      "config_ids": [
        7
      ],
      "costs": [
        0.43880058418904344
      ],
      "trial": 20,
      "walltime": 13.27245020866394
    }
  ],
  "state": {
    "queue": []
  }
}