{
  "stats": {
    "submitted": 50,
    "finished": 50,
    "running": 0
  },
  "data": [
    [
      1,
      null,
      209652396,
      null,
      0.6341992507648939,
      0.753549337387085,
      1,
      1703618345.516496,
      1703618346.2710164,
      {}
    ],
    [
      1,
      null,
      398764591,
      null,
      0.6341992507648939,
      1.2034738063812256,
      1,
      1703618346.2728782,
      1703618347.4773333,
      {}
    ],
    [
      2,
      null,
      209652396,
      null,
      0.7226738255970628,
      0.5677635669708252,
      1,
      1703618347.4790738,
      1703618348.0477865,
      {}
    ],
    [
      2,
      null,
      398764591,
      null,
      0.7226738255970628,
      1.0605578422546387,
      1,
      1703618348.049487,
      1703618349.1109767,
      {}
    ],
    [
      1,
      null,
      924231285,
      null,
      0.6341992507648939,
      0.9216861724853516,
      1,
      1703618349.1127214,
      1703618350.0352788,
      {}
    ],
    [
      3,
      null,
      209652396,
      null,
      0.7000121008564784,
      0.5018353462219238,
      1,
      1703618350.0368912,
      1703618350.53955,
      {}
    ],
    [
      3,
      null,
      398764591,
      null,
      0.7000121008564784,
      0.24251580238342285,
      1,
      1703618350.5426843,
      1703618350.7860298,
      {}
    ],
    [
      3,
      null,
      924231285,
      null,
      0.7000121008564784,
      0.3870229721069336,
      1,
      1703618350.787543,
      1703618351.1778934,
      {}
    ],
    [
      4,
      null,
      209652396,
      null,
      0.43906942784170955,
      0.8000452518463135,
      1,
      1703618351.1799316,
      1703618351.980824,
      {}
    ],
    [
      4,
      null,
      398764591,
      null,
      0.43906942784170955,
      0.7549455165863037,
      1,
      1703618351.9823127,
      1703618352.7381017,
      {}
    ],
    [
      4,
      null,
      924231285,
      null,
      0.43906942784170955,
      0.8623473644256592,
      1,
      1703618352.739611,
      1703618353.6028104,
      {}
    ],
    [
      5,
      null,
      209652396,
      null,
      0.5944062150087346,
      0.4007234573364258,
      1,
      1703618353.6054413,
      1703618354.0070338,
      {}
    ],
    [
      5,
      null,
      398764591,
      null,
      0.5944025159494256,
      0.3146016597747803,
      1,
      1703618354.0115502,
      1703618354.326987,
      {}
    ],
    [
      5,
      null,
      924231285,
      null,
      0.5944030223645584,
      0.3203301429748535,
      1,
      1703618354.3286932,
      1703618354.6498735,
      {}
    ],
    [
      6,
      null,
      209652396,
      null,
      0.4390691286385284,
      1.2631051540374756,
      1,
      1703618354.914805,
      1703618356.1787493,
      {}
    ],
    [
      6,
      null,
      398764591,
      null,
      0.43907485565814186,
      0.7229700088500977,
      1,
      1703618356.1829195,
      1703618356.9068446,
      {}
    ],
    [
      6,
      null,
      924231285,
      null,
      0.4390634323658369,
      0.5230720043182373,
      1,
      1703618356.908958,
      1703618357.4329343,
      {}
    ],
    [
      7,
      null,
      209652396,
      null,
      0.4381589855916924,
      0.3878364562988281,
      1,
      1703618357.4359882,
      1703618357.8247044,
      {}
    ],
    [
      7,
      null,
      398764591,
      null,
      0.43910511976187916,
      0.6074635982513428,
      1,
      1703618357.8269494,
      1703618358.435299,
      {}
    ],
    [
      7,
      null,
      924231285,
      null,
      0.43913764721355886,
      0.34685397148132324,
      1,
      1703618358.4398148,
      1703618358.787515,
      {}
    ],
    [
      8,
      null,
      209652396,
      null,
      0.43906923336583326,
      0.25034117698669434,
      1,
      1703618358.7904956,
      1703618359.0416825,
      {}
    ],
    [
      8,
      null,
      398764591,
      null,
      0.43906943140632193,
      0.17158842086791992,
      1,
      1703618359.0437486,
      1703618359.2162051,
      {}
    ],
    [
      8,
      null,
      924231285,
      null,
      0.4390690232580322,
      0.1862642765045166,
      1,
      1703618359.2182612,
      1703618359.4053628,
      {}
    ],
    [
      9,
      null,
      209652396,
      null,
      0.4390690325568919,
      0.16887521743774414,
      1,
      1703618359.408193,
      1703618359.577916,
      {}
    ],
    [
      9,
      null,
      398764591,
      null,
      0.4390697903605726,
      0.17382264137268066,
      1,
      1703618359.5800538,
      1703618359.754877,
      {}
    ],
    [
      9,
      null,
      924231285,
      null,
      0.43906951812429373,
      0.17597055435180664,
      1,
      1703618359.7569945,
      1703618359.9338086,
      {}
    ],
    [
      10,
      null,
      209652396,
      null,
      0.4390694237081708,
      0.16773295402526855,
      1,
      1703618359.9368486,
      1703618360.1054323,
      {}
    ],
    [
      10,
      null,
      398764591,
      null,
      0.439069452833712,
      0.1631782054901123,
      1,
      1703618360.1075854,
      1703618360.2716029,
      {}
    ],
    [
      10,
      null,
      924231285,
      null,
      0.43906931719352504,
      0.16276264190673828,
      1,
      1703618360.2737799,
      1703618360.4373944,
      {}
    ],
    [
      11,
      null,
      209652396,
      null,
      0.4390651751246377,
      0.17323064804077148,
      1,
      1703618360.4403908,
      1703618360.6144662,
      {}
    ],
    [
      11,
      null,
      398764591,
      null,
      0.43907039988190943,
      0.17145848274230957,
      1,
      1703618360.616743,
      1703618360.7891705,
      {}
    ],
    [
      11,
      null,
      924231285,
      null,
      0.4390507259700833,
      0.16146445274353027,
      1,
      1703618360.7914023,
      1703618360.9537065,
      {}
    ],
    [
      12,
      null,
      209652396,
      null,
      0.43906942784170955,
      0.17682409286499023,
      1,
      1703618360.9568264,
      1703618361.1345198,
      {}
    ],
    [
      12,
      null,
      398764591,
      null,
      0.43906942784170966,
      0.15999603271484375,
      1,
      1703618361.1370492,
      1703618361.297923,
      {}
    ],
    [
      12,
      null,
      924231285,
      null,
      0.43906942784170955,
      0.1676464080810547,
      1,
      1703618361.3025227,
      1703618361.4710083,
      {}
    ],
    [
      13,
      null,
      209652396,
      null,
      0.4390693963621022,
      0.16421198844909668,
      1,
      1703618361.474253,
      1703618361.6392927,
      {}
    ],
    [
      13,
      null,
      398764591,
      null,
      0.4390696216712421,
      0.1654186248779297,
      1,
      1703618361.6417358,
      1703618361.8081195,
      {}
    ],
    [
      13,
      null,
      924231285,
      null,
      0.4390693980716561,
      0.17509222030639648,
      1,
      1703618361.8105416,
      1703618361.986485,
      {}
    ],
    [
      14,
      null,
      209652396,
      null,
      0.5944028946948723,
      1.2710435390472412,
      1,
      1703618362.3838336,
      1703618363.656276,
      {}
    ],
    [
      14,
      null,
      398764591,
      null,
      0.5944028946948723,
      1.2000975608825684,
      1,
      1703618363.6593487,
      1703618364.8604007,
      {}
    ],
    [
      14,
      null,
      924231285,
      null,
      0.5944028946948723,
      0.5177595615386963,
      1,
      1703618364.8649795,
      1703618365.3842635,
      {}
    ],
    [
      15,
      null,
      209652396,
      null,
      0.7155787139466457,
      0.5664832592010498,
      1,
      1703618365.397518,
      1703618365.9653938,
      {}
    ],
    [
      15,
      null,
      398764591,
      null,
      0.7155787139466457,
      0.830256462097168,
      1,
