{
  "incumbent_ids": [
    3
  ],
  "rejected_config_ids": [
    1
  ],
  "incumbents_changed": 2,
  "trajectory": [
    {
      "config_ids": [
        1
      ],
      "costs": [
        0.5690452261229741
      ],
      "trial": 1,
      "walltime": 0.3413832187652588
    },
    {
      "config_ids": [
        3
      ],
      "costs": [
        0.09542000724394095
      ],
      "trial": 8,
      "walltime": 2.6097285747528076
    }
  ],
  "state": {
    "queue": [
      [
        4,
        2
      ]
    ]
  }
}