{
  "stats": {
    "submitted": 10,
    "finished": 10,
    "running": 0
  },
  "data": [
    [
      1,
      null,
      209652396,
      null,
      0.5828163591241504,
      0.35360193252563477,
      1,
      1694793723.0524824,
      1694793723.4073715,
      {}
    ],
    [
      1,
      null,
      398764591,
      null,
      0.5828163591241471,
      0.4902632236480713,
      1,
      1694793723.4129407,
      1694793723.9046738,
      {}
    ],
    [
      2,
      null,
      209652396,
      null,
      0.4502997811116175,
      0.2029101848602295,
      1,
      1694793723.9118996,
      1694793724.1162384,
      {}
    ],
    [
      2,
      null,
      398764591,
      null,
      0.45029977791478504,
      0.2774033546447754,
      1,
      1694793724.11865,
      1694793724.3973563,
      {}
    ],
    [
      2,
      null,
      924231285,
      null,
      0.4503000575454106,
      0.18550419807434082,
      1,
      1694793724.4010968,
      1694793724.5878956,
      {}
    ],
    [
      3,
      null,
      209652396,
      null,
      Infinity,
      0.0,
      2,
      1694793724.9252038,
      1694793724.9367144,
      {
        "traceback": "Traceback (most recent call last):\n  File \"/mnt/belinda_local/daniel/home/anaconda3/envs/GenerativeAI/lib/python3.11/site-packages/smac/runner/target_function_runner.py\", line 184, in run\n    rval = self(config_copy, target_function, kwargs)\n           ^^^^^^^^^^^^^^^^^^^^^^^^^^^^^^^^^^^^^^^^^^\n  File \"/mnt/belinda_local/daniel/home/anaconda3/envs/GenerativeAI/lib/python3.11/site-packages/smac/runner/target_function_runner.py\", line 257, in __call__\n    return algorithm(config, **algorithm_kwargs)\n           ^^^^^^^^^^^^^^^^^^^^^^^^^^^^^^^^^^^^^\n  File \"/mnt/belinda_local/daniel/home/AutoMF/AutoMFBO2.py\", line 646, in train\n    X, X_r = NMF_sklearn(X_scaled, **config_dict)\n             ^^^^^^^^^^^^^^^^^^^^^^^^^^^^^^^^^^^^\n  File \"/mnt/belinda_local/daniel/home/AutoMF/AutoMFBO2.py\", line 26, in NMF_sklearn\n    W = model.fit_transform(X)\n        ^^^^^^^^^^^^^^^^^^^^^^\n  File \"/mnt/belinda_local/daniel/home/anaconda3/envs/GenerativeAI/lib/python3.11/site-packages/sklearn/utils/_set_output.py\", line 140, in wrapped\n    data_to_wrap = f(self, X, *args, **kwargs)\n                   ^^^^^^^^^^^^^^^^^^^^^^^^^^^\n  File \"/mnt/belinda_local/daniel/home/anaconda3/envs/GenerativeAI/lib/python3.11/site-packages/sklearn/decomposition/_nmf.py\", line 1566, in fit_transform\n    W, H, n_iter = self._fit_transform(X, W=W, H=H)\n                   ^^^^^^^^^^^^^^^^^^^^^^^^^^^^^^^^\n  File \"/mnt/belinda_local/daniel/home/anaconda3/envs/GenerativeAI/lib/python3.11/site-packages/sklearn/decomposition/_nmf.py\", line 1625, in _fit_transform\n    W, H = self._check_w_h(X, W, H, update_H)\n           ^^^^^^^^^^^^^^^^^^^^^^^^^^^^^^^^^^\n  File \"/mnt/belinda_local/daniel/home/anaconda3/envs/GenerativeAI/lib/python3.11/site-packages/sklearn/decomposition/_nmf.py\", line 1198, in _check_w_h\n    W, H = _initialize_nmf(\n           ^^^^^^^^^^^^^^^^\n  File \"/mnt/belinda_local/daniel/home/anaconda3/envs/GenerativeAI/lib/python3.11/site-packages/sklearn/decomposition/_nmf.py\", line 283, in _initialize_nmf\n    raise ValueError(\nValueError: init = 'nndsvdar' can only be used when n_components <= min(n_samples, n_features)\n",
        "error": "ValueError(\"init = 'nndsvdar' can only be used when n_components <= min(n_samples, n_features)\")"
      }
    ],
    [
      3,
      null,
      398764591,
      null,
      Infinity,
      0.0,
      2,
      1694793724.9397082,
      1694793724.9423401,
      {
        "traceback": "Traceback (most recent call last):\n  File \"/mnt/belinda_local/daniel/home/anaconda3/envs/GenerativeAI/lib/python3.11/site-packages/smac/runner/target_function_runner.py\", line 184, in run\n    rval = self(config_copy, target_function, kwargs)\n           ^^^^^^^^^^^^^^^^^^^^^^^^^^^^^^^^^^^^^^^^^^\n  File \"/mnt/belinda_local/daniel/home/anaconda3/envs/GenerativeAI/lib/python3.11/site-packages/smac/runner/target_function_runner.py\", line 257, in __call__\n    return algorithm(config, **algorithm_kwargs)\n           ^^^^^^^^^^^^^^^^^^^^^^^^^^^^^^^^^^^^^\n  File \"/mnt/belinda_local/daniel/home/AutoMF/AutoMFBO2.py\", line 646, in train\n    X, X_r = NMF_sklearn(X_scaled, **config_dict)\n             ^^^^^^^^^^^^^^^^^^^^^^^^^^^^^^^^^^^^\n  File \"/mnt/belinda_local/daniel/home/AutoMF/AutoMFBO2.py\", line 26, in NMF_sklearn\n    W = model.fit_transform(X)\n        ^^^^^^^^^^^^^^^^^^^^^^\n  File \"/mnt/belinda_local/daniel/home/anaconda3/envs/GenerativeAI/lib/python3.11/site-packages/sklearn/utils/_set_output.py\", line 140, in wrapped\n    data_to_wrap = f(self, X, *args, **kwargs)\n                   ^^^^^^^^^^^^^^^^^^^^^^^^^^^\n  File \"/mnt/belinda_local/daniel/home/anaconda3/envs/GenerativeAI/lib/python3.11/site-packages/sklearn/decomposition/_nmf.py\", line 1566, in fit_transform\n    W, H, n_iter = self._fit_transform(X, W=W, H=H)\n                   ^^^^^^^^^^^^^^^^^^^^^^^^^^^^^^^^\n  File \"/mnt/belinda_local/daniel/home/anaconda3/envs/GenerativeAI/lib/python3.11/site-packages/sklearn/decomposition/_nmf.py\", line 1625, in _fit_transform\n    W, H = self._check_w_h(X, W, H, update_H)\n           ^^^^^^^^^^^^^^^^^^^^^^^^^^^^^^^^^^\n  File \"/mnt/belinda_local/daniel/home/anaconda3/envs/GenerativeAI/lib/python3.11/site-packages/sklearn/decomposition/_nmf.py\", line 1198, in _check_w_h\n    W, H = _initialize_nmf(\n           ^^^^^^^^^^^^^^^^\n  File \"/mnt/belinda_local/daniel/home/anaconda3/envs/GenerativeAI/lib/python3.11/site-packages/sklearn/decomposition/_nmf.py\", line 283, in _initialize_nmf\n    raise ValueError(\nValueError: init = 'nndsvdar' can only be used when n_components <= min(n_samples, n_features)\n",