{
  "stats": {
    "submitted": 10,
    "finished": 10,
    "running": 0
  },
  "data": [
    [
      1,
      null,
      209652396,
      null,
      0.05099405416220193,
      1.7300593852996826,
      1,
      1695913771.7360601,
      1695913773.4672098,
      {}
    ],
    [
      1,
      null,
      398764591,
      null,
      0.05099405416220193,
      1.5054192543029785,
      1,
      1695913773.4689322,
      1695913774.9749842,
      {}
    ],
    [
      2,
      null,
      209652396,
      null,
      0.05251036194454106,
      99.13863277435303,
      1,
      1695913774.976597,
      1695913874.1159413,
      {}
    ],
    [
      2,
      null,
      398764591,
      null,
      0.05251036194454106,
      113.90028882026672,
      1,
      1695913874.1179123,
      1695913988.019055,
      {}
    ],
    [
      1,
      null,
      924231285,
      null,
      0.05099405416220193,
      1.4936926364898682,
      1,
      1695913988.0223215,
      1695913989.517197,
      {}
    ],
    [
      3,
      null,
      209652396,
      null,
      0.052458670654059625,
      2.031169891357422,
      1,
      1695913989.6384392,
      1695913991.6702652,
      {}
    ],
    [
      3,
      null,
      398764591,
      null,
      0.052458670654059625,
      2.01269268989563,
      1,
      1695913991.6721284,
      1695913993.6854477,
      {}
    ],
    [
      3,
      null,
      924231285,
      null,
      0.052458670654059625,
      2.060670852661133,
      1,
      1695913993.6870167,
      1695913995.7482631,
      {}
    ],
    [
      4,
      null,
      209652396,
      null,
      0.052189271114367664,
      2.015838384628296,
      1,
      1695913995.7503705,
      1695913997.7668104,
      {}
    ],
    [
      4,
      null,
      398764591,
      null,
      0.052189271114367664,
      2.026230573654175,
      1,
      1695913997.7685046,
      1695913999.7953546,
      {}
    ]
  ],
  "configs": {
    "1": {
      "alpha": 0.34019066896289585,
      "method": "cd",
      "n_components": 7,
      "ridge_alpha": 0.029059861330315476
    },
    "2": {
      "alpha": 0.8744391072541475,
      "method": "lars",
      "n_components": 33,
      "ridge_alpha": 0.06035465487278999
    },
    "3": {
      "alpha": 0.6813047017599905,
      "method": "cd",
      "n_components": 41,
      "ridge_alpha": 0.04731957459914713
    },
    "4": {
      "alpha": 0.6424870384644795,
      "method": "cd",
      "n_components": 40,
      "ridge_alpha": 0.02290179586681418
    }
  },
  "config_origins": {
    "1": "Initial Design: Sobol",
    "2": "Initial Design: Sobol",
    "3": "Acquisition Function Maximizer: Random Search (sorted)",
    "4": "Acquisition Function Maximizer: Random Search (sorted)"
  }
}