{
  "stats": {
    "submitted": 10,
    "finished": 10,
    "running": 0
  },
  "data": [
    [
      1,
      null,
      209652396,
      null,
      3.456471093423639e-30,
      0.10404825210571289,
      1,
      1692808477.967315,
      1692808478.0723698,
      {}
    ],
    [
      1,
      null,
      398764591,
      null,
      3.456471093423639e-30,
      0.0021643638610839844,
      1,
      1692808478.0754282,
      1692808478.078522,
      {}
    ],
    [
      2,
      null,
      209652396,
      null,
      3.456471093423639e-30,
      0.0021011829376220703,
      1,
      1692808478.0810928,
      1692808478.084074,
      {}
    ],
    [
      2,
      null,
      398764591,
      null,
      3.456471093423639e-30,
      0.001981496810913086,
      1,
      1692808478.0861602,
      1692808478.0890236,
      {}
    ],
    [
      1,
      null,
      924231285,
      null,
      3.456471093423639e-30,
      0.0019788742065429688,
      1,
      1692808478.0914936,
      1692808478.0943375,
      {}
    ],
    [
      3,
      null,
      209652396,
      null,
      3.456471093423639e-30,
      0.0019681453704833984,
      1,
      1692808478.1263,
      1692808478.1291294,
      {}
    ],
    [
      3,
      null,
      398764591,
      null,
      3.456471093423639e-30,
      0.001954317092895508,
      1,
      1692808478.1315122,
      1692808478.1343246,
      {}
    ],
    [
      3,
      null,
      924231285,
      null,
      3.456471093423639e-30,
      0.002011537551879883,
      1,
      1692808478.1365309,
      1692808478.1394098,
      {}
    ],
    [
      4,
      null,
      209652396,
      null,
      3.456471093423639e-30,
      0.001966238021850586,
      1,
      1692808478.1425354,
      1692808478.1453614,
      {}
    ],
    [
      4,
      null,
      398764591,
      null,
      3.456471093423639e-30,
      0.0018978118896484375,
      1,
      1692808478.147573,
      1692808478.1503348,
      {}
    ]
  ],
  "configs": {
    "1": {
      "n_components": 3
    },
    "2": {
      "n_components": 4
    },
    "3": {
      "n_components": 5
    },
    "4": {
      "n_components": 2
    }
  },
  "config_origins": {
    "1": "Initial Design: Sobol",
    "2": "Initial Design: Sobol",
    "3": "Acquisition Function Maximizer: Random Search (sorted)",
    "4": "Acquisition Function Maximizer: Local Search"
  }
}