{
  "incumbent_ids": [
    3
  ],
  "rejected_config_ids": [
    1,
    2
  ],
  "incumbents_changed": 3,
  "trajectory": [
    {
      "config_ids": [
        1
      ],
      "costs": [
        0.4326144559045261
      ],
      "trial": 1,
      "walltime": 0.5695641040802002
    },
    {
      "config_ids": [
        2
      ],
      "costs": [
        0.43236614517398897
      ],
      "trial": 4,
      "walltime": 3.7823843955993652
    },
    {
      "config_ids": [
        3
      ],
      "costs": [
        0.43183646699016415
      ],
      "trial": 8,
      "walltime": 9.002553701400757
    }
  ],
  "state": {
    "queue": [
      [
        4,
        2
      ]
    ]
  }
}