{
  "stats": {
    "submitted": 10,
    "finished": 10,
    "running": 0
  },
  "data": [
    [
      1,
      null,
      209652396,
      null,
      0.6341989663630643,
      0.046210289001464844,
      1,
      1696442050.0488806,
      1696442050.0956256,
      {}
    ],
    [
      1,
      null,
      398764591,
      null,
      0.6341999722014469,
      0.045557260513305664,
      1,
      1696442050.0968354,
      1696442050.1429207,
      {}
    ],
    [
      2,
      null,
      209652396,
      null,
      0.7226738255970628,
      0.0465238094329834,
      1,
      1696442050.1441455,
      1696442050.1911924,
      {}
    ],
    [
      2,
      null,
      398764591,
      null,
      0.7226738255970628,
      0.046454429626464844,
      1,
      1696442050.1923041,
      1696442050.2392814,
      {}
    ],
    [
      1,
      null,
      924231285,
      null,
      0.634199001549413,
      0.04573535919189453,
      1,
      1696442050.2406929,
      1696442050.2870588,
      {}
    ],
    [
      3,
      null,
      209652396,
      null,
      0.6592360795983361,
      0.04622173309326172,
      1,
      1696442050.4025376,
      1696442050.449279,
      {}
    ],
    [
      3,
      null,
      398764591,
      null,
      0.6592360795983362,
      0.04627394676208496,
      1,
      1696442050.450474,
      1696442050.4972692,
      {}
    ],
    [
      3,
      null,
      924231285,
      null,
      0.6592360795983363,
      0.04570460319519043,
      1,
      1696442050.4984336,
      1696442050.5446572,
      {}
    ],
    [
      4,
      null,
      209652396,
      null,
      0.6592360795983361,
      0.04537558555603027,
      1,
      1696442050.5463116,
      1696442050.592203,
      {}
    ],
    [
      4,
      null,
      398764591,
      null,
      0.6592360795983363,
      0.04566025733947754,
      1,
      1696442050.5934436,
      1696442050.6396244,
      {}
    ]
  ],
  "configs": {
    "1": {
      "n_components": 5,
      "n_iter": 6,
      "n_oversamples": 3,
      "power_iteration_normalizer": "auto"
    },
    "2": {
      "n_components": 12,
      "n_iter": 4,
      "n_oversamples": 8,
      "power_iteration_normalizer": "OR"
    },
    "3": {
      "n_components": 6,
      "n_iter": 6,
      "n_oversamples": 7,
      "power_iteration_normalizer": "auto"
    },
    "4": {
      "n_components": 6,
      "n_iter": 7,
      "n_oversamples": 7,
      "power_iteration_normalizer": "auto"
    }
  },
  "config_origins": {
    "1": "Initial Design: Sobol",
    "2": "Initial Design: Sobol",
    "3": "Acquisition Function Maximizer: Local Search",
    "4": "Acquisition Function Maximizer: Local Search"
  }
}