{
  "stats": {
    "submitted": 10,
    "finished": 10,
    "running": 0
  },
  "data": [
    [
      1,
      null,
      209652396,
      null,
      0.6273587571802655,
      0.2661769390106201,
      1,
      1694793737.6171553,
      1694793737.8843517,
      {}
    ],
    [
      1,
      null,
      398764591,
      null,
      0.6273587571802655,
      0.2920546531677246,
      1,
      1694793737.8867264,
      1694793738.1798282,
      {}
    ],
    [
      2,
      null,
      209652396,
      null,
      0.7026618587921338,
      0.31098413467407227,
      1,
      1694793738.182148,
      1694793738.4941704,
      {}
    ],
    [
      2,
      null,
      398764591,
      null,
      0.7026618587921338,
      0.3168365955352783,
      1,
      1694793738.496307,
      1694793738.814201,
      {}
    ],
    [
      1,
      null,
      924231285,
      null,
      0.6273587571802655,
      0.3024587631225586,
      1,
      1694793738.8170717,
      1694793739.1205685,
      {}
    ],
    [
      3,
      null,
      209652396,
      null,
      0.6957735000858781,
      0.24141907691955566,
      1,
      1694793739.403701,
      1694793739.6461563,
      {}
    ],
    [
      3,
      null,
      398764591,
      null,
      0.7026618587921339,
      0.23889541625976562,
      1,
      1694793739.6485283,
      1694793739.888507,
      {}
    ],
    [
      3,
      null,
      924231285,
      null,
      0.6766957473309603,
      0.25746798515319824,
      1,
      1694793739.8907623,
      1694793740.149248,
      {}
    ],
    [
      4,
      null,
      209652396,
      null,
      0.6967937421831522,
      0.22325873374938965,
      1,
      1694793740.152088,
      1694793740.3763845,
      {}
    ],
    [
      4,
      null,
      398764591,
      null,
      0.702661858813598,
      0.22362780570983887,
      1,
      1694793740.3786304,
      1694793740.6032834,
      {}
    ]
  ],
  "configs": {
    "1": {
      "alpha": 0.34019066896289585,
      "method": "cd",
      "n_components": 2,
      "ridge_alpha": 0.029059861330315476
    },
    "2": {
      "alpha": 0.8744391072541475,
      "method": "lars",
      "n_components": 4,
      "ridge_alpha": 0.06035465487278999
    },
    "3": {
      "alpha": 0.6813047017599905,
      "method": "cd",
      "n_components": 5,
      "ridge_alpha": 0.04731957459914713
    },
    "4": {
      "alpha": 0.6424870384644795,
      "method": "cd",
      "n_components": 5,
      "ridge_alpha": 0.02290179586681418
    }
  },
  "config_origins": {
    "1": "Initial Design: Sobol",
    "2": "Initial Design: Sobol",
    "3": "Acquisition Function Maximizer: Random Search (sorted)",
    "4": "Acquisition Function Maximizer: Random Search (sorted)"
  }
}