{
  "stats": {
    "submitted": 10,
    "finished": 10,
    "running": 0
  },
  "data": [
    [
      1,
      null,
      209652396,
      null,
      0.44202829754535355,
      0.598665714263916,
      1,
      1695913712.1780977,
      1695913712.7774067,
      {}
    ],
    [
      1,
      null,
      398764591,
      null,
      0.6438471100150944,
      0.6060066223144531,
      1,
      1695913712.779077,
      1695913713.3857284,
      {}
    ],
    [
      2,
      null,
      209652396,
      null,
      0.32777703206968356,
      0.9416441917419434,
      1,
      1695913713.3873816,
      1695913714.3297129,
      {}
    ],
    [
      2,
      null,
      398764591,
      null,
      0.35339252337176374,
      0.937946081161499,
      1,
      1695913714.3314507,
      1695913715.270065,
      {}
    ],
    [
      2,
      null,
      924231285,
      null,
      0.481228633050786,
      0.9039032459259033,
      1,
      1695913715.272282,
      1695913716.1768165,
      {}
    ],
    [
      3,
      null,
      209652396,
      null,
      0.390768951175658,
      0.6807100772857666,
      1,
      1695913716.3462973,
      1695913717.0276449,
      {}
    ],
    [
      3,
      null,
      398764591,
      null,
      0.6837483494624228,
      0.6762280464172363,
      1,
      1695913717.0293436,
      1695913717.7062285,
      {}
    ],
    [
      3,
      null,
      924231285,
      null,
      0.48488852204311395,
      0.6825573444366455,
      1,
      1695913717.708017,
      1695913718.3912473,
      {}
    ],
    [
      4,
      null,
      209652396,
      null,
      0.46514114903670944,
      0.9738328456878662,
      1,
      1695913718.3935823,
      1695913719.368069,
      {}
    ],
    [
      4,
      null,
      398764591,
      null,
      0.6213837109399925,
      0.9933526515960693,
      1,
      1695913719.3698003,
      1695913720.3637915,
      {}
    ]
  ],
  "configs": {
    "1": {
      "learning_decay": 0.6334392605349422,
      "learning_method": "online",
      "learning_offset": 6.075078817084432,
      "max_iter": 7,
      "n_components": 14
    },
    "2": {
      "learning_decay": 0.9773537232540548,
      "learning_method": "batch",
      "learning_offset": 14.09549031406641,
      "max_iter": 13,
      "n_components": 2
    },
    "3": {
      "learning_decay": 0.8714335194598568,
      "learning_method": "batch",
      "learning_offset": 13.10076027373311,
      "max_iter": 9,
      "n_components": 3
    },
    "4": {
      "learning_decay": 0.9773537232540548,
      "learning_method": "batch",
      "learning_offset": 13.541285966320462,
      "max_iter": 14,
      "n_components": 4
    }
  },
  "config_origins": {
    "1": "Initial Design: Sobol",
    "2": "Initial Design: Sobol",
    "3": "Acquisition Function Maximizer: Local Search",
    "4": "Acquisition Function Maximizer: Local Search"
  }
}