{
  "stats": {
    "submitted": 53,
    "finished": 53,
    "running": 0
  },
  "data": [
    [
      1,
      null,
      209652396,
      null,
      0.4014100758803064,
      0.9545550346374512,
      1,
      1703643427.1302328,
      1703643428.0857706,
      {}
    ],
    [
      1,
      null,
      398764591,
      null,
      0.4014100758803064,
      0.907904863357544,
      1,
      1703643428.0876563,
      1703643428.996555,
      {}
    ],
    [
      2,
      null,
      209652396,
      null,
      0.531136316942178,
      2.267125129699707,
      1,
      1703643428.9984062,
      1703643431.2664783,
      {}
    ],
    [
      2,
      null,
      398764591,
      null,
      0.531136316942178,
      2.3186087608337402,
      1,
      1703643431.2681267,
      1703643433.587788,
      {}
    ],
    [
      1,
      null,
      924231285,
      null,
      0.4014100758803064,
      0.9212415218353271,
      1,
      1703643433.5900035,
      1703643434.5122755,
      {}
    ],
    [
      3,
      null,
      209652396,
      null,
      0.48939149819735517,
      0.30650901794433594,
      1,
      1703643434.5141532,
      1703643434.82161,
      {}
    ],
    [
      3,
      null,
      398764591,
      null,
      0.4893914981973553,
      0.2511601448059082,
      1,
      1703643434.823414,
      1703643435.0755103,
      {}
    ],
    [
      3,
      null,
      924231285,
      null,
      0.48939149819735517,
      0.24614763259887695,
      1,
      1703643435.0772934,
      1703643435.3243845,
      {}
    ],
    [
      4,
      null,
      209652396,
      null,
      0.4014100758803064,
      0.13148736953735352,
      1,
      1703643435.3266969,
      1703643435.459102,
      {}
    ],
    [
      4,
      null,
      398764591,
      null,
      0.4014100758803064,
      0.09425997734069824,
      1,
      1703643435.4608045,
      1703643435.555972,
      {}
    ],
    [
      4,
      null,
      924231285,
      null,
      0.4014100758803064,
      0.10474252700805664,
      1,
      1703643435.5575886,
      1703643435.6631947,
      {}
    ],
    [
      5,
      null,
      209652396,
      null,
      0.4014100758803064,
      0.1878669261932373,
      1,
      1703643435.8305256,
      1703643436.0193455,
      {}
    ],
    [
      5,
      null,
      398764591,
      null,
      0.4014100758803064,
      0.20808911323547363,
      1,
      1703643436.0211346,
      1703643436.2300844,
      {}
    ],
    [
      5,
      null,
      924231285,
      null,
      0.4014100758803064,
      0.11479902267456055,
      1,
      1703643436.2317588,
      1703643436.3474264,
      {}
    ],
    [
      6,
      null,
      209652396,
      null,
      0.5311363169421779,
      0.20365095138549805,
      1,
      1703643436.349786,
      1703643436.5544612,
      {}
    ],
    [
      6,
      null,
      398764591,
      null,
      0.531136316942178,
      0.2081601619720459,
      1,
      1703643436.5562108,
      1703643436.7652464,
      {}
    ],
    [
      6,
      null,
      924231285,
      null,
      0.5311363169421781,
      0.1861584186553955,
      1,
      1703643436.767125,
      1703643436.954174,
      {}
    ],
    [
      7,
      null,
      209652396,
      null,
      0.48939149819735517,
      0.36018967628479004,
      1,
      1703643436.956594,
      1703643437.3176498,
      {}
    ],
    [
      7,
      null,
      398764591,
      null,
      0.48939149819735517,
      0.36237001419067383,
      1,
      1703643437.3194704,
      1703643437.6827037,
      {}
    ],
    [
      7,
      null,
      924231285,
      null,
      0.48939149819735517,
      0.3497965335845947,
      1,
      1703643437.6844957,
      1703643438.0351539,
      {}
    ],
    [
      8,
      null,
      209652396,
      null,
      0.48939149819735517,
      0.3284108638763428,
      1,
      1703643438.0375726,
      1703643438.3668504,
      {}
    ],
    [
      8,
      null,
      398764591,
      null,
      0.48939149819735517,
      0.40947580337524414,
      1,
      1703643438.3686595,
      1703643438.778994,
      {}
    ],
    [
      8,
      null,
      924231285,
      null,
      0.48939149819735517,
      0.24745464324951172,
      1,
      1703643438.7825289,
      1703643439.0308354,
      {}
    ],
    [
      9,
      null,
      209652396,
      null,
      0.531136316942178,
      0.3435225486755371,
      1,
      1703643439.0357227,
      1703643439.3801,
      {}
    ],
    [
      9,
      null,
      398764591,
      null,
      0.531136316942178,
      0.2813553810119629,
      1,
      1703643439.3821115,
      1703643439.6643276,
      {}
    ],
    [
      9,
      null,
      924231285,
      null,
      0.531136316942178,
      0.24361658096313477,
      1,
      1703643439.6663094,
      1703643439.9107814,
      {}
    ],
    [
      10,
      null,
      209652396,
      null,
      0.48939149819735517,
      0.39218616485595703,
      1,
      1703643439.9163573,
      1703643440.3094049,
      {}
    ],
    [
      10,
      null,
      398764591,
      null,
      0.48939149819735517,
      0.2453594207763672,
      1,
      1703643440.3114839,
      1703643440.5577013,
      {}
    ],
    [
      10,
      null,
      924231285,
      null,
      0.48939149819735506,
      0.23865914344787598,
      1,
      1703643440.5597882,
      1703643440.7993116,
      {}
    ],
    [
      11,
      null,
      209652396,
      null,
      0.48939149819735517,
      0.23693227767944336,
      1,
      1703643440.8020818,
      1703643441.039858,
      {}
    ],
    [
      11,
      null,
      398764591,
      null,
      0.4893914981973553,
      0.2551884651184082,
      1,
      1703643441.0420463,
      1703643441.2980795,
      {}
    ],
    [
      11,
      null,
      924231285,
      null,
      0.48939149819735517,
      0.3603365421295166,
      1,
      1703643441.3002625,
      1703643441.6614678,
      {}
    ],
    [
      12,
      null,
      209652396,
      null,
      0.48939149819735506,
      0.2988724708557129,
      1,
      1703643441.6643605,
      1703643441.9640925,
      {}
    ],
    [
      12,
      null,
      398764591,
      null,
      0.48939149819735517,
      0.30785465240478516,
      1,
      1703643441.9663029,
      1703643442.275025,
      {}
    ],
    [
      12,
      null,
      924231285,
      null,
      0.4893914981973553,
      0.27924418449401855,
      1,
      1703643442.2772765,
      1703643442.5573814,
      {}
    ],
    [
      13,
      null,
      209652396,
      null,
      0.4014100758803064,
      0.1921076774597168,
      1,
      1703643442.7843826,
      1703643442.9770718,
      {}
    ],
    [
      13,
      null,
      398764591,
      null,
      0.4014100758803064,
      0.2113494873046875,
      1,
      1703643442.9793954,
      1703643443.191579,
      {}
    ],
    [
      13,
      null,
      924231285,
      null,
      0.4014100758803064,
      0.17364072799682617,
      1,
      1703643443.193909,
      1703643443.368419,
      {}
    ],
    [
      14,
      null,
      209652396,
      null,
      0.4014100758803064,
      0.20149636268615723,
      1,
      1703643443.3724287,
      1703643443.574813,
      {}
    ],
    [
      14,
      null,
      398764591,
      null,
      0.4014100758803064,
      0.1278531551361084,
      1,
      1703643443.577387,
      1703643443.7061286,
      {}
    ],
    [
      14,
      null,
      924231285,
      null,
      0.4014100758803064,
      0.10429263114929199,
      1,
      1703643443.7087345,
      1703643443.8139093,
      {}
    ],
    [
      15,
      null,
      209652396,
      null,
      0.4014100758803064,
      0.21214890480041504,
      1,
      1703643443.8318272,
      1703643444.044861,
      {}
    ],
    [
      15,
      null,
      398764591,
      null,
      0.4014100758803064,
      0.11061930656433105,
