{
  "stats": {
    "submitted": 2,
    "finished": 2,
    "running": 0
  },
  "data": [
    [
      1,
      null,
      209652396,
      null,
      0.43124123566527517,
      6.495604515075684,
      1,
      1695142093.5919518,
      1695142100.088882,
      {}
    ],
    [
      1,
      null,
      398764591,
      null,
      0.43124123566527517,
      6.659449577331543,
      1,
      1695142100.091788,
      1695142106.7526133,
      {}
    ]
  ],
  "configs": {
    "1": {
      "alpha": 0.34019066896289585,
      "fit_algorithm": "cd",
      "n_components": 3,
      "transform_algorithm": "lasso_lars"
    }
  },
  "config_origins": {
    "1": "Initial Design: Sobol"
  }
}