{
  "stats": {
    "submitted": 10,
    "finished": 10,
    "running": 0
  },
  "data": [
    [
      1,
      null,
      209652396,
      null,
      0.43225511547833917,
      0.05677437782287598,
      1,
      1695830905.6512175,
      1695830905.7090104,
      {}
    ],
    [
      1,
      null,
      398764591,
      null,
      0.43225511547833917,
      0.05645418167114258,
      1,
      1695830905.711446,
      1695830905.7689161,
      {}
    ],
    [
      2,
      null,
      209652396,
      null,
      0.43208642039229295,
      0.05580711364746094,
      1,
      1695830905.7713876,
      1695830905.8281965,
      {}
    ],
    [
      2,
      null,
      398764591,
      null,
      0.43208642039229295,
      0.055529117584228516,
      1,
      1695830905.8305035,
      1695830905.8870852,
      {}
    ],
    [
      2,
      null,
      924231285,
      null,
      0.43208642039229295,
      0.05572843551635742,
      1,
      1695830905.8902574,
      1695830905.9469972,
      {}
    ],
    [
      3,
      null,
      209652396,
      null,
      0.43221997044992644,
      0.055459022521972656,
      1,
      1695830906.1397882,
      1695830906.1962688,
      {}
    ],
    [
      3,
      null,
      398764591,
      null,
      0.43221997044992644,
      0.05520200729370117,
      1,
      1695830906.1988208,
      1695830906.2550368,
      {}
    ],
    [
      3,
      null,
      924231285,
      null,
      0.43221997044992644,
      0.05532479286193848,
      1,
      1695830906.2576885,
      1695830906.3140368,
      {}
    ],
    [
      4,
      null,
      209652396,
      null,
      0.43173973609056593,
      0.0558781623840332,
      1,
      1695830906.3173363,
      1695830906.3742695,
      {}
    ],
    [
      4,
      null,
      398764591,
      null,
      0.43173973609056593,
      0.05562329292297363,
      1,
      1695830906.3769867,
      1695830906.433625,
      {}
    ]
  ],
  "configs": {
    "1": {
      "batch_size": 73,
      "n_components": 9
    },
    "2": {
      "batch_size": 84,
      "n_components": 4
    },
    "3": {
      "batch_size": 87,
      "n_components": 6
    },
    "4": {
      "batch_size": 81,
      "n_components": 3
    }
  },
  "config_origins": {
    "1": "Initial Design: Sobol",
    "2": "Initial Design: Sobol",
    "3": "Acquisition Function Maximizer: Random Search (sorted)",
    "4": "Acquisition Function Maximizer: Local Search"
  }
}