{
  "incumbent_ids": [
    4
  ],
  "rejected_config_ids": [
    1
  ],
  "incumbents_changed": 2,
  "trajectory": [
    {
      "config_ids": [
        1
      ],
      "costs": [
        0.547059922111299
      ],
      "trial": 1,
      "walltime": 0.423734188079834
    },
    {
      "config_ids": [
        4
      ],
      "costs": [
        0.5269729782885317
      ],
      "trial": 11,
      "walltime": 4.391059637069702
    }
  ],
  "state": {
    "queue": []
  }
}