{
  "stats": {
    "submitted": 29,
    "finished": 29,
    "running": 0
  },
  "data": [
    [
      1,
      null,
      209652396,
      null,
      0.547059922111299,
      0.421724796295166,
      1,
      1703641856.9460905,
      1703641857.3687925,
      {}
    ],
    [
      1,
      null,
      398764591,
      null,
      0.547059922111299,
      0.5220584869384766,
      1,
      1703641857.3703933,
      1703641857.8933263,
      {}
    ],
    [
      2,
      null,
      209652396,
      null,
      0.5514979003398353,
      0.33997488021850586,
      1,
      1703641857.8949575,
      1703641858.235807,
      {}
    ],
    [
      2,
      null,
      398764591,
      null,
      0.5514979003398353,
      0.4064595699310303,
      1,
      1703641858.2371714,
      1703641858.6444755,
      {}
    ],
    [
      1,
      null,
      924231285,
      null,
      0.547059922111299,
      0.4953286647796631,
      1,
      1703641858.6462636,
      1703641859.1424417,
      {}
    ],
    [
      3,
      null,
      209652396,
      null,
      0.5513798566564811,
      0.29941296577453613,
      1,
      1703641859.1440456,
      1703641859.4443235,
      {}
    ],
    [
      3,
      null,
      398764591,
      null,
      0.5513798566564809,
      0.3291049003601074,
      1,
      1703641859.4458203,
      1703641859.775783,
      {}
    ],
    [
      3,
      null,
      924231285,
      null,
      0.551379856656481,
      0.38839173316955566,
      1,
      1703641859.7773504,
      1703641860.1665998,
      {}
    ],
    [
      4,
      null,
      209652396,
      null,
      0.5269729782885317,
      0.4031996726989746,
      1,
      1703641860.168669,
      1703641860.5728776,
      {}
    ],
    [
      4,
      null,
      398764591,
      null,
      0.5269729782885317,
      0.2427654266357422,
      1,
      1703641860.574358,
      1703641860.8179705,
      {}
    ],
    [
      4,
      null,
      924231285,
      null,
      0.5269729782885317,
      0.515385627746582,
      1,
      1703641860.8194795,
      1703641861.335724,
      {}
    ],
    [
      5,
      null,
      209652396,
      null,
      0.5269729782885317,
      0.41424059867858887,
      1,
      1703641861.3401241,
      1703641861.7552216,
      {}
    ],
    [
      5,
      null,
      398764591,
      null,
      0.5269729782885317,
      0.4181935787200928,
      1,
      1703641861.7569075,
      1703641862.1759608,
      {}
    ],
    [
      5,
      null,
      924231285,
      null,
      0.5269729782885317,
      0.13450908660888672,
      1,
      1703641862.1792798,
      1703641862.3146539,
      {}
    ],
    [
      6,
      null,
      209652396,
      null,
      0.547059922111299,
      0.39591026306152344,
      1,
      1703641862.4764917,
      1703641862.8732646,
      {}
    ],
    [
      6,
      null,
      398764591,
      null,
      0.547059922111299,
      0.43647265434265137,
      1,
      1703641862.8749747,
      1703641863.3123038,
      {}
    ],
    [
      6,
      null,
      924231285,
      null,
      0.547059922111299,
      0.20794677734375,
      1,
      1703641863.314039,
      1703641863.522829,
      {}
    ],
    [
      7,
      null,
      209652396,
      null,
      0.5513798566564811,
      0.5592842102050781,
      1,
      1703641863.5263333,
      1703641864.0864592,
      {}
    ],
    [
      7,
      null,
      398764591,
      null,
      0.5513798566564811,
      0.2891368865966797,
      1,
      1703641864.0883,
      1703641864.3782997,
      {}
    ],
    [
      7,
      null,
      924231285,
      null,
      0.5513798566564811,
      0.2657294273376465,
      1,
      1703641864.3801494,
      1703641864.646749,
      {}
    ],
    [
      8,
      null,
      209652396,
      null,
      0.551379856656481,
      0.13121628761291504,
      1,
      1703641864.650008,
      1703641864.7822025,
      {}
    ],
    [
      8,
      null,
      398764591,
      null,
      0.5513798566564811,
      0.43341994285583496,
      1,
      1703641864.7841253,
      1703641865.218406,
      {}
    ],
    [
      8,
      null,
      924231285,
      null,
      0.5513798566564811,
      0.41679859161376953,
      1,
      1703641865.2203882,
      1703641865.6380477,
      {}
    ],
    [
      9,
      null,
      209652396,
      null,
      0.5513798566564811,
      0.26021790504455566,
      1,
      1703641865.6407747,
      1703641865.9018497,
      {}
    ],
    [
      9,
      null,
      398764591,
      null,
      0.551379856656481,
      0.25749778747558594,
      1,
      1703641865.903907,
      1703641866.1622488,
      {}
    ],
    [
      9,
      null,
      924231285,
      null,
      0.5513798566564811,
      0.3548104763031006,
      1,
      1703641866.1642992,
      1703641866.5200355,
      {}
    ],
    [
      10,
      null,
      209652396,
      null,
      0.5513798566564811,
      0.25782346725463867,
      1,
      1703641866.5229897,
      1703641866.7817411,
      {}
    ],
    [
      10,
      null,
      398764591,
      null,
      0.5513798566564811,
      0.3398556709289551,
      1,
      1703641866.7838266,
      1703641867.1245315,
      {}
    ],
    [
      10,
      null,
      924231285,
      null,
      0.5513798566564811,
      0.3755226135253906,
      1,
      1703641867.12663,
      1703641867.5029938,
      {}
    ]
  ],
  "configs": {
    "1": {
      "n_components": 3,
      "svd_solver": "full"
    },
    "2": {
      "n_components": 5,
      "svd_solver": "auto"
    },
    "3": {
      "n_components": 4,
      "svd_solver": "randomized",
      "n_oversamples": 5,
      "power_iteration_normalizer": "QR"
    },
    "4": {
      "n_components": 2,
      "svd_solver": "full"
    },
    "5": {
      "n_components": 2,
      "svd_solver": "randomized",
      "n_oversamples": 7,
      "power_iteration_normalizer": "LU"
    },
    "6": {
      "n_components": 3,
      "svd_solver": "auto"
    },
    "7": {
      "n_components": 4,
      "svd_solver": "full"
    },
    "8": {
      "n_components": 4,
      "svd_solver": "randomized",
      "n_oversamples": 10,
      "power_iteration_normalizer": "QR"
    },
    "9": {
      "n_components": 4,
      "svd_solver": "randomized",
      "n_oversamples": 10,
      "power_iteration_normalizer": "auto"
    },
    "10": {
      "n_components": 4,
      "svd_solver": "randomized",
      "n_oversamples": 3,
      "power_iteration_normalizer": "auto"
    }
  },
  "config_origins": {
    "1": "Initial Design: Sobol",
    "2": "Initial Design: Sobol",
    "3": "Initial Design: Sobol",
    "4": "Initial Design: Sobol",
    "5": "Initial Design: Sobol",
    "6": "Acquisition Function Maximizer: Local Search",
    "7": "Acquisition Function Maximizer: Random Search (sorted)",
    "8": "Acquisition Function Maximizer: Random Search (sorted)",
    "9": "Acquisition Function Maximizer: Random Search (sorted)",
    "10": "Acquisition Function Maximizer: Random Search (sorted)"
  }
}