{
  "incumbent_ids": [
    3
  ],
  "rejected_config_ids": [
    1,
    2
  ],
  "incumbents_changed": 3,
  "trajectory": [
    {
      "config_ids": [
        1
      ],
      "costs": [
        0.5828163592909185
      ],
      "trial": 1,
      "walltime": 0.21010589599609375
    },
    {
      "config_ids": [
        2
      ],
      "costs": [
        0.45029990971319434
      ],
      "trial": 4,
      "walltime": 0.6665716171264648
    },
    {
      "config_ids": [
        3
      ],
      "costs": [
        0.4497628844100423
      ],
      "trial": 8,
      "walltime": 1.3792026042938232
    }
  ],
  "state": {
    "queue": [
      [
        4,
        2
      ]
    ]
  }
}