{
  "stats": {
    "submitted": 10,
    "finished": 10,
    "running": 0
  },
  "data": [
    [
      1,
      null,
      209652396,
      null,
      0.5828163592909185,
      0.20691561698913574,
      1,
      1694796921.1255836,
      1694796921.333883,
      {}
    ],
    [
      1,
      null,
      398764591,
      null,
      0.582816359290923,
      0.2030949592590332,
      1,
      1694796921.3367932,
      1694796921.541256,
      {}
    ],
    [
      2,
      null,
      209652396,
      null,
      0.4502998087068487,
      0.1206200122833252,
      1,
      1694796921.5440383,
      1694796921.6660502,
      {}
    ],
    [
      2,
      null,
      398764591,
      null,
      0.45030001071953996,
      0.11998128890991211,
      1,
      1694796921.6683755,
      1694796921.7896967,
      {}
    ],
    [
      2,
      null,
      924231285,
      null,
      0.45030003554589404,
      0.12790966033935547,
      1,
      1694796921.7933671,
      1694796921.9226217,
      {}
    ],
    [
      3,
      null,
      209652396,
      null,
      0.44971010364598385,
      0.13991308212280273,
      1,
      1694796922.1324465,
      1694796922.273677,
      {}
    ],
    [
      3,
      null,
      398764591,
      null,
      0.44971013665427895,
      0.12339305877685547,
      1,
      1694796922.2764487,
      1694796922.4012153,
      {}
    ],
    [
      3,
      null,
      924231285,
      null,
      0.4498684129298641,
      0.09723186492919922,
      1,
      1694796922.4038606,
      1694796922.502403,
      {}
    ],
    [
      4,
      null,
      209652396,
      null,
      0.4508073576948264,
      0.10257673263549805,
      1,
      1694796922.5065153,
      1694796922.610391,
      {}
    ],
    [
      4,
      null,
      398764591,
      null,
      0.4508073784259803,
      0.10576796531677246,
      1,
      1694796922.6134686,
      1694796922.7206182,
      {}
    ]
  ],
  "configs": {
    "1": {
      "alpha_W": 0.2668785210698843,
      "init": "nndsvda",
      "l1_ratio": 0.10750788170844316,
      "n_components": 2,
      "solver": "mu",
      "verbose": 0,
      "beta_loss": "itakura-saito"
    },
    "2": {
      "alpha_W": 0.517645406536758,
      "init": "random",
      "l1_ratio": 0.8396603688597679,
      "n_components": 4,
      "solver": "cd",
      "verbose": 1
    },
    "3": {
      "alpha_W": 0.8917730007820798,
      "init": "random",
      "l1_ratio": 0.7805291762864555,
      "n_components": 4,
      "solver": "mu",
      "verbose": 0,
      "beta_loss": "frobenius"
    },
    "4": {
      "alpha_W": 0.6458941130666561,
      "init": "nndsvdar",
      "l1_ratio": 0.7991585642167236,
      "n_components": 3,
      "solver": "mu",
      "verbose": 1,
      "beta_loss": "frobenius"
    }
  },
  "config_origins": {
    "1": "Initial Design: Sobol",
    "2": "Initial Design: Sobol",
    "3": "Acquisition Function Maximizer: Random Search (sorted)",
    "4": "Acquisition Function Maximizer: Random Search (sorted)"
  }
}