{
  "incumbent_ids": [
    3
  ],
  "rejected_config_ids": [
    1
  ],
  "incumbents_changed": 2,
  "trajectory": [
    {
      "config_ids": [
        1
      ],
      "costs": [
        0.478620878061089
      ],
      "trial": 1,
      "walltime": 0.08841085433959961
    },
    {
      "config_ids": [
        3
      ],
      "costs": [
        0.22008973655142464
      ],
      "trial": 8,
      "walltime": 1.0208675861358643
    }
  ],
  "state": {
    "queue": [
      [
        4,
        2
      ]
    ]
  }
}