{
  "incumbent_ids": [
    8
  ],
  "rejected_config_ids": [
    1
  ],
  "incumbents_changed": 2,
  "trajectory": [
    {
      "config_ids": [
        1
      ],
      "costs": [
        0.1507711011939924
      ],
      "trial": 1,
      "walltime": 0.49181175231933594
    },
    {
      "config_ids": [
        8
      ],
      "costs": [
        0.15077106738794585
      ],
      "trial": 23,
      "walltime": 13.637139081954956
    }
  ],
  "state": {
    "queue": []
  }
}