{
  "stats": {
    "submitted": 32,
    "finished": 32,
    "running": 0
  },
  "data": [
    [
      1,
      null,
      209652396,
      null,
      0.1507711011939924,
      0.4902970790863037,
      1,
      1703644596.6704354,
      1703644597.1612804,
      {}
    ],
    [
      1,
      null,
      398764591,
      null,
      0.15077105480185327,
      0.35375213623046875,
      1,
      1703644597.1630678,
      1703644597.5176914,
      {}
    ],
    [
      2,
      null,
      209652396,
      null,
      0.6439854320180891,
      0.3548729419708252,
      1,
      1703644597.5194786,
      1703644597.8751962,
      {}
    ],
    [
      2,
      null,
      398764591,
      null,
      0.643985417839485,
      0.22051429748535156,
      1,
      1703644597.876877,
      1703644598.0982628,
      {}
    ],
    [
      1,
      null,
      924231285,
      null,
      0.1507711268248929,
      0.22808003425598145,
      1,
      1703644598.102599,
      1703644598.331549,
      {}
    ],
    [
      3,
      null,
      209652396,
      null,
      0.5160334755717773,
      0.2733027935028076,
      1,
      1703644598.3334265,
      1703644598.6075602,
      {}
    ],
    [
      3,
      null,
      398764591,
      null,
      0.5160334755717777,
      1.2374632358551025,
      1,
      1703644598.609213,
      1703644599.847486,
      {}
    ],
    [
      3,
      null,
      924231285,
      null,
      0.5160334755717768,
      0.547168493270874,
      1,
      1703644599.8515403,
      1703644600.399503,
      {}
    ],
    [
      4,
      null,
      209652396,
      null,
      0.44889439975483203,
      0.8082418441772461,
      1,
      1703644600.4016008,
      1703644601.2106307,
      {}
    ],
    [
      4,
      null,
      398764591,
      null,
      0.4488943313667434,
      0.3382725715637207,
      1,
      1703644601.2123275,
      1703644601.5514092,
      {}
    ],
    [
      4,
      null,
      924231285,
      null,
      0.44889438243382085,
      0.43828487396240234,
      1,
      1703644601.5529897,
      1703644601.9920232,
      {}
    ],
    [
      5,
      null,
      209652396,
      null,
      0.5893093143411692,
      0.864210844039917,
      1,
      1703644601.994115,
      1703644602.8590708,
      {}
    ],
    [
      5,
      null,
      398764591,
      null,
      0.589309448746155,
      1.7242889404296875,
      1,
      1703644602.8606787,
      1703644604.5857313,
      {}
    ],
    [
      5,
      null,
      924231285,
      null,
      0.5893093375947775,
      0.9536941051483154,
      1,
      1703644604.587352,
      1703644605.5417933,
      {}
    ],
    [
      6,
      null,
      209652396,
      null,
      0.27053676434489105,
      0.7706661224365234,
      1,
      1703644605.6406538,
      1703644606.4120774,
      {}
    ],
    [
      6,
      null,
      398764591,
      null,
      0.27053676434489105,
      0.4825470447540283,
      1,
      1703644606.413728,
      1703644606.8970222,
      {}
    ],
    [
      6,
      null,
      924231285,
      null,
      0.27053676434489105,
      0.21686840057373047,
      1,
      1703644606.8986726,
      1703644607.1162903,
      {}
    ],
    [
      7,
      null,
      209652396,
      null,
      0.2705366731871198,
      0.27469468116760254,
      1,
      1703644607.118566,
      1703644607.3940015,
      {}
    ],
    [
      7,
      null,
      398764591,
      null,
      0.27053675836295243,
      0.2895488739013672,
      1,
      1703644607.3957438,
      1703644607.6861894,
      {}
    ],
    [
      7,
      null,
      924231285,
      null,
      0.2705367464198092,
      0.4135897159576416,
      1,
      1703644607.6879067,
      1703644608.1022484,
      {}
    ],
    [
      8,
      null,
      209652396,
      null,
      0.15077088306376996,
      0.976356029510498,
      1,
      1703644608.1045961,
      1703644609.0817022,
      {}
    ],
    [
      8,
      null,
      398764591,
      null,
      0.15077107988927596,
      0.7884318828582764,
      1,
      1703644609.0834868,
      1703644609.8726683,
      {}
    ],
    [
      8,
      null,
      924231285,
      null,
      0.1507712392107916,
      0.4274735450744629,
      1,
      1703644609.8760054,
      1703644610.3062592,
      {}
    ],
    [
      9,
      null,
      209652396,
      null,
      0.6439854408759298,
      0.7674498558044434,
      1,
      1703644610.3131928,
      1703644611.0813904,
      {}
    ],
    [
      9,
      null,
      398764591,
      null,
      0.6439854408759277,
      0.9902188777923584,
      1,
      1703644611.0833406,
      1703644612.0744529,
      {}
    ],
    [
      9,
      null,
      924231285,
      null,
      0.643985440875929,
      0.7908439636230469,
      1,
      1703644612.0764213,
      1703644612.868012,
      {}
    ],
    [
      10,
      null,
      209652396,
      null,
      0.4488943837404892,
      0.6954965591430664,
      1,
      1703644612.8715167,
      1703644613.5677605,
      {}
    ],
    [
      10,
      null,
      398764591,
      null,
      0.44889443494792325,
      0.6844899654388428,
      1,
      1703644613.5698278,
      1703644614.2550626,
      {}
    ],
    [
      10,
      null,
      924231285,
      null,
      0.4488943686468937,
      0.31617188453674316,
      1,
      1703644614.257116,
      1703644614.5740397,
      {}
    ],
    [
      11,
      null,
      209652396,
      null,
      0.5160334552139025,
      0.31691622734069824,
      1,
      1703644614.7225084,
      1703644615.0401769,
      {}
    ],
    [
      11,
      null,
      398764591,
      null,
      0.5160331868806844,
      0.2956047058105469,
      1,
      1703644615.0439193,
      1703644615.3402696,
      {}
    ],
    [
      11,
      null,
      924231285,
      null,
      0.5160334786348239,
      0.2829444408416748,
      1,
      1703644615.3423336,
      1703644615.6260176,
      {}
    ]
  ],
  "configs": {
    "1": {
      "affinity": "nearest_neighbors",
      "eigen_solver": "amg",
      "n_components": 2
    },
    "2": {
      "affinity": "rbf",
      "eigen_solver": "lobpcg",
      "n_components": 4
    },
    "3": {
      "affinity": "rbf",
      "eigen_solver": "amg",
      "n_components": 3
    },
    "4": {
      "affinity": "nearest_neighbors",
      "eigen_solver": "lobpcg",
      "n_components": 3
    },
    "5": {
      "affinity": "nearest_neighbors",
      "eigen_solver": "amg",
      "n_components": 4
    },
    "6": {
      "affinity": "rbf",
      "eigen_solver": "amg",
      "n_components": 2
    },
    "7": {
      "affinity": "rbf",
      "eigen_solver": "lobpcg",
      "n_components": 2
    },
    "8": {
      "affinity": "nearest_neighbors",
      "eigen_solver": "lobpcg",
      "n_components": 2
    },
    "9": {
      "affinity": "rbf",
      "eigen_solver": "amg",
      "n_components": 4
    },
    "10": {
      "affinity": "nearest_neighbors",
      "eigen_solver": "amg",
      "n_components": 3
    },
    "11": {
      "affinity": "rbf",
      "eigen_solver": "lobpcg",
      "n_components": 3
    }
  },
  "config_origins": {
    "1": "Initial Design: Sobol",
    "2": "Initial Design: Sobol",
    "3": "Initial Design: Sobol",
    "4": "Initial Design: Sobol",
    "5": "Initial Design: Sobol",
    "6": "Acquisition Function Maximizer: Random Search (sorted)",
    "7": "Acquisition Function Maximizer: Local Search",
    "8": "Acquisition Function Maximizer: Local Search",
    "9": "Acquisition Function Maximizer: Random Search (sorted)",
    "10": "Random Search",
    "11": "Acquisition Function Maximizer: Random Search (sorted)"
  }
}