{
  "stats": {
    "submitted": 71,
    "finished": 71,
    "running": 0
  },
  "data": [
    [
      1,
      null,
      209652396,
      null,
      0.6007191756325856,
      1.1253232955932617,
      1,
      1703618471.253683,
      1703618472.3796468,
      {}
    ],
    [
      1,
      null,
      398764591,
      null,
      0.6007191756325855,
      0.9395620822906494,
      1,
      1703618472.3817618,
      1703618473.3222213,
      {}
    ],
    [
      2,
      null,
      209652396,
      null,
      0.9069689562426022,
      2.325519561767578,
      1,
      1703618473.3238025,
      1703618475.6501515,
      {}
    ],
    [
      2,
      null,
      398764591,
      null,
      0.9069689562426022,
      2.862450122833252,
      1,
      1703618475.651895,
      1703618478.5152864,
      {}
    ],
    [
      1,
      null,
      924231285,
      null,
      0.6007191756325855,
      1.9729430675506592,
      1,
      1703618478.5174043,
      1703618480.4912367,
      {}
    ],
    [
      3,
      null,
      209652396,
      null,
      0.8332890821894321,
      1.4188275337219238,
      1,
      1703618480.4959824,
      1703618481.9156969,
      {}
    ],
    [
      3,
      null,
      398764591,
      null,
      0.8332890821894321,
      1.9894652366638184,
      1,
      1703618481.9200878,
      1703618483.9104376,
      {}
    ],
    [
      3,
      null,
      924231285,
      null,
      0.8332890821894321,
      1.6222641468048096,
      1,
      1703618483.9122417,
      1703618485.535389,
      {}
    ],
    [
      4,
      null,
      209652396,
      null,
      0.9538296073824116,
      1.6293394565582275,
      1,
      1703618485.5402906,
      1703618487.1705,
      {}
    ],
    [
      4,
      null,
      398764591,
      null,
      0.9538296073824114,
      0.4098818302154541,
      1,
      1703618487.1741133,
      1703618487.584837,
      {}
    ],
    [
      4,
      null,
      924231285,
      null,
      0.9538296073824115,
      0.583319902420044,
      1,
      1703618487.5864077,
      1703618488.1705167,
      {}
    ],
    [
      5,
      null,
      209652396,
      null,
      0.8886519849458522,
      1.2542638778686523,
      1,
      1703618488.1726544,
      1703618489.427709,
      {}
    ],
    [
      5,
      null,
      398764591,
      null,
      0.8886519849458525,
      0.6037259101867676,
      1,
      1703618489.4293454,
      1703618490.033854,
      {}
    ],
    [
      5,
      null,
      924231285,
      null,
      0.8886519849458524,
      1.4002678394317627,
      1,
      1703618490.035481,
      1703618491.4365351,
      {}
    ],
    [
      6,
      null,
      209652396,
      null,
      0.7809218532595886,
      1.0388295650482178,
      1,
      1703618491.6524212,
      1703618492.6918044,
      {}
    ],
    [
      6,
      null,
      398764591,
      null,
      0.7809218532595887,
      0.5955667495727539,
      1,
      1703618492.697446,
      1703618493.2938483,
      {}
    ],
    [
      6,
      null,
      924231285,
      null,
      0.7809218532595886,
      0.43669557571411133,
      1,
      1703618493.2956097,
      1703618493.7330937,
      {}
    ],
    [
      7,
      null,
      209652396,
      null,
      0.7809218532595887,
      0.3462357521057129,
      1,
      1703618493.7355337,
      1703618494.0825665,
      {}
    ],
    [
      7,
      null,
      398764591,
      null,
      0.7809218532595887,
      0.5666522979736328,
      1,
      1703618494.0843701,
      1703618494.651829,
      {}
    ],
    [
      7,
      null,
      924231285,
      null,
      0.7809218532595887,
      0.5947284698486328,
      1,
      1703618494.6536295,
      1703618495.2491488,
      {}
    ],
    [
      8,
      null,
      209652396,
      null,
      0.4204681853562573,
      0.29688596725463867,
      1,
      1703618495.2524662,
      1703618495.5501375,
      {}
    ],
    [
      8,
      null,
      398764591,
      null,
      0.4204681853562573,
      0.2458019256591797,
      1,
      1703618495.5521402,
      1703618495.7987459,
      {}
    ],
    [
      8,
      null,
      924231285,
      null,
      0.4204681853562573,
      0.20828914642333984,
      1,
      1703618495.8006122,
      1703618496.0096931,
      {}
    ],
    [
      9,
      null,
      209652396,
      null,
      0.9444929591176041,
      2.4805421829223633,
      1,
      1703618496.012588,
      1703618498.493955,
      {}
    ],
    [
      9,
      null,
      398764591,
      null,
      0.9444929591176042,
      2.5095736980438232,
      1,
      1703618498.4963148,
      1703618501.006786,
      {}
    ],
    [
      9,
      null,
      924231285,
      null,
      0.9444929591176041,
      2.533108711242676,
      1,
      1703618501.0092301,
      1703618503.543234,
      {}
    ],
    [
      10,
      null,
      209652396,
      null,
      0.9444929591176041,
      1.542346477508545,
      1,
      1703618503.5486925,
      1703618505.0919251,
      {}
    ],
    [
      10,
      null,
      398764591,
      null,
      0.9444929591176041,
      1.7925336360931396,
      1,
      1703618505.0944102,
      1703618506.8878314,
      {}
    ],
    [
      10,
      null,
      924231285,
      null,
      0.9444929591176041,
      1.1228294372558594,
      1,
      1703618506.8902364,
      1703618508.013922,
      {}
    ],
    [
      11,
      null,
      209652396,
      null,
      0.9444929591176042,
      0.7894983291625977,
      1,
      1703618508.0170898,
      1703618508.807454,
      {}
    ],
    [
      11,
      null,
      398764591,
      null,
      0.9444929591176042,
      0.927609920501709,
      1,
      1703618508.8119783,
      1703618509.7404654,
      {}
    ],
    [
      11,
      null,
      924231285,
      null,
      0.9444929591176042,
      0.9535675048828125,
      1,
      1703618509.7429185,
      1703618510.697339,
      {}
    ],
    [
      12,
      null,
      209652396,
      null,
      0.9501189443415504,
      0.43451499938964844,
      1,
      1703618510.7004838,
      1703618511.1358187,
      {}
    ],
    [
      12,
      null,
      398764591,
      null,
      0.9501189443415504,
      1.0056374073028564,
      1,
      1703618511.1380754,
      1703618512.1445124,
      {}
    ],
    [
      12,
      null,
      924231285,
      null,
      0.9501189443415504,
      0.7070701122283936,
      1,
      1703618512.1467674,
      1703618512.8546484,
      {}
    ],
    [
      13,
      null,
      209652396,
      null,
      0.4204681853562573,
      0.6872706413269043,
      1,
      1703618512.857915,
      1703618513.5459845,
      {}
    ],
    [
      13,
      null,
      398764591,
      null,
      0.4204681853562573,
      0.9628205299377441,
      1,
      1703618513.5483205,
      1703618514.5119514,
      {}
    ],
    [
      13,
      null,
      924231285,
      null,
      0.4204681853562572,
      0.775285005569458,
      1,
      1703618514.514314,
      1703618515.2904112,
      {}
    ],
    [
      14,
      null,
      209652396,
      null,
      0.9538296073824105,
      0.4985668659210205,
      1,
      1703618515.3016415,
      1703618515.80101,
      {}
    ],
    [
      14,
      null,
      398764591,
      null,
      0.9538296073824115,
      0.7454845905303955,
      1,
      1703618515.8034093,
      1703618516.549705,
      {}
    ],
    [
      14,
      null,
      924231285,
      null,
      0.9538296073824115,
      0.5247790813446045,
      1,
      1703618516.552455,
      1703618517.0780857,
      {}
    ],
    [
      15,
      null,
      209652396,
      null,
      0.9311360685549273,
      0.35587549209594727,
      1,
      1703618517.08164,
      1703618517.4383206,
      {}
    ],
    [
      15,
      null,
      398764591,
      null,
      0.9311360685549273,
      0.2854130268096924,
      1,
      1703618517.440828,
