{
  "incumbent_ids": [
    3
  ],
  "rejected_config_ids": [
    1
  ],
  "incumbents_changed": 2,
  "trajectory": [
    {
      "config_ids": [
        1
      ],
      "costs": [
        0.5304991740585638
      ],
      "trial": 1,
      "walltime": 0.09087872505187988
    },
    {
      "config_ids": [
        3
      ],
      "costs": [
        0.5097565024004189
      ],
      "trial": 8,
      "walltime": 0.6877546310424805
    }
  ],
  "state": {
    "queue": [
      [
        4,
        2
      ]
    ]
  }
}