{
  "incumbent_ids": [
    12
  ],
  "rejected_config_ids": [
    1
  ],
  "incumbents_changed": 2,
  "trajectory": [
    {
      "config_ids": [
        1
      ],
      "costs": [
        0.48114167760453597
      ],
      "trial": 1,
      "walltime": 0.4518258571624756
    },
    {
      "config_ids": [
        12
      ],
      "costs": [
        0.4811416776045349
      ],
      "trial": 35,
      "walltime": 16.977699756622314
    }
  ],
  "state": {
    "queue": []
  }
}