{
  "stats": {
    "submitted": 62,
    "finished": 62,
    "running": 0
  },
  "data": [
    [
      1,
      null,
      209652396,
      null,
      0.48114167760453597,
      0.45000553131103516,
      1,
      1703629154.3229547,
      1703629154.7737484,
      {}
    ],
    [
      1,
      null,
      398764591,
      null,
      0.48114167760453586,
      0.28076624870300293,
      1,
      1703629154.7755048,
      1703629155.057138,
      {}
    ],
    [
      2,
      null,
      209652396,
      null,
      0.8857620626003244,
      1.7421185970306396,
      1,
      1703629155.0588596,
      1703629156.8018575,
      {}
    ],
    [
      2,
      null,
      398764591,
      null,
      0.8857620626003244,
      1.2712862491607666,
      1,
      1703629156.8035326,
      1703629158.0757523,
      {}
    ],
    [
      1,
      null,
      924231285,
      null,
      0.48114167760453597,
      0.15390658378601074,
      1,
      1703629158.0782104,
      1703629158.2330048,
      {}
    ],
    [
      3,
      null,
      209652396,
      null,
      0.7601347712053688,
      0.40504908561706543,
      1,
      1703629158.2358785,
      1703629158.6417923,
      {}
    ],
    [
      3,
      null,
      398764591,
      null,
      0.7601347712053688,
      0.40609145164489746,
      1,
      1703629158.6434462,
      1703629159.0503955,
      {}
    ],
    [
      3,
      null,
      924231285,
      null,
      0.7601347712053687,
      0.25250744819641113,
      1,
      1703629159.0521016,
      1703629159.3054824,
      {}
    ],
    [
      4,
      null,
      209652396,
      null,
      0.9232056302588701,
      0.24457287788391113,
      1,
      1703629159.3077483,
      1703629159.5531478,
      {}
    ],
    [
      4,
      null,
      398764591,
      null,
      0.92320563025887,
      0.3022937774658203,
      1,
      1703629159.5548272,
      1703629159.857953,
      {}
    ],
    [
      4,
      null,
      924231285,
      null,
      0.92320563025887,
      0.5423040390014648,
      1,
      1703629159.85984,
      1703629160.4030375,
      {}
    ],
    [
      5,
      null,
      209652396,
      null,
      0.8602259391662788,
      0.5188314914703369,
      1,
      1703629160.408207,
      1703629160.9278774,
      {}
    ],
    [
      5,
      null,
      398764591,
      null,
      0.8602259391662781,
      0.6443731784820557,
      1,
      1703629160.9296248,
      1703629161.5748274,
      {}
    ],
    [
      5,
      null,
      924231285,
      null,
      0.8602259391662783,
      0.3939070701599121,
      1,
      1703629161.5765307,
      1703629161.9713924,
      {}
    ],
    [
      6,
      null,
      209652396,
      null,
      0.6792665095259333,
      0.38155221939086914,
      1,
      1703629162.180471,
      1703629162.562604,
      {}
    ],
    [
      6,
      null,
      398764591,
      null,
      0.6792665095259331,
      0.5282294750213623,
      1,
      1703629162.564592,
      1703629163.0969167,
      {}
    ],
    [
      6,
      null,
      924231285,
      null,
      0.6792665095259333,
      0.2378385066986084,
      1,
      1703629163.1021001,
      1703629163.3408127,
      {}
    ],
    [
      7,
      null,
      209652396,
      null,
      0.6792665095259331,
      0.13025736808776855,
      1,
      1703629163.3435757,
      1703629163.4746382,
      {}
    ],
    [
      7,
      null,
      398764591,
      null,
      0.6792665095259334,
      0.12880492210388184,
      1,
      1703629163.4764283,
      1703629163.606042,
      {}
    ],
    [
      7,
      null,
      924231285,
      null,
      0.6792665095259333,
      0.19695496559143066,
      1,
      1703629163.607885,
      1703629163.8058126,
      {}
    ],
    [
      8,
      null,
      209652396,
      null,
      0.48114167760453597,
      0.1569516658782959,
      1,
      1703629163.809228,
      1703629163.9669838,
      {}
    ],
    [
      8,
      null,
      398764591,
      null,
      0.48114167760453586,
      0.296356201171875,
      1,
      1703629163.9688962,
      1703629164.266058,
      {}
    ],
    [
      8,
      null,
      924231285,
      null,
      0.48114167760453597,
      0.1623058319091797,
      1,
      1703629164.2680104,
      1703629164.431127,
      {}
    ],
    [
      9,
      null,
      209652396,
      null,
      0.9334496010687362,
      1.370762586593628,
      1,
      1703629164.4337292,
      1703629165.8053112,
      {}
    ],
    [
      9,
      null,
      398764591,
      null,
      0.9334496010687362,
      1.0233373641967773,
      1,
      1703629165.8076372,
      1703629166.8318567,
      {}
    ],
    [
      9,
      null,
      924231285,
      null,
      0.9334496010687362,
      1.0250117778778076,
      1,
      1703629166.8341815,
      1703629167.8600812,
      {}
    ],
    [
      10,
      null,
      209652396,
      null,
      0.9334496010687362,
      1.2366492748260498,
      1,
      1703629167.8632195,
      1703629169.1007826,
      {}
    ],
    [
      10,
      null,
      398764591,
      null,
      0.9334496010687362,
      0.2454090118408203,
      1,
      1703629169.1033936,
      1703629169.3496974,
      {}
    ],
    [
      10,
      null,
      924231285,
      null,
      0.9334496010687362,
      0.26836323738098145,
      1,
      1703629169.351798,
      1703629169.620969,
      {}
    ],
    [
      11,
      null,
      209652396,
      null,
      0.9334496010687372,
      0.34830665588378906,
      1,
      1703629169.6237986,
      1703629169.9729173,
      {}
    ],
    [
      11,
      null,
      398764591,
      null,
      0.9334496010687372,
      0.36302900314331055,
      1,
      1703629169.9750998,
      1703629170.3389342,
      {}
    ],
    [
      11,
      null,
      924231285,
      null,
      0.9334496010687372,
      0.32094526290893555,
      1,
      1703629170.3411274,
      1703629170.6628804,
      {}
    ],
    [
      12,
      null,
      209652396,
      null,
      0.48114167760453497,
      0.16864347457885742,
      1,
      1703629170.6660604,
      1703629170.835503,
      {}
    ],
    [
      12,
      null,
      398764591,
      null,
      0.48114167760453486,
      0.2715797424316406,
      1,
      1703629170.837695,
      1703629171.110083,
      {}
    ],
    [
      12,
      null,
      924231285,
      null,
      0.48114167760453497,
      0.18595242500305176,
      1,
      1703629171.1122985,
      1703629171.2990694,
      {}
    ],
    [
      13,
      null,
      209652396,
      null,
      0.9232056302588703,
      0.3035573959350586,
      1,
      1703629171.3027573,
      1703629171.6071246,
      {}
    ],
    [
      13,
      null,
      398764591,
      null,
      0.9232056302588703,
      0.30476856231689453,
      1,
      1703629171.6096117,
      1703629171.9151828,
      {}
    ],
    [
      13,
      null,
      924231285,
      null,
      0.9232056302588701,
      0.3802490234375,
      1,
      1703629171.917573,
      1703629172.2986338,
      {}
    ],
    [
      14,
      null,
      209652396,
      null,
      0.9263187130719899,
      0.36562037467956543,
      1,
      1703629172.3061125,
      1703629172.6725523,
      {}
    ],
    [
      14,
      null,
      398764591,
      null,
      0.9263187130719922,
      0.3045985698699951,
      1,
      1703629172.67499,
      1703629172.9804056,
      {}
    ],
    [
      14,
      null,
      924231285,
      null,
      0.9263187130719902,
      0.2942345142364502,
      1,
      1703629172.982832,
      1703629173.2778738,
      {}
    ],
    [
      15,
      null,
      209652396,
      null,
      0.48114167760453497,
      1.3190772533416748,
      1,
      1703629173.5971446,
      1703629174.917827,
      {}
    ],
    [
      15,
      null,
      398764591,
      null,
      0.48114167760453497,
      0.5537331104278564,
      1,
