{
  "incumbent_ids": [
    7
  ],
  "rejected_config_ids": [
    1
  ],
  "incumbents_changed": 2,
  "trajectory": [
    {
      "config_ids": [
        1
      ],
      "costs": [
        0.3352259386742188
      ],
      "trial": 1,
      "walltime": 1.418644905090332
    },
    {
      "config_ids": [
        7
      ],
      "costs": [
        0.3352257208190778
      ],
      "trial": 20,
      "walltime": 7.919924020767212
    }
  ],
  "state": {
    "queue": []
  }
}