{
  "stats": {
    "submitted": 35,
    "finished": 35,
    "running": 0
  },
  "data": [
    [
      1,
      null,
      209652396,
      null,
      0.3352259386742188,
      1.416750431060791,
      1,
      1703642853.5990252,
      1703642855.0165746,
      {}
    ],
    [
      1,
      null,
      398764591,
      null,
      0.3352265564474117,
      0.23024320602416992,
      1,
      1703642855.0183394,
      1703642855.249414,
      {}
    ],
    [
      2,
      null,
      209652396,
      null,
      0.7126305080073638,
      0.16702795028686523,
      1,
      1703642855.251133,
      1703642855.418975,
      {}
    ],
    [
      2,
      null,
      398764591,
      null,
      0.7126305692924276,
      0.1502397060394287,
      1,
      1703642855.4205308,
      1703642855.5715852,
      {}
    ],
    [
      1,
      null,
      924231285,
      null,
      0.3352262222567959,
      0.3061845302581787,
      1,
      1703642855.5734937,
      1703642855.880484,
      {}
    ],
    [
      3,
      null,
      209652396,
      null,
      0.5902661004827958,
      0.25667619705200195,
      1,
      1703642855.8824487,
      1703642856.1399705,
      {}
    ],
    [
      3,
      null,
      398764591,
      null,
      0.5902661004827957,
      0.20743751525878906,
      1,
      1703642856.14154,
      1703642856.349746,
      {}
    ],
    [
      3,
      null,
      924231285,
      null,
      0.590266100482796,
      0.21299386024475098,
      1,
      1703642856.3513043,
      1703642856.5650685,
      {}
    ],
    [
      4,
      null,
      209652396,
      null,
      0.5718096213995347,
      0.2253875732421875,
      1,
      1703642856.5690885,
      1703642856.7952352,
      {}
    ],
    [
      4,
      null,
      398764591,
      null,
      0.5718097655516226,
      0.15372967720031738,
      1,
      1703642856.796847,
      1703642856.9513595,
      {}
    ],
    [
      4,
      null,
      924231285,
      null,
      0.5718099505624296,
      0.1795358657836914,
      1,
      1703642856.9529665,
      1703642857.1332679,
      {}
    ],
    [
      5,
      null,
      209652396,
      null,
      0.6619069086104385,
      0.23065948486328125,
      1,
      1703642857.1354125,
      1703642857.3668644,
      {}
    ],
    [
      5,
      null,
      398764591,
      null,
      0.6619069345857387,
      0.824507474899292,
      1,
      1703642857.3685713,
      1703642858.193878,
      {}
    ],
    [
      5,
      null,
      924231285,
      null,
      0.661906904565496,
      1.118499755859375,
      1,
      1703642858.200883,
      1703642859.320229,
      {}
    ],
    [
      6,
      null,
      209652396,
      null,
      0.47197223797789634,
      0.37662339210510254,
      1,
      1703642859.440756,
      1703642859.8181984,
      {}
    ],
    [
      6,
      null,
      398764591,
      null,
      0.47197223797789656,
      0.35443687438964844,
      1,
      1703642859.8200984,
      1703642860.175348,
      {}
    ],
    [
      6,
      null,
      924231285,
      null,
      0.47197223797789645,
      0.3101654052734375,
      1,
      1703642860.179583,
      1703642860.490538,
      {}
    ],
    [
      7,
      null,
      209652396,
      null,
      0.3352245589909386,
      0.3243081569671631,
      1,
      1703642860.49283,
      1703642860.817886,
      {}
    ],
    [
      7,
      null,
      398764591,
      null,
      0.3352260660888259,
      0.42952537536621094,
      1,
      1703642860.819629,
      1703642861.2499113,
      {}
    ],
    [
      7,
      null,
      924231285,
      null,
      0.3352265373774689,
      0.264829158782959,
      1,
      1703642861.2518785,
      1703642861.517466,
      {}
    ],
    [
      8,
      null,
      209652396,
      null,
      0.7126305603918817,
      0.3490731716156006,
      1,
      1703642861.5209963,
      1703642861.8708117,
      {}
    ],
    [
      8,
      null,
      398764591,
      null,
      0.7126305603918823,
      0.3328056335449219,
      1,
      1703642861.8727,
      1703642862.2062562,
      {}
    ],
    [
      8,
      null,
      924231285,
      null,
      0.7126305603918824,
      0.1960601806640625,
      1,
      1703642862.2080998,
      1703642862.404917,
      {}
    ],
    [
      9,
      null,
      209652396,
      null,
      0.4291652864314611,
      0.7771317958831787,
      1,
      1703642862.408219,
      1703642863.1861136,
      {}
    ],
    [
      9,
      null,
      398764591,
      null,
      0.4291651929378788,
      0.49405694007873535,
      1,
      1703642863.1880693,
      1703642863.682895,
      {}
    ],
    [
      9,
      null,
      924231285,
      null,
      0.4291651660147714,
      0.3303673267364502,
      1,
      1703642863.68501,
      1703642864.0161364,
      {}
    ],
    [
      10,
      null,
      209652396,
      null,
      0.42916552091613,
      0.5684740543365479,
      1,
      1703642864.0186963,
      1703642864.5879185,
      {}
    ],
    [
      10,
      null,
      398764591,
      null,
      0.4291638890381735,
      0.43508338928222656,
      1,
      1703642864.589919,
      1703642865.0257528,
      {}
    ],
    [
      10,
      null,
      924231285,
      null,
      0.4291647518175463,
      0.4523813724517822,
      1,
      1703642865.0277832,
      1703642865.480916,
      {}
    ],
    [
      11,
      null,
      209652396,
      null,
      0.4719722806873684,
      0.2659752368927002,
      1,
      1703642865.6615853,
      1703642865.9283159,
      {}
    ],
    [
      11,
      null,
      398764591,
      null,
      0.47197226036175255,
      0.20711398124694824,
      1,
      1703642865.9303892,
      1703642866.1382494,
      {}
    ],
    [
      11,
      null,
      924231285,
      null,
      0.4719719561288861,
      0.4228518009185791,
      1,
      1703642866.140333,
      1703642866.5639467,
      {}
    ],
    [
      12,
      null,
      209652396,
      null,
      0.571809797912253,
      0.3896934986114502,
      1,
      1703642866.5669749,
      1703642866.9574156,
      {}
    ],
    [
      12,
      null,
      398764591,
      null,
      0.5718099216689856,
      0.31210827827453613,
      1,
      1703642866.9612699,
      1703642867.2741363,
      {}
    ],
    [
      12,
      null,
      924231285,
      null,
      0.5718098046563297,
      0.4766099452972412,
      1,
      1703642867.2763572,
      1703642867.753731,
      {}
    ]
  ],
  "configs": {
    "1": {
      "affinity": "nearest_neighbors",
      "eigen_solver": "amg",
      "n_components": 2
    },
    "2": {
      "affinity": "rbf",
      "eigen_solver": "lobpcg",
      "n_components": 5
    },
    "3": {
      "affinity": "rbf",
      "eigen_solver": "amg",
      "n_components": 3
    },
    "4": {
      "affinity": "nearest_neighbors",
      "eigen_solver": "lobpcg",
      "n_components": 4
    },
    "5": {
      "affinity": "nearest_neighbors",
      "eigen_solver": "amg",
      "n_components": 5
    },
    "6": {
      "affinity": "rbf",
      "eigen_solver": "amg",
      "n_components": 2
    },
    "7": {
      "affinity": "nearest_neighbors",
      "eigen_solver": "lobpcg",
      "n_components": 2
    },
    "8": {
      "affinity": "rbf",
      "eigen_solver": "amg",
      "n_components": 5
    },
    "9": {
      "affinity": "nearest_neighbors",
      "eigen_solver": "amg",
      "n_components": 3
    },
    "10": {
      "affinity": "nearest_neighbors",
      "eigen_solver": "lobpcg",
      "n_components": 3
    },
    "11": {
      "affinity": "rbf",
      "eigen_solver": "lobpcg",
      "n_components": 2
    },
    "12": {
      "affinity": "nearest_neighbors",
      "eigen_solver": "amg",
      "n_components": 4
    }
  },
  "config_origins": {
    "1": "Initial Design: Sobol",
    "2": "Initial Design: Sobol",
    "3": "Initial Design: Sobol",
    "4": "Initial Design: Sobol",