{
  "incumbent_ids": [
    6
  ],
  "rejected_config_ids": [
    1,
    3,
    4
  ],
  "incumbents_changed": 4,
  "trajectory": [
    {
      "config_ids": [
        1
      ],
      "costs": [
        0.5512449028105235
      ],
      "trial": 1,
      "walltime": 1.0002410411834717
    },
    {
      "config_ids": [
        3
      ],
      "costs": [
        0.5522656373290976
      ],
      "trial": 8,
      "walltime": 9.197424173355103
    },
    {
      "config_ids": [
        4
      ],
      "costs": [
        0.5167053936457648
      ],
      "trial": 11,
      "walltime": 13.594643354415894
    },
    {
      "config_ids": [
        6
      ],
      "costs": [
        0.4021026525808593
      ],
      "trial": 17,
      "walltime": 19.313427448272705
    }
  ],
  "state": {
    "queue": []
  }
}