{
  "stats": {
    "submitted": 41,
    "finished": 41,
    "running": 0
  },
  "data": [
    [
      1,
      null,
      209652396,
      null,
      0.5512449028105235,
      0.9984550476074219,
      1,
      1703630151.8740554,
      1703630152.873254,
      {}
    ],
    [
      1,
      null,
      398764591,
      null,
      0.5511280138841443,
      1.2881381511688232,
      1,
      1703630152.8751073,
      1703630154.1641016,
      {}
    ],
    [
      2,
      null,
      209652396,
      null,
      0.5572301011086944,
      1.896235704421997,
      1,
      1703630154.169828,
      1703630156.066901,
      {}
    ],
    [
      2,
      null,
      398764591,
      null,
      0.5494645245679044,
      1.523425579071045,
      1,
      1703630156.0686288,
      1703630157.5929656,
      {}
    ],
    [
      1,
      null,
      924231285,
      null,
      0.5700206188116034,
      1.668823480606079,
      1,
      1703630157.5951507,
      1703630159.264854,
      {}
    ],
    [
      3,
      null,
      209652396,
      null,
      0.5528722232399461,
      0.47424769401550293,
      1,
      1703630159.2688076,
      1703630159.7439418,
      {}
    ],
    [
      3,
      null,
      398764591,
      null,
      0.5529207878558948,
      0.5199739933013916,
      1,
      1703630159.7456825,
      1703630160.266513,
      {}
    ],
    [
      3,
      null,
      924231285,
      null,
      0.551003900891452,
      0.8007328510284424,
      1,
      1703630160.2683568,
      1703630161.0699515,
      {}
    ],
    [
      4,
      null,
      209652396,
      null,
      0.5140417469949312,
      0.7822515964508057,
      1,
      1703630161.0726926,
      1703630161.8597894,
      {}
    ],
    [
      4,
      null,
      398764591,
      null,
      0.5215443306494488,
      1.4325194358825684,
      1,
      1703630161.8637793,
      1703630163.2971184,
      {}
    ],
    [
      4,
      null,
      924231285,
      null,
      0.5145301032929144,
      2.1673710346221924,
      1,
      1703630163.2990386,
      1703630165.4672172,
      {}
    ],
    [
      5,
      null,
      209652396,
      null,
      0.5516914384356644,
      0.8046054840087891,
      1,
      1703630165.470018,
      1703630166.2754302,
      {}
    ],
    [
      5,
      null,
      398764591,
      null,
      0.5710369054025444,
      0.6531977653503418,
      1,
      1703630166.277559,
      1703630166.9315584,
      {}
    ],
    [
      5,
      null,
      924231285,
      null,
      0.5546059292613577,
      0.7791469097137451,
      1,
      1703630166.933562,
      1703630167.7135587,
      {}
    ],
    [
      6,
      null,
      209652396,
      null,
      0.405584120511442,
      2.2912471294403076,
      1,
      1703630167.8349512,
      1703630170.1270006,
      {}
    ],
    [
      6,
      null,
      398764591,
      null,
      0.39548398569273713,
      0.4240424633026123,
      1,
      1703630170.1291654,
      1703630170.5540457,
      {}
    ],
    [
      6,
      null,
      924231285,
      null,
      0.4052398515383987,
      0.6289472579956055,
      1,
      1703630170.5561533,
      1703630171.1859138,
      {}
    ],
    [
      7,
      null,
      209652396,
      null,
      0.4488577559390706,
      0.5686526298522949,
      1,
      1703630171.1890278,
      1703630171.75854,
      {}
    ],
    [
      7,
      null,
      398764591,
      null,
      0.39391320503706295,
      0.2505073547363281,
      1,
      1703630171.76066,
      1703630172.011962,
      {}
    ],
    [
      7,
      null,
      924231285,
      null,
      0.3924884601898725,
      0.5750784873962402,
      1,
      1703630172.0139875,
      1703630172.5898523,
      {}
    ],
    [
      8,
      null,
      209652396,
      null,
      0.5218184572016187,
      1.310546875,
      1,
      1703630172.59274,
      1703630173.9040852,
      {}
    ],
    [
      8,
      null,
      398764591,
      null,
      0.5174490749590017,
      1.04656982421875,
      1,
      1703630173.9063582,
      1703630174.9537406,
      {}
    ],
    [
      8,
      null,
      924231285,
      null,
      0.5222838903840292,
      0.7083394527435303,
      1,
      1703630174.956014,
      1703630175.6692386,
      {}
    ],
    [
      9,
      null,
      209652396,
      null,
      0.4099948187820762,
      1.36854887008667,
      1,
      1703630175.6743388,
      1703630177.0437,
      {}
    ],
    [
      9,
      null,
      398764591,
      null,
      0.4032850818695555,
      1.2358818054199219,
      1,
      1703630177.0461442,
      1703630178.282848,
      {}
    ],
    [
      9,
      null,
      924231285,
      null,
      0.4093264673152508,
      1.139880657196045,
      1,
      1703630178.2853954,
      1703630179.4261143,
      {}
    ],
    [
      10,
      null,
      209652396,
      null,
      0.5155612179710369,
      1.1490833759307861,
      1,
      1703630179.429239,
      1703630180.579142,
      {}
    ],
    [
      10,
      null,
      398764591,
      null,
      0.5212561277610422,
      0.6217746734619141,
      1,
      1703630180.581596,
      1703630181.2041836,
      {}
    ],
    [
      10,
      null,
      924231285,
      null,
      0.5221190751707443,
      0.9979877471923828,
      1,
      1703630181.2067566,
      1703630182.2055733,
      {}
    ],
    [
      11,
      null,
      209652396,
      null,
      0.51738785669122,
      1.4052844047546387,
      1,
      1703630182.2092476,
      1703630183.6153376,
      {}
    ],
    [
      11,
      null,
      398764591,
      null,
      0.5196406240507139,
      2.148313045501709,
      1,
      1703630183.6178987,
      1703630185.7670295,
      {}
    ],
    [
      11,
      null,
      924231285,
      null,
      0.5212419008495681,
      3.174893379211426,
      1,
      1703630185.769727,
      1703630188.9454563,
      {}
    ],
    [
      12,
      null,
      209652396,
      null,
      0.5511944670080325,
      1.4038050174713135,
      1,
      1703630188.9500222,
      1703630190.3546746,
      {}
    ],
    [
      12,
      null,
      398764591,
      null,
      0.5488830218083288,
      0.7883682250976562,
      1,
      1703630190.360508,
      1703630191.1497214,
      {}
    ],
    [
      12,
      null,
      924231285,
      null,
      0.5491573939981197,
      3.543355703353882,
      1,
      1703630191.1523793,
      1703630194.7007751,
      {}
    ],
    [
      13,
      null,
      209652396,
      null,
      0.5510630854189057,
      1.0265686511993408,
      1,
      1703630194.7043426,
      1703630195.736803,
      {}
    ],
    [
      13,
      null,
      398764591,
      null,
      0.5548903604063212,
      1.5652515888214111,
      1,
      1703630195.7394254,
      1703630197.305482,
      {}
    ],
    [
      13,
      null,
      924231285,
      null,
      0.5522697005916368,
      1.519946575164795,
      1,
      1703630197.3081405,
      1703630198.8332417,
      {}
    ],
    [
      14,
      null,
      209652396,
      null,
      0.5477311345013798,
      1.3016364574432373,
      1,
      1703630199.125333,
      1703630200.4278622,
      {}
    ],
    [
      14,
      null,
      398764591,
      null,
      0.5547575834456427,
      0.5759077072143555,
      1,
      1703630200.4307134,
      1703630201.007456,
      {}
    ],
    [
      14,
      null,
      924231285,
      null,
      0.5661353882014502,
      0.7367382049560547,
      1,
      1703630201.0102303,
      1703630201.7477808,
      {}
    ]
  ],
  "configs": {
    "1": {
      "dissimilarity": "euclidean",
      "n_components": 7,
      "n_init": 2
    },
    "2": {
      "dissimilarity": "euclidean",
      "n_components": 4,
      "n_init": 5
    },
    "3": {
      "dissimilarity": "euclidean",
      "n_components": 10,
      "n_init": 3
    },
    "4": {
      "dissimilarity": "euclidean",