{
  "stats": {
    "submitted": 10,
    "finished": 10,
    "running": 0
  },
  "data": [
    [
      1,
      null,
      209652396,
      null,
      0.629672371198639,
      1.0904109477996826,
      1,
      1696442180.4452837,
      1696442181.5366538,
      {}
    ],
    [
      1,
      null,
      398764591,
      null,
      0.629672371198639,
      1.095930814743042,
      1,
      1696442181.5388706,
      1696442182.6358352,
      {}
    ],
    [
      2,
      null,
      209652396,
      null,
      0.6792047877656124,
      4.143427610397339,
      1,
      1696442182.6381795,
      1696442186.7826717,
      {}
    ],
    [
      2,
      null,
      398764591,
      null,
      0.6792047877656124,
      6.972719669342041,
      1,
      1696442186.7847147,
      1696442193.7674432,
      {}
    ],
    [
      1,
      null,
      924231285,
      null,
      0.629672371198639,
      1.1246235370635986,
      1,
      1696442193.7706707,
      1696442194.8963842,
      {}
    ],
    [
      3,
      null,
      209652396,
      null,
      0.6687399783408539,
      0.8160736560821533,
      1,
      1696442195.1893258,
      1696442196.0064056,
      {}
    ],
    [
      3,
      null,
      398764591,
      null,
      0.6687399783408539,
      1.3659417629241943,
      1,
      1696442196.0086067,
      1696442197.3756976,
      {}
    ],
    [
      3,
      null,
      924231285,
      null,
      0.6687399783408539,
      2.127246856689453,
      1,
      1696442197.3785274,
      1696442199.5068946,
      {}
    ],
    [
      4,
      null,
      209652396,
      null,
      0.6751804713352278,
      6.447495937347412,
      1,
      1696442199.5260673,
      1696442205.974708,
      {}
    ],
    [
      4,
      null,
      398764591,
      null,
      0.6751804713352278,
      4.180169105529785,
      1,
      1696442205.9861023,
      1696442210.167388,
      {}
    ]
  ],
  "configs": {
    "1": {
      "alpha": 0.34019066896289585,
      "method": "cd",
      "n_components": 5,
      "ridge_alpha": 0.029059861330315476
    },
    "2": {
      "alpha": 0.8744391072541475,
      "method": "lars",
      "n_components": 20,
      "ridge_alpha": 0.06035465487278999
    },
    "3": {
      "alpha": 0.6813047017599905,
      "method": "cd",
      "n_components": 25,
      "ridge_alpha": 0.04731957459914713
    },
    "4": {
      "alpha": 0.6424870384644795,
      "method": "cd",
      "n_components": 24,
      "ridge_alpha": 0.02290179586681418
    }
  },
  "config_origins": {
    "1": "Initial Design: Sobol",
    "2": "Initial Design: Sobol",
    "3": "Acquisition Function Maximizer: Random Search (sorted)",
    "4": "Acquisition Function Maximizer: Random Search (sorted)"
  }
}