{
  "stats": {
    "submitted": 10,
    "finished": 10,
    "running": 0
  },
  "data": [
    [
      1,
      null,
      209652396,
      null,
      1.6544936578696199e-31,
      0.0009608268737792969,
      1,
      1695913369.6948442,
      1695913369.6962943,
      {}
    ],
    [
      1,
      null,
      398764591,
      null,
      1.6544936578696199e-31,
      0.0007836818695068359,
      1,
      1695913369.697524,
      1695913369.698767,
      {}
    ],
    [
      2,
      null,
      209652396,
      null,
      1.4002366664559377e-31,
      0.0007150173187255859,
      1,
      1695913369.69993,
      1695913369.7010875,
      {}
    ],
    [
      2,
      null,
      398764591,
      null,
      1.4002366664559377e-31,
      0.0006861686706542969,
      1,
      1695913369.7021477,
      1695913369.7032778,
      {}
    ],
    [
      2,
      null,
      924231285,
      null,
      1.4002366664559377e-31,
      0.0006954669952392578,
      1,
      1695913369.704775,
      1695913369.7059147,
      {}
    ],
    [
      3,
      null,
      209652396,
      null,
      1.4000997114376702e-31,
      0.0008742809295654297,
      1,
      1695913369.7888165,
      1695913369.7902083,
      {}
    ],
    [
      3,
      null,
      398764591,
      null,
      1.4000997114376702e-31,
      0.000759124755859375,
      1,
      1695913369.791561,
      1695913369.7927816,
      {}
    ],
    [
      3,
      null,
      924231285,
      null,
      1.4000997114376702e-31,
      0.0007271766662597656,
      1,
      1695913369.7940087,
      1695913369.7951827,
      {}
    ],
    [
      4,
      null,
      209652396,
      null,
      1.4396797117169884e-31,
      0.0007197856903076172,
      1,
      1695913369.7969368,
      1695913369.7981074,
      {}
    ],
    [
      4,
      null,
      398764591,
      null,
      1.4396797117169884e-31,
      0.0006964206695556641,
      1,
      1695913369.7993736,
      1695913369.800519,
      {}
    ]
  ],
  "configs": {
    "1": {
      "batch_size": 98,
      "n_components": 12
    },
    "2": {
      "batch_size": 109,
      "n_components": 5
    },
    "3": {
      "batch_size": 117,
      "n_components": 3
    },
    "4": {
      "batch_size": 112,
      "n_components": 8
    }
  },
  "config_origins": {
    "1": "Initial Design: Sobol",
    "2": "Initial Design: Sobol",
    "3": "Acquisition Function Maximizer: Random Search (sorted)",
    "4": "Acquisition Function Maximizer: Random Search (sorted)"
  }
}