{
  "incumbent_ids": [
    2
  ],
  "rejected_config_ids": [
    1
  ],
  "incumbents_changed": 2,
  "trajectory": [
    {
      "config_ids": [
        1
      ],
      "costs": [
        0.32404279215084797
      ],
      "trial": 1,
      "walltime": 2.120206832885742
    },
    {
      "config_ids": [
        2
      ],
      "costs": [
        0.31285501377061914
      ],
      "trial": 4,
      "walltime": 7.606632471084595
    }
  ],
  "state": {
    "queue": [
      [
        4,
        2
      ]
    ]
  }
}