{
  "stats": {
    "submitted": 10,
    "finished": 10,
    "running": 0
  },
  "data": [
    [
      1,
      null,
      209652396,
      null,
      0.32404279215084797,
      2.1185388565063477,
      1,
      1695827986.5692186,
      1695827988.6883862,
      {}
    ],
    [
      1,
      null,
      398764591,
      null,
      0.31721747684728496,
      2.429185628890991,
      1,
      1695827988.6900675,
      1695827991.1198893,
      {}
    ],
    [
      2,
      null,
      209652396,
      null,
      0.3270758781127483,
      1.5256409645080566,
      1,
      1695827991.121613,
      1695827992.6479092,
      {}
    ],
    [
      2,
      null,
      398764591,
      null,
      0.29863414942849,
      1.5243432521820068,
      1,
      1695827992.64947,
      1695827994.1744664,
      {}
    ],
    [
      2,
      null,
      924231285,
      null,
      0.29349472537431753,
      1.397214412689209,
      1,
      1695827994.17655,
      1695827995.5745115,
      {}
    ],
    [
      3,
      null,
      209652396,
      null,
      0.33268307394229524,
      1.4174435138702393,
      1,
      1695827995.728778,
      1695827997.146996,
      {}
    ],
    [
      3,
      null,
      398764591,
      null,
      0.31530859136198697,
      1.4103586673736572,
      1,
      1695827997.1491933,
      1695827998.5603025,
      {}
    ],
    [
      3,
      null,
      924231285,
      null,
      0.3318057431262894,
      1.2399561405181885,
      1,
      1695827998.5621054,
      1695827999.8027394,
      {}
    ],
    [
      4,
      null,
      209652396,
      null,
      0.3306505101783225,
      1.1341686248779297,
      1,
      1695827999.8051207,
      1695828000.9399245,
      {}
    ],
    [
      4,
      null,
      398764591,
      null,
      0.3462200211362798,
      1.1675994396209717,
      1,
      1695828000.9416845,
      1695828002.109961,
      {}
    ]
  ],
  "configs": {
    "1": {
      "alpha": 0.34019066896289585,
      "batch_size": 4,
      "method": "lars",
      "n_components": 8,
      "ridge_alpha": 0.08752058510668576
    },
    "2": {
      "alpha": 0.9592367018572986,
      "batch_size": 3,
      "method": "cd",
      "n_components": 24,
      "ridge_alpha": 0.010323922336101533
    },
    "3": {
      "alpha": 0.7371714111351269,
      "batch_size": 3,
      "method": "cd",
      "n_components": 19,
      "ridge_alpha": 0.044531001147218016
    },
    "4": {
      "alpha": 0.7314726650722128,
      "batch_size": 2,
      "method": "cd",
      "n_components": 19,
      "ridge_alpha": 0.011502755047603537
    }
  },
  "config_origins": {
    "1": "Initial Design: Sobol",
    "2": "Initial Design: Sobol",
    "3": "Acquisition Function Maximizer: Local Search",
    "4": "Acquisition Function Maximizer: Local Search"
  }
}