{
  "stats": {
    "submitted": 10,
    "finished": 10,
    "running": 0
  },
  "data": [
    [
      1,
      null,
      209652396,
      null,
      4.545098372256657e-32,
      0.0017714500427246094,
      1,
      1694800244.2315912,
      1694800244.2343297,
      {}
    ],
    [
      1,
      null,
      398764591,
      null,
      4.545098372256657e-32,
      0.0015277862548828125,
      1,
      1694800244.2363975,
      1694800244.238883,
      {}
    ],
    [
      2,
      null,
      209652396,
      null,
      2.727020504755106e-32,
      0.0016276836395263672,
      1,
      1694800244.242014,
      1694800244.2445488,
      {}
    ],
    [
      2,
      null,
      398764591,
      null,
      2.727020504755106e-32,
      0.00164794921875,
      1,
      1694800244.2462063,
      1694800244.2487464,
      {}
    ],
    [
      2,
      null,
      924231285,
      null,
      2.727020504755106e-32,
      0.00147247314453125,
      1,
      1694800244.2513046,
      1694800244.2537127,
      {}
    ],
    [
      3,
      null,
      209652396,
      null,
      8.478309541882047e-32,
      0.0013890266418457031,
      1,
      1694800244.3750563,
      1694800244.3773994,
      {}
    ],
    [
      3,
      null,
      398764591,
      null,
      8.478309541882047e-32,
      0.0012524127960205078,
      1,
      1694800244.3794754,
      1694800244.3816679,
      {}
    ],
    [
      3,
      null,
      924231285,
      null,
      8.478309541882047e-32,
      0.0014331340789794922,
      1,
      1694800244.383981,
      1694800244.3864088,
      {}
    ],
    [
      4,
      null,
      209652396,
      null,
      4.964797025737524e-32,
      0.0016021728515625,
      1,
      1694800244.3890638,
      1694800244.391616,
      {}
    ],
    [
      4,
      null,
      398764591,
      null,
      4.964797025737524e-32,
      0.0017445087432861328,
      1,
      1694800244.3938174,
      1694800244.3965428,
      {}
    ]
  ],
  "configs": {
    "1": {
      "batch_size": 33,
      "n_components": 4
    },
    "2": {
      "batch_size": 44,
      "n_components": 2
    },
    "3": {
      "batch_size": 52,
      "n_components": 2
    },
    "4": {
      "batch_size": 47,
      "n_components": 3
    }
  },
  "config_origins": {
    "1": "Initial Design: Sobol",
    "2": "Initial Design: Sobol",
    "3": "Acquisition Function Maximizer: Random Search (sorted)",
    "4": "Acquisition Function Maximizer: Random Search (sorted)"
  }
}