{
  "incumbent_ids": [
    3
  ],
  "rejected_config_ids": [
    1
  ],
  "incumbents_changed": 2,
  "trajectory": [
    {
      "config_ids": [
        1
      ],
      "costs": [
        0.12855191420988676
      ],
      "trial": 1,
      "walltime": 1.4365863800048828
    },
    {
      "config_ids": [
        3
      ],
      "costs": [
        0.0978003493127988
      ],
      "trial": 8,
      "walltime": 6.214911699295044
    }
  ],
  "state": {
    "queue": [
      [
        4,
        2
      ]
    ]
  }
}