{
  "stats": {
    "submitted": 10,
    "finished": 10,
    "running": 0
  },
  "data": [
    [
      1,
      null,
      209652396,
      null,
      0.12855191420988676,
      1.4348928928375244,
      1,
      1697133417.1328847,
      1697133418.5683873,
      {}
    ],
    [
      1,
      null,
      398764591,
      null,
      0.11334551972190998,
      1.3211669921875,
      1,
      1697133418.5701516,
      1697133419.8923416,
      {}
    ],
    [
      2,
      null,
      209652396,
      null,
      0.15122744009782674,
      0.4356801509857178,
      1,
      1697133419.895736,
      1697133420.332322,
      {}
    ],
    [
      2,
      null,
      398764591,
      null,
      0.1538792906066604,
      0.4364783763885498,
      1,
      1697133420.33393,
      1697133420.771095,
      {}
    ],
    [
      1,
      null,
      924231285,
      null,
      0.10717385881718455,
      1.1918771266937256,
      1,
      1697133420.7728982,
      1697133421.9654644,
      {}
    ],
    [
      3,
      null,
      209652396,
      null,
      0.10076499368231495,
      0.41100120544433594,
      1,
      1697133422.100228,
      1697133422.511894,
      {}
    ],
    [
      3,
      null,
      398764591,
      null,
      0.0964978388638218,
      0.4151589870452881,
      1,
      1697133422.5134616,
      1697133422.929302,
      {}
    ],
    [
      3,
      null,
      924231285,
      null,
      0.09613821539225964,
      0.4131486415863037,
      1,
      1697133422.9316127,
      1697133423.345568,
      {}
    ],
    [
      4,
      null,
      209652396,
      null,
      0.10816920728119395,
      0.37795352935791016,
      1,
      1697133423.3491125,
      1697133423.7279584,
      {}
    ],
    [
      4,
      null,
      398764591,
      null,
      0.1261387424403373,
      0.40515780448913574,
      1,
      1697133423.7304335,
      1697133424.136407,
      {}
    ]
  ],
  "configs": {
    "1": {
      "alpha": 0.34019066896289585,
      "batch_size": 4,
      "method": "lars",
      "n_components": 3,
      "ridge_alpha": 0.08752058510668576
    },
    "2": {
      "alpha": 0.9592367018572986,
      "batch_size": 3,
      "method": "cd",
      "n_components": 8,
      "ridge_alpha": 0.010323922336101533
    },
    "3": {
      "alpha": 0.6744473179991988,
      "batch_size": 5,
      "method": "cd",
      "n_components": 3,
      "ridge_alpha": 0.08484489446232603
    },
    "4": {
      "alpha": 0.4908478413187676,
      "batch_size": 4,
      "method": "cd",
      "n_components": 4,
      "ridge_alpha": 0.0947585341109967
    }
  },
  "config_origins": {
    "1": "Initial Design: Sobol",
    "2": "Initial Design: Sobol",
    "3": "Acquisition Function Maximizer: Local Search",
    "4": "Acquisition Function Maximizer: Local Search"
  }
}