{
  "incumbent_ids": [
    3
  ],
  "rejected_config_ids": [
    1,
    2
  ],
  "incumbents_changed": 3,
  "trajectory": [
    {
      "config_ids": [
        1
      ],
      "costs": [
        0.5390086186956657
      ],
      "trial": 1,
      "walltime": 0.6066832542419434
    },
    {
      "config_ids": [
        2
      ],
      "costs": [
        0.3670788979474202
      ],
      "trial": 4,
      "walltime": 5.481886386871338
    },
    {
      "config_ids": [
        3
      ],
      "costs": [
        0.3437346326777386
      ],
      "trial": 8,
      "walltime": 12.720479726791382
    }
  ],
  "state": {
    "queue": [
      [
        4,
        2
      ]
    ]
  }
}