{
  "stats": {
    "submitted": 10,
    "finished": 10,
    "running": 0
  },
  "data": [
    [
      1,
      null,
      209652396,
      null,
      0.4716216550597059,
      0.02725076675415039,
      1,
      1695829626.3978815,
      1695829626.4261365,
      {}
    ],
    [
      1,
      null,
      398764591,
      null,
      0.4717609292508196,
      0.026889801025390625,
      1,
      1695829626.4281073,
      1695829626.4560213,
      {}
    ],
    [
      2,
      null,
      209652396,
      null,
      0.4897493951776499,
      0.027321815490722656,
      1,
      1695829626.458,
      1695829626.4863164,
      {}
    ],
    [
      2,
      null,
      398764591,
      null,
      0.4897493951776497,
      0.02768254280090332,
      1,
      1695829626.488177,
      1695829626.5168679,
      {}
    ],
    [
      1,
      null,
      924231285,
      null,
      0.4716289177996381,
      0.026596546173095703,
      1,
      1695829626.519182,
      1695829626.5467687,
      {}
    ],
    [
      3,
      null,
      209652396,
      null,
      0.46774588307627507,
      0.02729511260986328,
      1,
      1695829626.731099,
      1695829626.759369,
      {}
    ],
    [
      3,
      null,
      398764591,
      null,
      0.46770899383615683,
      0.02694225311279297,
      1,
      1695829626.7613928,
      1695829626.7893505,
      {}
    ],
    [
      3,
      null,
      924231285,
      null,
      0.4676679433302767,
      0.02680230140686035,
      1,
      1695829626.7913375,
      1695829626.819142,
      {}
    ],
    [
      4,
      null,
      209652396,
      null,
      0.4752859583037796,
      0.029593944549560547,
      1,
      1695829626.8222337,
      1695829626.852843,
      {}
    ],
    [
      4,
      null,
      398764591,
      null,
      0.47528612393989744,
      0.027008533477783203,
      1,
      1695829626.8550735,
      1695829626.8831122,
      {}
    ]
  ],
  "configs": {
    "1": {
      "n_components": 5,
      "n_iter": 6,
      "n_oversamples": 3,
      "power_iteration_normalizer": "auto"
    },
    "2": {
      "n_components": 13,
      "n_iter": 4,
      "n_oversamples": 8,
      "power_iteration_normalizer": "OR"
    },
    "3": {
      "n_components": 4,
      "n_iter": 6,
      "n_oversamples": 3,
      "power_iteration_normalizer": "auto"
    },
    "4": {
      "n_components": 6,
      "n_iter": 7,
      "n_oversamples": 7,
      "power_iteration_normalizer": "auto"
    }
  },
  "config_origins": {
    "1": "Initial Design: Sobol",
    "2": "Initial Design: Sobol",
    "3": "Acquisition Function Maximizer: Local Search",
    "4": "Acquisition Function Maximizer: Local Search"
  }
}