{
  "stats": {
    "submitted": 10,
    "finished": 10,
    "running": 0
  },
  "data": [
    [
      1,
      null,
      209652396,
      null,
      0.0,
      0.039517879486083984,
      1,
      1694023425.6746714,
      1694023425.7147305,
      {}
    ],
    [
      1,
      null,
      398764591,
      null,
      0.0,
      0.03655815124511719,
      1,
      1694023425.7160888,
      1694023425.753227,
      {}
    ],
    [
      2,
      null,
      209652396,
      null,
      0.0,
      0.0318906307220459,
      1,
      1694023425.7546537,
      1694023425.7871497,
      {}
    ],
    [
      2,
      null,
      398764591,
      null,
      0.0,
      0.03154253959655762,
      1,
      1694023425.7882824,
      1694023425.820303,
      {}
    ],
    [
      1,
      null,
      924231285,
      null,
      0.0,
      0.03840374946594238,
      1,
      1694023425.821713,
      1694023425.8605943,
      {}
    ],
    [
      3,
      null,
      209652396,
      null,
      0.0,
      0.035187482833862305,
      1,
      1694023425.928902,
      1694023425.9648387,
      {}
    ],
    [
      3,
      null,
      398764591,
      null,
      0.0,
      0.033660173416137695,
      1,
      1694023425.9664128,
      1694023426.0006566,
      {}
    ],
    [
      3,
      null,
      924231285,
      null,
      0.0,
      0.03261542320251465,
      1,
      1694023426.002163,
      1694023426.0353472,
      {}
    ],
    [
      4,
      null,
      209652396,
      null,
      0.0,
      0.03821825981140137,
      1,
      1694023426.0371668,
      1694023426.075935,
      {}
    ],
    [
      4,
      null,
      398764591,
      null,
      0.0,
      0.0377805233001709,
      1,
      1694023426.0774045,
      1694023426.1156979,
      {}
    ]
  ],
  "configs": {
    "1": {
      "batch_size": 12,
      "n_components": 4
    },
    "2": {
      "batch_size": 16,
      "n_components": 2
    },
    "3": {
      "batch_size": 19,
      "n_components": 2
    },
    "4": {
      "batch_size": 17,
      "n_components": 3
    }
  },
  "config_origins": {
    "1": "Initial Design: Sobol",
    "2": "Initial Design: Sobol",
    "3": "Acquisition Function Maximizer: Random Search (sorted)",
    "4": "Acquisition Function Maximizer: Random Search (sorted)"
  }
}