{
  "incumbent_ids": [
    27
  ],
  "rejected_config_ids": [
    1,
    4
  ],
  "incumbents_changed": 3,
  "trajectory": [
    {
      "config_ids": [
        1
      ],
      "costs": [
        1.0
      ],
      "trial": 1,
      "walltime": 1.1982402801513672
    },
    {
      "config_ids": [
        4
      ],
      "costs": [
        0.6676586416080571
      ],
      "trial": 11,
      "walltime": 63.56007647514343
    },
    {
      "config_ids": [
        27
      ],
      "costs": [
        0.6500066272634936
      ],
      "trial": 80,
      "walltime": 477.9996612071991
    }
  ],
  "state": {
    "queue": [
      [
        34,
        2
      ]
    ]
  }
}