{
  "stats": {
    "submitted": 50,
    "finished": 50,
    "running": 0
  },
  "data": [
    [
      1,
      null,
      209652396,
      null,
      0.6364983504843493,
      2.7829153537750244,
      1,
      1703648399.0710504,
      1703648401.8549764,
      {}
    ],
    [
      1,
      null,
      398764591,
      null,
      0.6364983504843493,
      0.440385103225708,
      1,
      1703648401.856833,
      1703648402.2984693,
      {}
    ],
    [
      2,
      null,
      209652396,
      null,
      0.7597162166087434,
      0.9236757755279541,
      1,
      1703648402.300241,
      1703648403.2249324,
      {}
    ],
    [
      2,
      null,
      398764591,
      null,
      0.7597162166087434,
      0.463543176651001,
      1,
      1703648403.2269206,
      1703648403.6914885,
      {}
    ],
    [
      1,
      null,
      924231285,
      null,
      0.6364983504843493,
      0.29212307929992676,
      1,
      1703648403.6934319,
      1703648403.9864705,
      {}
    ],
    [
      3,
      null,
      209652396,
      null,
      0.7597162166087433,
      0.34630608558654785,
      1,
      1703648403.9883037,
      1703648404.3355348,
      {}
    ],
    [
      3,
      null,
      398764591,
      null,
      0.7597162166087434,
      0.21366024017333984,
      1,
      1703648404.3388312,
      1703648404.5533586,
      {}
    ],
    [
      3,
      null,
      924231285,
      null,
      0.7597162166087434,
      0.23984122276306152,
      1,
      1703648404.554979,
      1703648404.7958882,
      {}
    ],
    [
      4,
      null,
      209652396,
      null,
      0.6364983504843502,
      0.2947065830230713,
      1,
      1703648404.7980416,
      1703648405.093617,
      {}
    ],
    [
      4,
      null,
      398764591,
      null,
      0.6364983504843502,
      0.1881556510925293,
      1,
      1703648405.0952277,
      1703648405.284244,
      {}
    ],
    [
      4,
      null,
      924231285,
      null,
      0.6364983504843493,
      0.1583561897277832,
      1,
      1703648405.285889,
      1703648405.445117,
      {}
    ],
    [
      5,
      null,
      209652396,
      null,
      0.6364983504843493,
      0.2800476551055908,
      1,
      1703648405.612173,
      1703648405.9017324,
      {}
    ],
    [
      5,
      null,
      398764591,
      null,
      0.6364983504843493,
      0.21545696258544922,
      1,
      1703648405.9034054,
      1703648406.1197298,
      {}
    ],
    [
      5,
      null,
      924231285,
      null,
      0.6364983504843493,
      0.11890172958374023,
      1,
      1703648406.1213496,
      1703648406.2411206,
      {}
    ],
    [
      6,
      null,
      209652396,
      null,
      0.7597162166087434,
      0.4932987689971924,
      1,
      1703648406.2437038,
      1703648406.7378542,
      {}
    ],
    [
      6,
      null,
      398764591,
      null,
      0.7597162166087436,
      0.24768924713134766,
      1,
      1703648406.7396276,
      1703648406.9881792,
      {}
    ],
    [
      6,
      null,
      924231285,
      null,
      0.7597162166087433,
      0.22799086570739746,
      1,
      1703648406.98999,
      1703648407.2188513,
      {}
    ],
    [
      7,
      null,
      209652396,
      null,
      0.7597162166087434,
      0.2316446304321289,
      1,
      1703648407.2213278,
      1703648407.4538498,
      {}
    ],
    [
      7,
      null,
      398764591,
      null,
      0.7597162166087434,
      0.1755204200744629,
      1,
      1703648407.455698,
      1703648407.6320832,
      {}
    ],
    [
      7,
      null,
      924231285,
      null,
      0.7597162166087434,
      0.27301740646362305,
      1,
      1703648407.6339815,
      1703648407.9078548,
      {}
    ],
    [
      8,
      null,
      209652396,
      null,
      0.7597162166087433,
      0.21182036399841309,
      1,
      1703648407.9103918,
      1703648408.1230528,
      {}
    ],
    [
      8,
      null,
      398764591,
      null,
      0.7597162166087434,
      0.19185113906860352,
      1,
      1703648408.125007,
      1703648408.3177195,
      {}
    ],
    [
      8,
      null,
      924231285,
      null,
      0.7597162166087436,
      0.31322145462036133,
      1,
      1703648408.3196764,
      1703648408.6337507,
      {}
    ],
    [
      9,
      null,
      209652396,
      null,
      0.7597162166087434,
      0.29639768600463867,
      1,
      1703648408.6363778,
      1703648408.9336574,
      {}
    ],
    [
      9,
      null,
      398764591,
      null,
      0.7597162166087436,
      0.19350194931030273,
      1,
      1703648408.9356883,
      1703648409.1300478,
      {}
    ],
    [
      9,
      null,
      924231285,
      null,
      0.7597162166087434,
      0.17333483695983887,
      1,
      1703648409.1320453,
      1703648409.3062334,
      {}
    ],
    [
      10,
      null,
      209652396,
      null,
      0.7597162166087433,
      0.24222064018249512,
      1,
      1703648409.309002,
      1703648409.5520768,
      {}
    ],
    [
      10,
      null,
      398764591,
      null,
      0.7597162166087434,
      0.14815068244934082,
      1,
      1703648409.5558681,
      1703648409.7048776,
      {}
    ],
    [
      10,
      null,
      924231285,
      null,
      0.7597162166087436,
      0.29273223876953125,
      1,
      1703648409.7069306,
      1703648410.0005183,
      {}
    ],
    [
      11,
      null,
      209652396,
      null,
      0.7597162166087434,
      0.2750537395477295,
      1,
      1703648410.0033543,
      1703648410.2792761,
      {}
    ],
    [
      11,
      null,
      398764591,
      null,
      0.7597162166087436,
      0.17594408988952637,
      1,
      1703648410.2814052,
      1703648410.4582014,
      {}
    ],
    [
      11,
      null,
      924231285,
      null,
      0.7597162166087436,
      0.18292498588562012,
      1,
      1703648410.4603455,
      1703648410.6441362,
      {}
    ],
    [
      12,
      null,
      209652396,
      null,
      0.7597162166087434,
      0.17990803718566895,
      1,
      1703648410.6487405,
      1703648410.8294945,
      {}
    ],
    [
      12,
      null,
      398764591,
      null,
      0.7597162166087436,
      0.19629979133605957,
      1,
      1703648410.8317935,
      1703648411.0289333,
      {}
    ],
    [
      12,
      null,
      924231285,
      null,
      0.7597162166087436,
      0.18174147605895996,
      1,
      1703648411.0311618,
      1703648411.213744,
      {}
    ],
    [
      13,
      null,
      209652396,
      null,
      0.7597162166087434,
      0.3819587230682373,
      1,
      1703648411.4376633,
      1703648411.8201954,
      {}
    ],
    [
      13,
      null,
      398764591,
      null,
      0.7597162166087434,
      0.36324286460876465,
      1,
      1703648411.8224943,
      1703648412.1866024,
      {}
    ],
    [
      13,
      null,
      924231285,
      null,
      0.7597162166087434,
      0.34091854095458984,
      1,
      1703648412.1889234,
      1703648412.530699,
      {}
    ],
    [
      14,
      null,
      209652396,
      null,
      0.63649835048435,
      0.23903608322143555,
      1,
      1703648412.5339553,
      1703648412.7738326,
      {}
    ],
    [
      14,
      null,
      398764591,
      null,
      0.6364983504843502,
      0.16646122932434082,
      1,
      1703648412.776243,
      1703648412.943559,
      {}
    ],
    [
      14,
      null,
      924231285,
      null,
      0.6364983504843507,
      0.1920332908630371,
      1,
      1703648412.9459522,
      1703648413.1388447,
      {}
    ],
    [
      15,
      null,
      209652396,
      null,
      0.7597162166087434,
      0.4722604751586914,
      1,
      1703648413.1419969,
      1703648413.6151056,
      {}
    ],
    [
      15,
      null,
      398764591,
      null,
      0.7597162166087433,
      0.17747068405151367,
