{
  "stats": {
    "submitted": 10,
    "finished": 10,
    "running": 0
  },
  "data": [
    [
      1,
      null,
      209652396,
      null,
      0.4305111243865031,
      0.1369173526763916,
      1,
      1695830644.2885883,
      1695830644.4261975,
      {}
    ],
    [
      1,
      null,
      398764591,
      null,
      0.43051112438650285,
      0.17805099487304688,
      1,
      1695830644.4278626,
      1695830644.606583,
      {}
    ],
    [
      2,
      null,
      209652396,
      null,
      0.4534596254890524,
      0.1490921974182129,
      1,
      1695830644.6083264,
      1695830644.758085,
      {}
    ],
    [
      2,
      null,
      398764591,
      null,
      0.45345962548905205,
      0.14006280899047852,
      1,
      1695830644.7596653,
      1695830644.900398,
      {}
    ],
    [
      1,
      null,
      924231285,
      null,
      0.43051112438650274,
      0.1533048152923584,
      1,
      1695830644.9023414,
      1695830645.0563056,
      {}
    ],
    [
      3,
      null,
      209652396,
      null,
      0.4305111243865031,
      0.156663179397583,
      1,
      1695830645.3140073,
      1695830645.4718049,
      {}
    ],
    [
      3,
      null,
      398764591,
      null,
      0.4305111243865025,
      0.13110971450805664,
      1,
      1695830645.4744427,
      1695830645.606739,
      {}
    ],
    [
      3,
      null,
      924231285,
      null,
      0.4305111243865033,
      0.13013362884521484,
      1,
      1695830645.6092546,
      1695830645.7405362,
      {}
    ],
    [
      4,
      null,
      209652396,
      null,
      0.43051112438650285,
      0.12966656684875488,
      1,
      1695830645.7439795,
      1695830645.8747888,
      {}
    ],
    [
      4,
      null,
      398764591,
      null,
      0.4305111243865031,
      0.13221263885498047,
      1,
      1695830645.8774438,
      1695830646.010808,
      {}
    ]
  ],
  "configs": {
    "1": {
      "n_components": 2,
      "n_iter": 6,
      "n_oversamples": 3,
      "power_iteration_normalizer": "auto"
    },
    "2": {
      "n_components": 4,
      "n_iter": 4,
      "n_oversamples": 8,
      "power_iteration_normalizer": "OR"
    },
    "3": {
      "n_components": 2,
      "n_iter": 5,
      "n_oversamples": 6,
      "power_iteration_normalizer": "auto"
    },
    "4": {
      "n_components": 2,
      "n_iter": 6,
      "n_oversamples": 7,
      "power_iteration_normalizer": "auto"
    }
  },
  "config_origins": {
    "1": "Initial Design: Sobol",
    "2": "Initial Design: Sobol",
    "3": "Acquisition Function Maximizer: Local Search",
    "4": "Acquisition Function Maximizer: Local Search"
  }
}