{
  "stats": {
    "submitted": 44,
    "finished": 44,
    "running": 0
  },
  "data": [
    [
      1,
      null,
      209652396,
      null,
      0.41083467778517946,
      0.5321400165557861,
      1,
      1703643498.5215163,
      1703643499.0546706,
      {}
    ],
    [
      1,
      null,
      398764591,
      null,
      0.41083467778517946,
      0.7011814117431641,
      1,
      1703643499.05644,
      1703643499.75851,
      {}
    ],
    [
      2,
      null,
      209652396,
      null,
      0.6125674114820361,
      1.0030672550201416,
      1,
      1703643499.7603252,
      1703643500.7643032,
      {}
    ],
    [
      2,
      null,
      398764591,
      null,
      0.6125674114820361,
      0.28426337242126465,
      1,
      1703643500.7677784,
      1703643501.0529237,
      {}
    ],
    [
      1,
      null,
      924231285,
      null,
      0.41083467778517946,
      0.2716329097747803,
      1,
      1703643501.055064,
      1703643501.3275816,
      {}
    ],
    [
      3,
      null,
      209652396,
      null,
      0.41083467778517946,
      0.19711613655090332,
      1,
      1703643501.3295121,
      1703643501.5275016,
      {}
    ],
    [
      3,
      null,
      398764591,
      null,
      0.41083467778517957,
      0.1511363983154297,
      1,
      1703643501.5315437,
      1703643501.6835637,
      {}
    ],
    [
      3,
      null,
      924231285,
      null,
      0.41083467778517946,
      0.10579895973205566,
      1,
      1703643501.6853228,
      1703643501.7919843,
      {}
    ],
    [
      4,
      null,
      209652396,
      null,
      0.7212093970988285,
      0.2631111145019531,
      1,
      1703643501.7941105,
      1703643502.0580437,
      {}
    ],
    [
      4,
      null,
      398764591,
      null,
      0.7212093970988285,
      0.20160961151123047,
      1,
      1703643502.059818,
      1703643502.2622669,
      {}
    ],
    [
      4,
      null,
      924231285,
      null,
      0.7212093970988241,
      0.27147412300109863,
      1,
      1703643502.2641108,
      1703643502.536419,
      {}
    ],
    [
      5,
      null,
      209652396,
      null,
      0.6125674114820361,
      0.31367993354797363,
      1,
      1703643502.5387084,
      1703643502.8532162,
      {}
    ],
    [
      5,
      null,
      398764591,
      null,
      0.6125674114820363,
      0.3871316909790039,
      1,
      1703643502.855065,
      1703643503.243023,
      {}
    ],
    [
      5,
      null,
      924231285,
      null,
      0.6125674114820361,
      0.38893985748291016,
      1,
      1703643503.2446907,
      1703643503.634438,
      {}
    ],
    [
      6,
      null,
      209652396,
      null,
      0.7212093970988285,
      0.20955705642700195,
      1,
      1703643503.77609,
      1703643503.9864519,
      {}
    ],
    [
      6,
      null,
      398764591,
      null,
      0.7212093970988287,
      0.3815739154815674,
      1,
      1703643503.9882164,
      1703643504.3738859,
      {}
    ],
    [
      6,
      null,
      924231285,
      null,
      0.7212093970988285,
      0.26442575454711914,
      1,
      1703643504.3756483,
      1703643504.640867,
      {}
    ],
    [
      7,
      null,
      209652396,
      null,
      0.721209397098829,
      0.261430025100708,
      1,
      1703643504.6437056,
      1703643504.9059386,
      {}
    ],
    [
      7,
      null,
      398764591,
      null,
      0.7212093970988287,
      0.23051023483276367,
      1,
      1703643504.9077392,
      1703643505.1390662,
      {}
    ],
    [
      7,
      null,
      924231285,
      null,
      0.7212093970988287,
      0.19849061965942383,
      1,
      1703643505.1409416,
      1703643505.3402443,
      {}
    ],
    [
      8,
      null,
      209652396,
      null,
      0.6125674114820363,
      0.40564584732055664,
      1,
      1703643505.3429112,
      1703643505.7493541,
      {}
    ],
    [
      8,
      null,
      398764591,
      null,
      0.6125674114820339,
      0.22939705848693848,
      1,
      1703643505.7513595,
      1703643505.981555,
      {}
    ],
    [
      8,
      null,
      924231285,
      null,
      0.6125674114820365,
      0.2555222511291504,
      1,
      1703643505.9851623,
      1703643506.241497,
      {}
    ],
    [
      9,
      null,
      209652396,
      null,
      0.6125674114820365,
      0.24747800827026367,
      1,
      1703643506.2443671,
      1703643506.4926536,
      {}
    ],
    [
      9,
      null,
      398764591,
      null,
      0.6125674114820365,
      0.3074605464935303,
      1,
      1703643506.494612,
      1703643506.8028777,
      {}
    ],
    [
      9,
      null,
      924231285,
      null,
      0.6125674114820316,
      0.24687552452087402,
      1,
      1703643506.8048406,
      1703643507.052513,
      {}
    ],
    [
      10,
      null,
      209652396,
      null,
      0.41083467778517946,
      0.11647510528564453,
      1,
      1703643507.0551567,
      1703643507.172433,
      {}
    ],
    [
      10,
      null,
      398764591,
      null,
      0.41083467778517946,
      0.2142026424407959,
      1,
      1703643507.17448,
      1703643507.389492,
      {}
    ],
    [
      10,
      null,
      924231285,
      null,
      0.41083467778517946,
      0.1772315502166748,
      1,
      1703643507.3915198,
      1703643507.5695555,
      {}
    ],
    [
      11,
      null,
      209652396,
      null,
      0.7212093970988285,
      0.21263337135314941,
      1,
      1703643507.5723577,
      1703643507.785804,
      {}
    ],
    [
      11,
      null,
      398764591,
      null,
      0.7212093970988285,
      0.2304542064666748,
      1,
      1703643507.7879393,
      1703643508.0192122,
      {}
    ],
    [
      11,
      null,
      924231285,
      null,
      0.7212093970988285,
      0.28124570846557617,
      1,
      1703643508.0213764,
      1703643508.3034291,
      {}
    ],
    [
      12,
      null,
      209652396,
      null,
      0.7212093970988285,
      0.2861464023590088,
      1,
      1703643508.3069623,
      1703643508.5939114,
      {}
    ],
    [
      12,
      null,
      398764591,
      null,
      0.7212093970988285,
      0.2302412986755371,
      1,
      1703643508.5962148,
      1703643508.827283,
      {}
    ],
    [
      12,
      null,
      924231285,
      null,
      0.7212093970988285,
      0.2563791275024414,
      1,
      1703643508.829525,
      1703643509.086702,
      {}
    ],
    [
      13,
      null,
      209652396,
      null,
      0.41083467778517946,
      0.619755744934082,
      1,
      1703643509.3009708,
      1703643509.9216182,
      {}
    ],
    [
      13,
      null,
      398764591,
      null,
      0.41083467778517957,
      0.24289870262145996,
      1,
      1703643509.924293,
      1703643510.168324,
      {}
    ],
    [
      13,
      null,
      924231285,
      null,
      0.41083467778517946,
      0.3092522621154785,
      1,
      1703643510.1737509,
      1703643510.484291,
      {}
    ],
    [
      14,
      null,
      209652396,
      null,
      0.41083467778517946,
      0.25072169303894043,
      1,
      1703643510.488649,
      1703643510.7402334,
      {}
    ],
    [
      14,
      null,
      398764591,
      null,
      0.41083467778517946,
      0.30740833282470703,
      1,
      1703643510.7431026,
      1703643511.0513754,
      {}
    ],
    [
      14,
      null,
      924231285,
      null,
      0.41083467778517946,
      0.24408960342407227,
      1,
      1703643511.0554233,
      1703643511.30033,
      {}
    ],
    [
      15,
      null,
      209652396,
      null,
      0.6125674114820365,
      0.5672760009765625,
      1,
      1703643511.3056672,
      1703643511.8737547,
      {}
    ],
    [
      15,
      null,
      398764591,
      null,
      0.6125674114820365,
      0.3052234649658203,
      1,
