{
  "stats": {
    "submitted": 10,
    "finished": 10,
    "running": 0
  },
  "data": [
    [
      1,
      null,
      209652396,
      null,
      0.6383212057439602,
      0.4769473075866699,
      1,
      1696442159.042603,
      1696442159.520588,
      {}
    ],
    [
      1,
      null,
      398764591,
      null,
      0.6383243285255098,
      0.5050716400146484,
      1,
      1696442159.5227516,
      1696442160.0289047,
      {}
    ],
    [
      2,
      null,
      209652396,
      null,
      0.6537357987153678,
      0.5764515399932861,
      1,
      1696442160.0310643,
      1696442160.608581,
      {}
    ],
    [
      2,
      null,
      398764591,
      null,
      0.6537357987153676,
      0.6418769359588623,
      1,
      1696442160.6105974,
      1696442161.2535243,
      {}
    ],
    [
      1,
      null,
      924231285,
      null,
      0.6383339827291867,
      0.5989902019500732,
      1,
      1696442161.2560532,
      1696442161.8661125,
      {}
    ],
    [
      3,
      null,
      209652396,
      null,
      0.6408672181433093,
      0.47243809700012207,
      1,
      1696442162.1491628,
      1696442162.6226058,
      {}
    ],
    [
      3,
      null,
      398764591,
      null,
      0.6408672203173111,
      0.5300188064575195,
      1,
      1696442162.6248128,
      1696442163.1648958,
      {}
    ],
    [
      3,
      null,
      924231285,
      null,
      0.6408672191849235,
      0.8195061683654785,
      1,
      1696442163.1671097,
      1696442163.9877074,
      {}
    ],
    [
      4,
      null,
      209652396,
      null,
      0.622515698693932,
      0.539046049118042,
      1,
      1696442163.999313,
      1696442164.5394044,
      {}
    ],
    [
      4,
      null,
      398764591,
      null,
      0.622515713849705,
      0.7542731761932373,
      1,
      1696442164.5416927,
      1696442165.2970514,
      {}
    ]
  ],
  "configs": {
    "1": {
      "n_components": 9,
      "n_iter": 6,
      "n_oversamples": 3,
      "power_iteration_normalizer": "auto"
    },
    "2": {
      "n_components": 26,
      "n_iter": 4,
      "n_oversamples": 8,
      "power_iteration_normalizer": "OR"
    },
    "3": {
      "n_components": 10,
      "n_iter": 5,
      "n_oversamples": 7,
      "power_iteration_normalizer": "auto"
    },
    "4": {
      "n_components": 6,
      "n_iter": 5,
      "n_oversamples": 6,
      "power_iteration_normalizer": "auto"
    }
  },
  "config_origins": {
    "1": "Initial Design: Sobol",
    "2": "Initial Design: Sobol",
    "3": "Acquisition Function Maximizer: Local Search",
    "4": "Acquisition Function Maximizer: Local Search"
  }
}