{
  "stats": {
    "submitted": 10,
    "finished": 10,
    "running": 0
  },
  "data": [
    [
      1,
      null,
      209652396,
      null,
      0.5334199381531041,
      0.06155514717102051,
      1,
      1694795544.850358,
      1694795544.9125445,
      {}
    ],
    [
      1,
      null,
      398764591,
      null,
      0.5525725609314995,
      0.061762332916259766,
      1,
      1694795544.9141731,
      1694795544.9765873,
      {}
    ],
    [
      2,
      null,
      209652396,
      null,
      0.43510568933572524,
      0.0540013313293457,
      1,
      1694795544.978181,
      1694795545.032838,
      {}
    ],
    [
      2,
      null,
      398764591,
      null,
      0.4351056818185727,
      0.05381274223327637,
      1,
      1694795545.0343075,
      1694795545.0887735,
      {}
    ],
    [
      2,
      null,
      924231285,
      null,
      0.4351056930294587,
      0.0548703670501709,
      1,
      1694795545.0908787,
      1694795545.146395,
      {}
    ],
    [
      3,
      null,
      209652396,
      null,
      0.45335073021586314,
      0.061452627182006836,
      1,
      1694795545.3066435,
      1694795545.3687449,
      {}
    ],
    [
      3,
      null,
      398764591,
      null,
      0.4533507308059195,
      0.06116533279418945,
      1,
      1694795545.3703818,
      1694795545.4322152,
      {}
    ],
    [
      3,
      null,
      924231285,
      null,
      0.4533507277635994,
      0.06148552894592285,
      1,
      1694795545.4338517,
      1694795545.4959989,
      {}
    ],
    [
      4,
      null,
      209652396,
      null,
      0.45190015558667596,
      0.05075883865356445,
      1,
      1694795545.498283,
      1694795545.5497086,
      {}
    ],
    [
      4,
      null,
      398764591,
      null,
      0.45190015664232586,
      0.04961585998535156,
      1,
      1694795545.5514057,
      1694795545.6016762,
      {}
    ]
  ],
  "configs": {
    "1": {
      "alpha_W": 0.2668785210698843,
      "batch_size": 1279,
      "beta_loss": "frobenius",
      "init": "random",
      "l1_ratio": 0.8613398345187306,
      "n_components": 3
    },
    "2": {
      "alpha_W": 0.6414948515594006,
      "batch_size": 304,
      "beta_loss": "itakura-saito",
      "init": "nndsvdar",
      "l1_ratio": 0.39195177610963583,
      "n_components": 4
    },
    "3": {
      "alpha_W": 0.8917730007820798,
      "batch_size": 265,
      "beta_loss": "itakura-saito",
      "init": "nndsvdar",
      "l1_ratio": 0.6818202991034834,
      "n_components": 2
    },
    "4": {
      "alpha_W": 0.656317328470227,
      "batch_size": 298,
      "beta_loss": "frobenius",
      "init": "nndsvdar",
      "l1_ratio": 0.619002644308753,
      "n_components": 2
    }
  },
  "config_origins": {
    "1": "Initial Design: Sobol",
    "2": "Initial Design: Sobol",
    "3": "Acquisition Function Maximizer: Random Search (sorted)",
    "4": "Acquisition Function Maximizer: Local Search"
  }
}