{
  "stats": {
    "submitted": 38,
    "finished": 38,
    "running": 0
  },
  "data": [
    [
      1,
      null,
      209652396,
      null,
      0.5494105268488356,
      0.8061537742614746,
      1,
      1703642830.38071,
      1703642831.1876261,
      {}
    ],
    [
      1,
      null,
      398764591,
      null,
      0.5456224154488141,
      0.3921170234680176,
      1,
      1703642831.1893206,
      1703642831.5822263,
      {}
    ],
    [
      2,
      null,
      209652396,
      null,
      0.5465621635779019,
      1.0319561958312988,
      1,
      1703642831.5837893,
      1703642832.6165257,
      {}
    ],
    [
      2,
      null,
      398764591,
      null,
      0.5475052703912453,
      0.4839475154876709,
      1,
      1703642832.6181479,
      1703642833.1028824,
      {}
    ],
    [
      2,
      null,
      924231285,
      null,
      0.5473982854088146,
      1.1482930183410645,
      1,
      1703642833.104892,
      1703642834.2539597,
      {}
    ],
    [
      3,
      null,
      209652396,
      null,
      0.550715011696091,
      0.34412312507629395,
      1,
      1703642834.2560081,
      1703642834.60117,
      {}
    ],
    [
      3,
      null,
      398764591,
      null,
      0.5506285049673131,
      0.5868196487426758,
      1,
      1703642834.6028974,
      1703642835.190516,
      {}
    ],
    [
      3,
      null,
      924231285,
      null,
      0.5506358142559863,
      0.4486994743347168,
      1,
      1703642835.1923037,
      1703642835.6418064,
      {}
    ],
    [
      4,
      null,
      209652396,
      null,
      0.533039090717303,
      0.5706014633178711,
      1,
      1703642835.646161,
      1703642836.2175655,
      {}
    ],
    [
      4,
      null,
      398764591,
      null,
      0.5305607804798662,
      0.42649388313293457,
      1,
      1703642836.2193987,
      1703642836.6466956,
      {}
    ],
    [
      4,
      null,
      924231285,
      null,
      0.5329621327420158,
      0.6218476295471191,
      1,
      1703642836.6485322,
      1703642837.2711837,
      {}
    ],
    [
      5,
      null,
      209652396,
      null,
      0.5520126471083402,
      1.2031872272491455,
      1,
      1703642837.27393,
      1703642838.4779294,
      {}
    ],
    [
      5,
      null,
      398764591,
      null,
      0.5517436987612354,
      0.6719529628753662,
      1,
      1703642838.4801803,
      1703642839.1529686,
      {}
    ],
    [
      5,
      null,
      924231285,
      null,
      0.5517238547055918,
      0.43020105361938477,
      1,
      1703642839.154942,
      1703642839.585942,
      {}
    ],
    [
      6,
      null,
      209652396,
      null,
      0.5271922136762686,
      1.4145629405975342,
      1,
      1703642839.7346077,
      1703642841.1499646,
      {}
    ],
    [
      6,
      null,
      398764591,
      null,
      0.5337763514131166,
      1.1331324577331543,
      1,
      1703642841.155821,
      1703642842.2897837,
      {}
    ],
    [
      6,
      null,
      924231285,
      null,
      0.531366748288362,
      0.7303659915924072,
      1,
      1703642842.291864,
      1703642843.023035,
      {}
    ],
    [
      7,
      null,
      209652396,
      null,
      0.5324970500993691,
      0.3722553253173828,
      1,
      1703642843.0260696,
      1703642843.3991365,
      {}
    ],
    [
      7,
      null,
      398764591,
      null,
      0.5328865609850519,
      0.4502871036529541,
      1,
      1703642843.4013824,
      1703642843.8524554,
      {}
    ],
    [
      7,
      null,
      924231285,
      null,
      0.5283088346420826,
      0.7672193050384521,
      1,
      1703642843.8546102,
      1703642844.622638,
      {}
    ],
    [
      8,
      null,
      209652396,
      null,
      0.5497490960971965,
      0.8887214660644531,
      1,
      1703642844.6262321,
      1703642845.5157416,
      {}
    ],
    [
      8,
      null,
      398764591,
      null,
      0.5488205573201849,
      0.8255043029785156,
      1,
      1703642845.5180001,
      1703642846.3443153,
      {}
    ],
    [
      8,
      null,
      924231285,
      null,
      0.5493607108015289,
      0.5185751914978027,
      1,
      1703642846.3486981,
      1703642846.8681147,
      {}
    ],
    [
      9,
      null,
      209652396,
      null,
      0.5494365716718779,
      0.5318892002105713,
      1,
      1703642846.8714957,
      1703642847.4041777,
      {}
    ],
    [
      9,
      null,
      398764591,
      null,
      0.5495648944427036,
      0.3328571319580078,
      1,
      1703642847.4066167,
      1703642847.7402542,
      {}
    ],
    [
      9,
      null,
      924231285,
      null,
      0.5496969217317957,
      0.5576481819152832,
      1,
      1703642847.74266,
      1703642848.3010802,
      {}
    ],
    [
      10,
      null,
      209652396,
      null,
      0.5469376233244123,
      0.2206742763519287,
      1,
      1703642848.3046966,
      1703642848.5261643,
      {}
    ],
    [
      10,
      null,
      398764591,
      null,
      0.5510848239603868,
      0.33612561225891113,
      1,
      1703642848.5285413,
      1703642848.865471,
      {}
    ],
    [
      10,
      null,
      924231285,
      null,
      0.5498599874205887,
      0.2936582565307617,
      1,
      1703642848.8679345,
      1703642849.1623957,
      {}
    ],
    [
      11,
      null,
      209652396,
      null,
      0.5518449049524461,
      0.3276393413543701,
      1,
      1703642849.1683414,
      1703642849.4967568,
      {}
    ],
    [
      11,
      null,
      398764591,
      null,
      0.5523672652156285,
      0.4271814823150635,
      1,
      1703642849.4990091,
      1703642849.9269283,
      {}
    ],
    [
      11,
      null,
      924231285,
      null,
      0.5505536782858143,
      0.6540238857269287,
      1,
      1703642849.929181,
      1703642850.5839522,
      {}
    ],
    [
      12,
      null,
      209652396,
      null,
      0.5282131674691375,
      0.6241335868835449,
      1,
      1703642850.7246015,
      1703642851.3614316,
      {}
    ],
    [
      12,
      null,
      398764591,
      null,
      0.5320045823266273,
      0.44492125511169434,
      1,
      1703642851.3657913,
      1703642851.8115234,
      {}
    ],
    [
      12,
      null,
      924231285,
      null,
      0.5115964059074339,
      0.44762110710144043,
      1,
      1703642851.814085,
      1703642852.2625105,
      {}
    ],
    [
      13,
      null,
      209652396,
      null,
      0.5394310412186378,
      0.3469672203063965,
      1,
      1703642852.267048,
      1703642852.6148083,
      {}
    ],
    [
      13,
      null,
      398764591,
      null,
      0.5464504235372925,
      0.22329044342041016,
      1,
      1703642852.6175048,
      1703642852.8415782,
      {}
    ],
    [
      13,
      null,
      924231285,
      null,
      0.5469266950861573,
      0.270158052444458,
      1,
      1703642852.844058,
      1703642853.1149986,
      {}
    ]
  ],
  "configs": {
    "1": {
      "dissimilarity": "euclidean",
      "n_components": 4,
      "n_init": 2
    },
    "2": {
      "dissimilarity": "euclidean",
      "n_components": 3,
      "n_init": 5
    },
    "3": {
      "dissimilarity": "euclidean",
      "n_components": 5,
      "n_init": 3
    },
    "4": {
      "dissimilarity": "euclidean",
      "n_components": 2,
      "n_init": 4
    },
    "5": {
      "dissimilarity": "euclidean",
      "n_components": 5,
      "n_init": 5
    },
    "6": {
      "dissimilarity": "euclidean",
      "n_components": 2,
      "n_init": 5
    },
    "7": {
      "dissimilarity": "euclidean",
      "n_components": 2,
      "n_init": 3
    },
    "8": {
      "dissimilarity": "euclidean",
      "n_components": 4,
      "n_init": 4
    },
    "9": {
      "dissimilarity": "euclidean",
      "n_components": 4,