{
  "stats": {
    "submitted": 62,
    "finished": 62,
    "running": 0
  },
  "data": [
    [
      1,
      null,
      209652396,
      null,
      0.5367176062321244,
      1.2245886325836182,
      1,
      1703619966.4920561,
      1703619967.7179763,
      {}
    ],
    [
      1,
      null,
      398764591,
      null,
      0.5367178116675606,
      0.714461088180542,
      1,
      1703619967.7197647,
      1703619968.4351,
      {}
    ],
    [
      2,
      null,
      209652396,
      null,
      0.9334371278368598,
      1.3829669952392578,
      1,
      1703619968.4368389,
      1703619969.8206725,
      {}
    ],
    [
      2,
      null,
      398764591,
      null,
      0.9334370017123695,
      0.5331082344055176,
      1,
      1703619969.8222892,
      1703619970.3562284,
      {}
    ],
    [
      1,
      null,
      924231285,
      null,
      0.5367171301990974,
      1.093667984008789,
      1,
      1703619970.3582578,
      1703619971.4527678,
      {}
    ],
    [
      3,
      null,
      209652396,
      null,
      0.857370411051877,
      1.2457256317138672,
      1,
      1703619971.4548135,
      1703619972.7013836,
      {}
    ],
    [
      3,
      null,
      398764591,
      null,
      0.8573704110518774,
      1.2386963367462158,
      1,
      1703619972.7031515,
      1703619973.9426832,
      {}
    ],
    [
      3,
      null,
      924231285,
      null,
      0.8573704110518776,
      1.4612481594085693,
      1,
      1703619973.9443657,
      1703619975.4064128,
      {}
    ],
    [
      4,
      null,
      209652396,
      null,
      0.8365154652549627,
      1.067493200302124,
      1,
      1703619975.4122941,
      1703619976.4806144,
      {}
    ],
    [
      4,
      null,
      398764591,
      null,
      0.8365156037507782,
      0.7621591091156006,
      1,
      1703619976.4842787,
      1703619977.247263,
      {}
    ],
    [
      4,
      null,
      924231285,
      null,
      0.8365155135443898,
      0.333132266998291,
      1,
      1703619977.2490635,
      1703619977.5830073,
      {}
    ],
    [
      5,
      null,
      209652396,
      null,
      0.9047993384269215,
      1.409071922302246,
      1,
      1703619977.5853083,
      1703619978.9951873,
      {}
    ],
    [
      5,
      null,
      398764591,
      null,
      0.9047994202357513,
      1.0095922946929932,
      1,
      1703619978.9970784,
      1703619980.0074966,
      {}
    ],
    [
      5,
      null,
      924231285,
      null,
      0.9047993374922106,
      0.701789140701294,
      1,
      1703619980.0119987,
      1703619980.7145991,
      {}
    ],
    [
      6,
      null,
      209652396,
      null,
      0.35192082596998586,
      1.153627872467041,
      1,
      1703619980.9155552,
      1703619982.0699837,
      {}
    ],
    [
      6,
      null,
      398764591,
      null,
      0.35192082596998564,
      0.9544873237609863,
      1,
      1703619982.0719483,
      1703619983.0272832,
      {}
    ],
    [
      6,
      null,
      924231285,
      null,
      0.35192082596998586,
      0.6141667366027832,
      1,
      1703619983.0292692,
      1703619983.6442475,
      {}
    ],
    [
      7,
      null,
      209652396,
      null,
      0.35192077783204145,
      0.647411584854126,
      1,
      1703619983.6489525,
      1703619984.2971473,
      {}
    ],
    [
      7,
      null,
      398764591,
      null,
      0.3519204451047223,
      0.9210832118988037,
      1,
      1703619984.2989757,
      1703619985.2208095,
      {}
    ],
    [
      7,
      null,
      924231285,
      null,
      0.3519206905212412,
      0.5311164855957031,
      1,
      1703619985.2227902,
      1703619985.7546444,
      {}
    ],
    [
      8,
      null,
      209652396,
      null,
      0.22169270403942354,
      0.7031123638153076,
      1,
      1703619985.75735,
      1703619986.4611986,
      {}
    ],
    [
      8,
      null,
      398764591,
      null,
      0.22169273514355703,
      0.9841041564941406,
      1,
      1703619986.4630935,
      1703619987.4479432,
      {}
    ],
    [
      8,
      null,
      924231285,
      null,
      0.22169289944722204,
      0.5817246437072754,
      1,
      1703619987.4515903,
      1703619988.034053,
      {}
    ],
    [
      9,
      null,
      209652396,
      null,
      0.625535569458803,
      0.6645951271057129,
      1,
      1703619988.036913,
      1703619988.7022533,
      {}
    ],
    [
      9,
      null,
      398764591,
      null,
      0.6255354337285731,
      0.7246890068054199,
      1,
      1703619988.7042847,
      1703619989.429724,
      {}
    ],
    [
      9,
      null,
      924231285,
      null,
      0.6255361771898235,
      0.5362870693206787,
      1,
      1703619989.4319227,
      1703619989.9689703,
      {}
    ],
    [
      10,
      null,
      209652396,
      null,
      0.2216928432848977,
      0.698206901550293,
      1,
      1703619989.9722896,
      1703619990.671283,
      {}
    ],
    [
      10,
      null,
      398764591,
      null,
      0.22169278165885387,
      0.4222846031188965,
      1,
      1703619990.6735141,
      1703619991.0965736,
      {}
    ],
    [
      10,
      null,
      924231285,
      null,
      0.2216927106909733,
      0.8813087940216064,
      1,
      1703619991.0986996,
      1703619991.9807615,
      {}
    ],
    [
      11,
      null,
      209652396,
      null,
      0.6255356289633509,
      0.4741988182067871,
      1,
      1703619991.9841259,
      1703619992.4590776,
      {}
    ],
    [
      11,
      null,
      398764591,
      null,
      0.6255356289633514,
      0.8418662548065186,
      1,
      1703619992.463012,
      1703619993.3056223,
      {}
    ],
    [
      11,
      null,
      924231285,
      null,
      0.6255356289633525,
      1.0386404991149902,
      1,
      1703619993.307859,
      1703619994.3472767,
      {}
    ],
    [
      12,
      null,
      209652396,
      null,
      0.9334371072244614,
      0.28421568870544434,
      1,
      1703619994.3535318,
      1703619994.6385083,
      {}
    ],
    [
      12,
      null,
      398764591,
      null,
      0.9334371072244636,
      0.2397933006286621,
      1,
      1703619994.6407962,
      1703619994.8813338,
      {}
    ],
    [
      12,
      null,
      924231285,
      null,
      0.9334371072244612,
      0.272857666015625,
      1,
      1703619994.8836293,
      1703619995.1572216,
      {}
    ],
    [
      13,
      null,
      209652396,
      null,
      0.8219899969840951,
      0.66127610206604,
      1,
      1703619995.160837,
      1703619995.8228521,
      {}
    ],
    [
      13,
      null,
      398764591,
      null,
      0.8219899944287927,
      0.5672047138214111,
      1,
      1703619995.8252087,
      1703619996.3931708,
      {}
    ],
    [
      13,
      null,
      924231285,
      null,
      0.8219900102881309,
      0.8356242179870605,
      1,
      1703619996.3955548,
      1703619997.2319372,
      {}
    ],
    [
      14,
      null,
      209652396,
      null,
      0.6498957778823231,
      1.5527238845825195,
      1,
      1703619997.5035088,
      1703619999.0568173,
      {}
    ],
    [
      14,
      null,
      398764591,
      null,
      0.6498956225906645,
      1.317481279373169,
      1,
      1703619999.0597067,
      1703620000.3780406,
      {}
    ],
    [
      14,
      null,
      924231285,
      null,
      0.6498953798037865,
      1.396733045578003,
      1,
      1703620000.3811038,
      1703620001.778725,
      {}
    ],
    [
      15,
      null,
      209652396,
      null,
      0.8735711897210632,
      0.7337188720703125,
      1,
      1703620001.7830038,
      1703620002.517542,
      {}
    ],
    [
      15,
      null,
      398764591,
      null,
      0.8735712752048275,
      0.5925860404968262,
      1,
      1703620002.5205348,
