{
  "stats": {
    "submitted": 10,
    "finished": 10,
    "running": 0
  },
  "data": [
    [
      1,
      null,
      209652396,
      null,
      0.6115436205603785,
      1.5578863620758057,
      1,
      1696442054.9269226,
      1696442056.4853768,
      {}
    ],
    [
      1,
      null,
      398764591,
      null,
      0.6475261730780222,
      1.4963932037353516,
      1,
      1696442056.486823,
      1696442057.983806,
      {}
    ],
    [
      2,
      null,
      209652396,
      null,
      0.7374328181458729,
      0.46654343605041504,
      1,
      1696442057.9852948,
      1696442058.4524286,
      {}
    ],
    [
      2,
      null,
      398764591,
      null,
      0.7453868218023441,
      0.450411319732666,
      1,
      1696442058.453789,
      1696442058.904785,
      {}
    ],
    [
      1,
      null,
      924231285,
      null,
      0.5949636728673553,
      1.4742043018341064,
      1,
      1696442058.9065166,
      1696442060.3813014,
      {}
    ],
    [
      3,
      null,
      209652396,
      null,
      0.7215704915448093,
      0.4162733554840088,
      1,
      1696442060.513341,
      1696442060.9301898,
      {}
    ],
    [
      3,
      null,
      398764591,
      null,
      0.7113086850834668,
      0.41409897804260254,
      1,
      1696442060.9316523,
      1696442061.3463366,
      {}
    ],
    [
      3,
      null,
      924231285,
      null,
      0.71274274513621,
      0.416090726852417,
      1,
      1696442061.3477693,
      1696442061.7644377,
      {}
    ],
    [
      4,
      null,
      209652396,
      null,
      0.6826864563988709,
      1.7787153720855713,
      1,
      1696442061.766449,
      1696442063.5457635,
      {}
    ],
    [
      4,
      null,
      398764591,
      null,
      0.6897501636337248,
      3.013338804244995,
      1,
      1696442063.5483692,
      1696442066.5628068,
      {}
    ]
  ],
  "configs": {
    "1": {
      "alpha": 0.34019066896289585,
      "batch_size": 4,
      "method": "lars",
      "n_components": 4,
      "ridge_alpha": 0.08752058510668576
    },
    "2": {
      "alpha": 0.9592367018572986,
      "batch_size": 3,
      "method": "cd",
      "n_components": 11,
      "ridge_alpha": 0.010323922336101533
    },
    "3": {
      "alpha": 0.4812893194050143,
      "batch_size": 4,
      "method": "cd",
      "n_components": 8,
      "ridge_alpha": 0.06508861504501794
    },
    "4": {
      "alpha": 0.3372100201452401,
      "batch_size": 4,
      "method": "lars",
      "n_components": 5,
      "ridge_alpha": 0.06632925516469854
    }
  },
  "config_origins": {
    "1": "Initial Design: Sobol",
    "2": "Initial Design: Sobol",
    "3": "Acquisition Function Maximizer: Random Search (sorted)",
    "4": "Acquisition Function Maximizer: Local Search"
  }
}