{
  "incumbent_ids": [
    2
  ],
  "rejected_config_ids": [
    1
  ],
  "incumbents_changed": 2,
  "trajectory": [
    {
      "config_ids": [
        1
      ],
      "costs": [
        0.39728415379234316
      ],
      "trial": 1,
      "walltime": 0.06802892684936523
    },
    {
      "config_ids": [
        2
      ],
      "costs": [
        0.06664324428171187
      ],
      "trial": 4,
      "walltime": 0.2972228527069092
    }
  ],
  "state": {
    "queue": [
      [
        4,
        2
      ]
    ]
  }
}