{
  "stats": {
    "submitted": 10,
    "finished": 10,
    "running": 0
  },
  "data": [
    [
      1,
      null,
      209652396,
      null,
      0.39728415379234316,
      0.06647825241088867,
      1,
      1696443527.692035,
      1696443527.759127,
      {}
    ],
    [
      1,
      null,
      398764591,
      null,
      0.397284175992934,
      0.06451988220214844,
      1,
      1696443527.7606673,
      1696443527.8258212,
      {}
    ],
    [
      2,
      null,
      209652396,
      null,
      0.06664324428154955,
      0.07294344902038574,
      1,
      1696443527.8274486,
      1696443527.9010231,
      {}
    ],
    [
      2,
      null,
      398764591,
      null,
      0.06664324428187418,
      0.08472204208374023,
      1,
      1696443527.9025087,
      1696443527.987862,
      {}
    ],
    [
      2,
      null,
      924231285,
      null,
      0.06664324428119517,
      0.08128929138183594,
      1,
      1696443527.9899993,
      1696443528.0719094,
      {}
    ],
    [
      3,
      null,
      209652396,
      null,
      0.3959865184366904,
      0.07714343070983887,
      1,
      1696443528.222632,
      1696443528.300385,
      {}
    ],
    [
      3,
      null,
      398764591,
      null,
      0.39598651843668986,
      0.06967997550964355,
      1,
      1696443528.3020356,
      1696443528.372333,
      {}
    ],
    [
      3,
      null,
      924231285,
      null,
      0.39598651843668964,
      0.06876444816589355,
      1,
      1696443528.373983,
      1696443528.4433613,
      {}
    ],
    [
      4,
      null,
      209652396,
      null,
      0.39598651843669064,
      0.07085108757019043,
      1,
      1696443528.445534,
      1696443528.5170116,
      {}
    ],
    [
      4,
      null,
      398764591,
      null,
      0.3959865184366905,
      0.07276678085327148,
      1,
      1696443528.518718,
      1696443528.5921063,
      {}
    ]
  ],
  "configs": {
    "1": {
      "learning_decay": 0.6334392605349422,
      "learning_method": "online",
      "learning_offset": 6.075078817084432,
      "max_iter": 7,
      "n_components": 14
    },
    "2": {
      "learning_decay": 0.9773537232540548,
      "learning_method": "batch",
      "learning_offset": 14.09549031406641,
      "max_iter": 13,
      "n_components": 2
    },
    "3": {
      "learning_decay": 0.8575946831862098,
      "learning_method": "batch",
      "learning_offset": 13.32619845547938,
      "max_iter": 12,
      "n_components": 9
    },
    "4": {
      "learning_decay": 0.905631369013526,
      "learning_method": "batch",
      "learning_offset": 14.577991950556534,
      "max_iter": 12,
      "n_components": 9
    }
  },
  "config_origins": {
    "1": "Initial Design: Sobol",
    "2": "Initial Design: Sobol",
    "3": "Acquisition Function Maximizer: Random Search (sorted)",
    "4": "Acquisition Function Maximizer: Local Search"
  }
}