{
  "stats": {
    "submitted": 10,
    "finished": 10,
    "running": 0
  },
  "data": [
    [
      1,
      null,
      209652396,
      null,
      0.43135211603179924,
      2.8392856121063232,
      1,
      1695830915.3991952,
      1695830918.2397394,
      {}
    ],
    [
      1,
      null,
      398764591,
      null,
      0.43796378362652644,
      2.6937904357910156,
      1,
      1695830918.243184,
      1695830920.9383268,
      {}
    ],
    [
      2,
      null,
      209652396,
      null,
      0.577959566958107,
      1.101120948791504,
      1,
      1695830920.941297,
      1695830922.043753,
      {}
    ],
    [
      2,
      null,
      398764591,
      null,
      0.5744073695043622,
      1.1923916339874268,
      1,
      1695830922.0466652,
      1695830923.2404454,
      {}
    ],
    [
      1,
      null,
      924231285,
      null,
      0.4262584483009092,
      2.571918487548828,
      1,
      1695830923.2442527,
      1695830925.817536,
      {}
    ],
    [
      3,
      null,
      209652396,
      null,
      0.45312342197756483,
      0.8081064224243164,
      1,
      1695830926.1089377,
      1695830926.9182866,
      {}
    ],
    [
      3,
      null,
      398764591,
      null,
      0.45804521002582266,
      1.051668643951416,
      1,
      1695830926.9212298,
      1695830927.9741795,
      {}
    ],
    [
      3,
      null,
      924231285,
      null,
      0.45342743798896923,
      0.771233320236206,
      1,
      1695830927.9772453,
      1695830928.749762,
      {}
    ],
    [
      4,
      null,
      209652396,
      null,
      0.4475232613013972,
      3.0878264904022217,
      1,
      1695830928.7537334,
      1695830931.8428025,
      {}
    ],
    [
      4,
      null,
      398764591,
      null,
      0.5039829320419457,
      3.2218987941741943,
      1,
      1695830931.8458867,
      1695830935.069044,
      {}
    ]
  ],
  "configs": {
    "1": {
      "alpha": 0.34019066896289585,
      "batch_size": 4,
      "method": "lars",
      "n_components": 4,
      "ridge_alpha": 0.08752058510668576
    },
    "2": {
      "alpha": 0.9592367018572986,
      "batch_size": 3,
      "method": "cd",
      "n_components": 11,
      "ridge_alpha": 0.010323922336101533
    },
    "3": {
      "alpha": 0.29634845739735327,
      "batch_size": 4,
      "method": "cd",
      "n_components": 7,
      "ridge_alpha": 0.09614876078054868
    },
    "4": {
      "alpha": 0.5634335877796934,
      "batch_size": 4,
      "method": "lars",
      "n_components": 6,
      "ridge_alpha": 0.06252688680433105
    }
  },
  "config_origins": {
    "1": "Initial Design: Sobol",
    "2": "Initial Design: Sobol",
    "3": "Acquisition Function Maximizer: Local Search",
    "4": "Acquisition Function Maximizer: Local Search"
  }
}