{
  "incumbent_ids": [
    8
  ],
  "rejected_config_ids": [
    1,
    4
  ],
  "incumbents_changed": 3,
  "trajectory": [
    {
      "config_ids": [
        1
      ],
      "costs": [
        0.5591752894307538
      ],
      "trial": 1,
      "walltime": 1.2485454082489014
    },
    {
      "config_ids": [
        4
      ],
      "costs": [
        0.41430268688907734
      ],
      "trial": 11,
      "walltime": 3.7021095752716064
    },
    {
      "config_ids": [
        8
      ],
      "costs": [
        0.41430268688907645
      ],
      "trial": 23,
      "walltime": 6.80412220954895
    }
  ],
  "state": {
    "queue": []
  }
}