{
  "stats": {
    "submitted": 74,
    "finished": 74,
    "running": 0
  },
  "data": [
    [
      1,
      null,
      209652396,
      null,
      0.5591752894307538,
      1.2466676235198975,
      1,
      1703638687.2303152,
      1703638688.4777856,
      {}
    ],
    [
      1,
      null,
      398764591,
      null,
      0.5591752894307539,
      0.8972883224487305,
      1,
      1703638688.4796207,
      1703638689.3777888,
      {}
    ],
    [
      2,
      null,
      209652396,
      null,
      0.559175289430754,
      0.3040652275085449,
      1,
      1703638689.3796258,
      1703638689.6845605,
      {}
    ],
    [
      2,
      null,
      398764591,
      null,
      0.559175289430754,
      0.17265987396240234,
      1,
      1703638689.6861582,
      1703638689.8596652,
      {}
    ],
    [
      1,
      null,
      924231285,
      null,
      0.5591752894307541,
      0.15899443626403809,
      1,
      1703638689.8615847,
      1703638690.0213895,
      {}
    ],
    [
      3,
      null,
      209652396,
      null,
      0.5591752894307537,
      0.12607336044311523,
      1,
      1703638690.0232193,
      1703638690.1501088,
      {}
    ],
    [
      3,
      null,
      398764591,
      null,
      0.559175289430754,
      0.1588120460510254,
      1,
      1703638690.151669,
      1703638690.3112915,
      {}
    ],
    [
      3,
      null,
      924231285,
      null,
      0.5591752894307541,
      0.13526010513305664,
      1,
      1703638690.3128617,
      1703638690.4489262,
      {}
    ],
    [
      4,
      null,
      209652396,
      null,
      0.41430268688907734,
      0.1508347988128662,
      1,
      1703638690.4510443,
      1703638690.6026824,
      {}
    ],
    [
      4,
      null,
      398764591,
      null,
      0.4143026868890777,
      0.16150331497192383,
      1,
      1703638690.6042585,
      1703638690.7665703,
      {}
    ],
    [
      4,
      null,
      924231285,
      null,
      0.4143026868890771,
      0.1619720458984375,
      1,
      1703638690.7681718,
      1703638690.9309607,
      {}
    ],
    [
      5,
      null,
      209652396,
      null,
      0.5591752894307541,
      0.15642428398132324,
      1,
      1703638690.9335325,
      1703638691.090765,
      {}
    ],
    [
      5,
      null,
      398764591,
      null,
      0.559175289430754,
      0.11724305152893066,
      1,
      1703638691.0924788,
      1703638691.2105262,
      {}
    ],
    [
      5,
      null,
      924231285,
      null,
      0.559175289430754,
      0.16369986534118652,
      1,
      1703638691.213721,
      1703638691.3782263,
      {}
    ],
    [
      6,
      null,
      209652396,
      null,
      0.4143026868890811,
      0.38498401641845703,
      1,
      1703638691.7013543,
      1703638692.0871017,
      {}
    ],
    [
      6,
      null,
      398764591,
      null,
      0.41430268688908134,
      0.2911567687988281,
      1,
      1703638692.0892365,
      1703638692.381246,
      {}
    ],
    [
      6,
      null,
      924231285,
      null,
      0.41430268688907834,
      0.28867483139038086,
      1,
      1703638692.3833408,
      1703638692.6728632,
      {}
    ],
    [
      7,
      null,
      209652396,
      null,
      0.4143026868890767,
      0.20262908935546875,
      1,
      1703638692.6755612,
      1703638692.8789928,
      {}
    ],
    [
      7,
      null,
      398764591,
      null,
      0.41430268688907423,
      0.20173382759094238,
      1,
      1703638692.8808823,
      1703638693.083407,
      {}
    ],
    [
      7,
      null,
      924231285,
      null,
      0.4143026868890831,
      0.23287653923034668,
      1,
      1703638693.0853002,
      1703638693.31898,
      {}
    ],
    [
      8,
      null,
      209652396,
      null,
      0.41430268688907756,
      0.1711876392364502,
      1,
      1703638693.3215957,
      1703638693.4935756,
      {}
    ],
    [
      8,
      null,
      398764591,
      null,
      0.4143026868890761,
      0.28784728050231934,
      1,
      1703638693.4955208,
      1703638693.7841566,
      {}
    ],
    [
      8,
      null,
      924231285,
      null,
      0.4143026868890757,
      0.24603939056396484,
      1,
      1703638693.7861457,
      1703638694.032985,
      {}
    ],
    [
      9,
      null,
      209652396,
      null,
      0.4143026868890768,
      0.3072800636291504,
      1,
      1703638694.036009,
      1703638694.3440914,
      {}
    ],
    [
      9,
      null,
      398764591,
      null,
      0.4143026868890787,
      0.3466954231262207,
      1,
      1703638694.3461964,
      1703638694.6936867,
      {}
    ],
    [
      9,
      null,
      924231285,
      null,
      0.4143026868890798,
      0.17296767234802246,
      1,
      1703638694.695769,
      1703638694.8695323,
      {}
    ],
    [
      10,
      null,
      209652396,
      null,
      0.41430268688908256,
      0.37090468406677246,
      1,
      1703638694.8723645,
      1703638695.2440653,
      {}
    ],
    [
      10,
      null,
      398764591,
      null,
      0.41430268688907335,
      0.26822519302368164,
      1,
      1703638695.2461984,
      1703638695.5152104,
      {}
    ],
    [
      10,
      null,
      924231285,
      null,
      0.41430268688907634,
      0.1536846160888672,
      1,
      1703638695.5173867,
      1703638695.6718605,
      {}
    ],
    [
      11,
      null,
      209652396,
      null,
      0.41430268688907734,
      0.45427870750427246,
      1,
      1703638695.6750042,
      1703638696.1300876,
      {}
    ],
    [
      11,
      null,
      398764591,
      null,
      0.41430268688907734,
      0.3473961353302002,
      1,
      1703638696.1326244,
      1703638696.4808843,
      {}
    ],
    [
      11,
      null,
      924231285,
      null,
      0.4143026868890767,
      0.23976802825927734,
      1,
      1703638696.4850054,
      1703638696.7256,
      {}
    ],
    [
      12,
      null,
      209652396,
      null,
      0.559175289430754,
      0.19795489311218262,
      1,
      1703638696.728671,
      1703638696.927436,
      {}
    ],
    [
      12,
      null,
      398764591,
      null,
      0.559175289430754,
      0.1598212718963623,
      1,
      1703638696.9298208,
      1703638697.0904384,
      {}
    ],
    [
      12,
      null,
      924231285,
      null,
      0.559175289430754,
      0.14252924919128418,
      1,
      1703638697.092847,
      1703638697.236164,
      {}
    ],
    [
      13,
      null,
      209652396,
      null,
      0.559175289430754,
      0.20126795768737793,
      1,
      1703638697.239347,
      1703638697.4414058,
      {}
    ],
    [
      13,
      null,
      398764591,
      null,
      0.5591752894307541,
      0.13492941856384277,
      1,
      1703638697.443858,
      1703638697.5803719,
      {}
    ],
    [
      13,
      null,
      924231285,
      null,
      0.5591752894307539,
      0.13559913635253906,
      1,
      1703638697.5828383,
      1703638697.7192292,
      {}
    ],
    [
      14,
      null,
      209652396,
      null,
      0.5591752894307541,
      0.38966941833496094,
      1,
      1703638698.2308595,
      1703638698.6214032,
      {}
    ],
    [
      14,
      null,
      398764591,
      null,
      0.5591752894307541,
      0.13751769065856934,
      1,
      1703638698.6242728,
      1703638698.76263,
      {}
    ],
    [
      14,
      null,
      924231285,
      null,
      0.559175289430754,
      0.12073779106140137,
      1,
      1703638698.7652457,
      1703638698.8867943,
      {}
    ],
    [
      15,
      null,
      209652396,
      null,
      0.5591752894307541,
      0.11780261993408203,
      1,
      1703638698.8902683,
      1703638699.0088677,
      {}
    ],
    [
      15,
      null,
      398764591,
      null,
      0.559175289430754,
      0.11444473266601562,
