{
  "incumbent_ids": [
    3
  ],
  "rejected_config_ids": [
    1
  ],
  "incumbents_changed": 2,
  "trajectory": [
    {
      "config_ids": [
        1
      ],
      "costs": [
        0.30284642130797035
      ],
      "trial": 1,
      "walltime": 2.209019422531128
    },
    {
      "config_ids": [
        3
      ],
      "costs": [
        0.29964486844355964
      ],
      "trial": 8,
      "walltime": 61.924256801605225
    }
  ],
  "state": {
    "queue": [
      [
        4,
        2
      ]
    ]
  }
}