{
  "stats": {
    "submitted": 10,
    "finished": 10,
    "running": 0
  },
  "data": [
    [
      1,
      null,
      209652396,
      null,
      0.30284642130797035,
      2.2059686183929443,
      1,
      1695831085.5317752,
      1695831087.738956,
      {}
    ],
    [
      1,
      null,
      398764591,
      null,
      0.30284642130797035,
      2.1847217082977295,
      1,
      1695831087.7419162,
      1695831089.9278626,
      {}
    ],
    [
      2,
      null,
      209652396,
      null,
      0.3028489928004998,
      9.852324962615967,
      1,
      1695831089.9309406,
      1695831099.7845197,
      {}
    ],
    [
      2,
      null,
      398764591,
      null,
      0.3103116242652163,
      8.509706735610962,
      1,
      1695831099.787577,
      1695831108.2987676,
      {}
    ],
    [
      1,
      null,
      924231285,
      null,
      0.30284642130797035,
      2.1988213062286377,
      1,
      1695831108.3037808,
      1695831110.5041566,
      {}
    ],
    [
      3,
      null,
      209652396,
      null,
      0.29964486844355964,
      12.211616039276123,
      1,
      1695831110.775933,
      1695831122.989091,
      {}
    ],
    [
      3,
      null,
      398764591,
      null,
      0.29964486844355964,
      12.164186954498291,
      1,
      1695831122.9934928,
      1695831135.1595151,
      {}
    ],
    [
      3,
      null,
      924231285,
      null,
      0.29964486844355964,
      12.288005590438843,
      1,
      1695831135.1631885,
      1695831147.4527137,
      {}
    ],
    [
      4,
      null,
      209652396,
      null,
      0.3013393749332174,
      3.1428561210632324,
      1,
      1695831147.4584954,
      1695831150.60288,
      {}
    ],
    [
      4,
      null,
      398764591,
      null,
      0.29985349725254185,
      3.150029420852661,
      1,
      1695831150.607018,
      1695831153.7586427,
      {}
    ]
  ],
  "configs": {
    "1": {
      "alpha": 0.34019066896289585,
      "method": "cd",
      "n_components": 5,
      "ridge_alpha": 0.029059861330315476
    },
    "2": {
      "alpha": 0.8744391072541475,
      "method": "lars",
      "n_components": 20,
      "ridge_alpha": 0.06035465487278999
    },
    "3": {
      "alpha": 0.36019496466143086,
      "method": "lars",
      "n_components": 8,
      "ridge_alpha": 0.03957375003738526
    },
    "4": {
      "alpha": 0.26128767434182587,
      "method": "cd",
      "n_components": 18,
      "ridge_alpha": 0.042370548819293787
    }
  },
  "config_origins": {
    "1": "Initial Design: Sobol",
    "2": "Initial Design: Sobol",
    "3": "Acquisition Function Maximizer: Local Search",
    "4": "Acquisition Function Maximizer: Local Search"
  }
}