{
  "stats": {
    "submitted": 74,
    "finished": 74,
    "running": 0
  },
  "data": [
    [
      1,
      null,
      209652396,
      null,
      0.7646660197273902,
      3.6715755462646484,
      1,
      1703629588.5724106,
      1703629592.2448728,
      {}
    ],
    [
      1,
      null,
      398764591,
      null,
      0.7646660197273902,
      1.89180326461792,
      1,
      1703629592.2467384,
      1703629594.1394463,
      {}
    ],
    [
      2,
      null,
      209652396,
      null,
      0.6688145544704351,
      3.3672115802764893,
      1,
      1703629594.1413493,
      1703629597.5095499,
      {}
    ],
    [
      2,
      null,
      398764591,
      null,
      0.6688145544704351,
      2.967526912689209,
      1,
      1703629597.5138621,
      1703629600.4823399,
      {}
    ],
    [
      2,
      null,
      924231285,
      null,
      0.6688145544704351,
      0.7685282230377197,
      1,
      1703629600.4847982,
      1703629601.2542176,
      {}
    ],
    [
      3,
      null,
      209652396,
      null,
      0.7685600539502006,
      1.6865222454071045,
      1,
      1703629601.2564359,
      1703629602.9475749,
      {}
    ],
    [
      3,
      null,
      398764591,
      null,
      0.7685600539502006,
      0.8140106201171875,
      1,
      1703629602.9516888,
      1703629603.7665865,
      {}
    ],
    [
      3,
      null,
      924231285,
      null,
      0.7685600539502006,
      0.5910260677337646,
      1,
      1703629603.768496,
      1703629604.3604167,
      {}
    ],
    [
      4,
      null,
      209652396,
      null,
      0.7586181240111999,
      2.0826969146728516,
      1,
      1703629604.3629723,
      1703629606.446563,
      {}
    ],
    [
      4,
      null,
      398764591,
      null,
      0.7586181240111999,
      1.835418462753296,
      1,
      1703629606.4485548,
      1703629608.2882743,
      {}
    ],
    [
      4,
      null,
      924231285,
      null,
      0.7586181240111999,
      0.5196132659912109,
      1,
      1703629608.2920334,
      1703629608.812528,
      {}
    ],
    [
      5,
      null,
      209652396,
      null,
      0.4613737260349988,
      0.4032266139984131,
      1,
      1703629608.815227,
      1703629609.2193332,
      {}
    ],
    [
      5,
      null,
      398764591,
      null,
      0.4613737260349988,
      1.0178186893463135,
      1,
      1703629609.2213452,
      1703629610.2400415,
      {}
    ],
    [
      5,
      null,
      924231285,
      null,
      0.4613737260349988,
      2.5289018154144287,
      1,
      1703629610.2421155,
      1703629612.7719023,
      {}
    ],
    [
      6,
      null,
      209652396,
      null,
      0.4613737260349996,
      3.2570128440856934,
      1,
      1703629612.9943514,
      1703629616.252321,
      {}
    ],
    [
      6,
      null,
      398764591,
      null,
      0.4613737260349996,
      1.7053799629211426,
      1,
      1703629616.254773,
      1703629617.96112,
      {}
    ],
    [
      6,
      null,
      924231285,
      null,
      0.4613737260349996,
      1.0936622619628906,
      1,
      1703629617.9633899,
      1703629619.0579715,
      {}
    ],
    [
      7,
      null,
      209652396,
      null,
      0.46137372603500004,
      2.2568531036376953,
      1,
      1703629619.065589,
      1703629621.3236172,
      {}
    ],
    [
      7,
      null,
      398764591,
      null,
      0.46137372603500004,
      1.504312515258789,
      1,
      1703629621.3262346,
      1703629622.8315277,
      {}
    ],
    [
      7,
      null,
      924231285,
      null,
      0.46137372603500004,
      1.3144488334655762,
      1,
      1703629622.833825,
      1703629624.149164,
      {}
    ],
    [
      8,
      null,
      209652396,
      null,
      0.46137372603500004,
      0.46627020835876465,
      1,
      1703629624.1523676,
      1703629624.6195505,
      {}
    ],
    [
      8,
      null,
      398764591,
      null,
      0.46137372603500004,
      1.7998127937316895,
      1,
      1703629624.6242812,
      1703629626.4249818,
      {}
    ],
    [
      8,
      null,
      924231285,
      null,
      0.46137372603500004,
      0.892803430557251,
      1,
      1703629626.429814,
      1703629627.323581,
      {}
    ],
    [
      9,
      null,
      209652396,
      null,
      0.4613737260349996,
      1.6079795360565186,
      1,
      1703629627.3267848,
      1703629628.9356704,
      {}
    ],
    [
      9,
      null,
      398764591,
      null,
      0.4613737260349996,
      0.6828813552856445,
      1,
      1703629628.9383667,
      1703629629.622131,
      {}
    ],
    [
      9,
      null,
      924231285,
      null,
      0.4613737260349996,
      0.6804180145263672,
      1,
      1703629629.6246552,
      1703629630.3059976,
      {}
    ],
    [
      10,
      null,
      209652396,
      null,
      0.4613737260349996,
      3.8810243606567383,
      1,
      1703629630.3093007,
      1703629634.1912205,
      {}
    ],
    [
      10,
      null,
      398764591,
      null,
      0.4613737260349996,
      4.405317783355713,
      1,
      1703629634.1938267,
      1703629638.6001003,
      {}
    ],
    [
      10,
      null,
      924231285,
      null,
      0.4613737260349996,
      1.1473875045776367,
      1,
      1703629638.6029122,
      1703629639.7512193,
      {}
    ],
    [
      11,
      null,
      209652396,
      null,
      0.4613737260349996,
      2.34666109085083,
      1,
      1703629639.7576032,
      1703629642.1051674,
      {}
    ],
    [
      11,
      null,
      398764591,
      null,
      0.4613737260349996,
      0.3035888671875,
      1,
      1703629642.1079695,
      1703629642.4175084,
      {}
    ],
    [
      11,
      null,
      924231285,
      null,
      0.4613737260349996,
      0.5015711784362793,
      1,
      1703629642.4201822,
      1703629642.9226456,
      {}
    ],
    [
      12,
      null,
      209652396,
      null,
      0.41729301048482104,
      1.0045173168182373,
      1,
      1703629642.9261243,
      1703629643.9315429,
      {}
    ],
    [
      12,
      null,
      398764591,
      null,
      0.41729301048482104,
      0.8621237277984619,
      1,
      1703629643.9342964,
      1703629644.797325,
      {}
    ],
    [
      12,
      null,
      924231285,
      null,
      0.41729301048482104,
      0.6624345779418945,
      1,
      1703629644.802832,
      1703629645.4661796,
      {}
    ],
    [
      13,
      null,
      209652396,
      null,
      0.7586181240111929,
      1.6101596355438232,
      1,
      1703629645.470214,
      1703629647.081273,
      {}
    ],
    [
      13,
      null,
      398764591,
      null,
      0.7586181240111929,
      1.0509874820709229,
      1,
      1703629647.0842407,
      1703629648.1408415,
      {}
    ],
    [
      13,
      null,
      924231285,
      null,
      0.7586181240111929,
      1.2428505420684814,
      1,
      1703629648.1437182,
      1703629649.3874729,
      {}
    ],
    [
      14,
      null,
      209652396,
      null,
      0.4172930104848216,
      1.7204821109771729,
      1,
      1703629649.696939,
      1703629651.4180164,
      {}
    ],
    [
      14,
      null,
      398764591,
      null,
      0.4172930104848216,
      1.2966320514678955,
      1,
      1703629651.4268563,
      1703629652.7244582,
      {}
    ],
    [
      14,
      null,
      924231285,
      null,
      0.4172930104848216,
      2.108635663986206,
      1,
      1703629652.7274196,
      1703629654.8369453,
      {}
    ],
    [
      15,
      null,
      209652396,
      null,
      0.4172930104848198,
      1.4398605823516846,
      1,
      1703629654.8406935,
      1703629656.2814221,
      {}
    ],
    [
      15,
      null,
      398764591,
      null,
      0.4172930104848198,
      2.321125030517578,
      1,
      1703629656.2843792,
