{
  "stats": {
    "submitted": 10,
    "finished": 10,
    "running": 0
  },
  "data": [
    [
      1,
      null,
      209652396,
      null,
      0.4282130621986211,
      1.2072298526763916,
      1,
      1695830656.127614,
      1695830657.3355193,
      {}
    ],
    [
      1,
      null,
      398764591,
      null,
      0.4282130621986211,
      1.3200044631958008,
      1,
      1695830657.3373127,
      1695830658.6580298,
      {}
    ],
    [
      2,
      null,
      209652396,
      null,
      0.46066750124150324,
      0.6642458438873291,
      1,
      1695830658.6598594,
      1695830659.324805,
      {}
    ],
    [
      2,
      null,
      398764591,
      null,
      0.4534596254941511,
      0.6402444839477539,
      1,
      1695830659.3265529,
      1695830659.9675024,
      {}
    ],
    [
      1,
      null,
      924231285,
      null,
      0.4282130621986211,
      1.3160126209259033,
      1,
      1695830659.9695892,
      1695830661.2862966,
      {}
    ],
    [
      3,
      null,
      209652396,
      null,
      0.4692494293181759,
      0.44403696060180664,
      1,
      1695830661.5112727,
      1695830661.9559677,
      {}
    ],
    [
      3,
      null,
      398764591,
      null,
      0.4692494293181759,
      0.48107361793518066,
      1,
      1695830661.9577293,
      1695830662.439491,
      {}
    ],
    [
      3,
      null,
      924231285,
      null,
      0.46924942931817615,
      0.41199612617492676,
      1,
      1695830662.4413025,
      1695830662.8539858,
      {}
    ],
    [
      4,
      null,
      209652396,
      null,
      0.42813546805950353,
      0.46176886558532715,
      1,
      1695830662.8563569,
      1695830663.3188229,
      {}
    ],
    [
      4,
      null,
      398764591,
      null,
      0.42813546805950364,
      0.4644918441772461,
      1,
      1695830663.3206542,
      1695830663.7858467,
      {}
    ]
  ],
  "configs": {
    "1": {
      "alpha": 0.34019066896289585,
      "batch_size": 4,
      "method": "lars",
      "n_components": 2,
      "ridge_alpha": 0.08752058510668576
    },
    "2": {
      "alpha": 0.9592367018572986,
      "batch_size": 3,
      "method": "cd",
      "n_components": 4,
      "ridge_alpha": 0.010323922336101533
    },
    "3": {
      "alpha": 0.4812893194050143,
      "batch_size": 4,
      "method": "cd",
      "n_components": 3,
      "ridge_alpha": 0.06508861504501794
    },
    "4": {
      "alpha": 0.5492256743554155,
      "batch_size": 5,
      "method": "cd",
      "n_components": 2,
      "ridge_alpha": 0.07825872631422284
    }
  },
  "config_origins": {
    "1": "Initial Design: Sobol",
    "2": "Initial Design: Sobol",
    "3": "Acquisition Function Maximizer: Random Search (sorted)",
    "4": "Acquisition Function Maximizer: Local Search"
  }
}