{
  "stats": {
    "submitted": 10,
    "finished": 10,
    "running": 0
  },
  "data": [
    [
      1,
      null,
      209652396,
      null,
      0.11701084351371449,
      0.0395355224609375,
      1,
      1697133414.0258732,
      1697133414.0659733,
      {}
    ],
    [
      1,
      null,
      398764591,
      null,
      0.11701084307143272,
      0.04014325141906738,
      1,
      1697133414.067271,
      1697133414.1079774,
      {}
    ],
    [
      2,
      null,
      209652396,
      null,
      0.14189265276823537,
      0.04030966758728027,
      1,
      1697133414.109494,
      1697133414.1503618,
      {}
    ],
    [
      2,
      null,
      398764591,
      null,
      0.14189265276823537,
      0.04104447364807129,
      1,
      1697133414.1515229,
      1697133414.1931295,
      {}
    ],
    [
      1,
      null,
      924231285,
      null,
      0.11701084246833104,
      0.0405888557434082,
      1,
      1697133414.1946218,
      1697133414.2357624,
      {}
    ],
    [
      3,
      null,
      209652396,
      null,
      0.11701084317591037,
      0.04373431205749512,
      1,
      1697133414.3556201,
      1697133414.4000957,
      {}
    ],
    [
      3,
      null,
      398764591,
      null,
      0.11701084329015043,
      0.03720355033874512,
      1,
      1697133414.4017413,
      1697133414.439511,
      {}
    ],
    [
      3,
      null,
      924231285,
      null,
      0.11701084323040423,
      0.03738856315612793,
      1,
      1697133414.440788,
      1697133414.47876,
      {}
    ],
    [
      4,
      null,
      209652396,
      null,
      0.11701084254972505,
      0.03716850280761719,
      1,
      1697133414.4806006,
      1697133414.5184364,
      {}
    ],
    [
      4,
      null,
      398764591,
      null,
      0.11701084340222567,
      0.03696084022521973,
      1,
      1697133414.520014,
      1697133414.557522,
      {}
    ]
  ],
  "configs": {
    "1": {
      "n_components": 4,
      "n_iter": 6,
      "n_oversamples": 3,
      "power_iteration_normalizer": "auto"
    },
    "2": {
      "n_components": 9,
      "n_iter": 4,
      "n_oversamples": 8,
      "power_iteration_normalizer": "OR"
    },
    "3": {
      "n_components": 4,
      "n_iter": 5,
      "n_oversamples": 4,
      "power_iteration_normalizer": "LU"
    },
    "4": {
      "n_components": 4,
      "n_iter": 5,
      "n_oversamples": 4,
      "power_iteration_normalizer": "auto"
    }
  },
  "config_origins": {
    "1": "Initial Design: Sobol",
    "2": "Initial Design: Sobol",
    "3": "Acquisition Function Maximizer: Local Search",
    "4": "Acquisition Function Maximizer: Local Search"
  }
}