{
  "incumbent_ids": [
    2
  ],
  "rejected_config_ids": [
    1
  ],
  "incumbents_changed": 2,
  "trajectory": [
    {
      "config_ids": [
        1
      ],
      "costs": [
        0.07348340106467621
      ],
      "trial": 1,
      "walltime": 0.0747826099395752
    },
    {
      "config_ids": [
        2
      ],
      "costs": [
        0.058850837299469605
      ],
      "trial": 4,
      "walltime": 0.2921013832092285
    }
  ],
  "state": {
    "queue": [
      [
        4,
        2
      ]
    ]
  }
}