{
  "stats": {
    "submitted": 10,
    "finished": 10,
    "running": 0
  },
  "data": [
    [
      1,
      null,
      209652396,
      null,
      0.6425874062170628,
      0.3983495235443115,
      1,
      1695997539.3456576,
      1695997539.7447572,
      {}
    ],
    [
      1,
      null,
      398764591,
      null,
      0.6425874062170628,
      0.3803441524505615,
      1,
      1695997539.7469547,
      1695997540.128007,
      {}
    ],
    [
      2,
      null,
      209652396,
      null,
      0.7476257492203744,
      0.30928778648376465,
      1,
      1695997540.1296642,
      1695997540.4395773,
      {}
    ],
    [
      2,
      null,
      398764591,
      null,
      0.7476257492203744,
      1.2191162109375,
      1,
      1695997540.450781,
      1695997541.6705868,
      {}
    ],
    [
      1,
      null,
      924231285,
      null,
      0.6425874062170628,
      1.0987777709960938,
      1,
      1695997541.672434,
      1695997542.7804706,
      {}
    ],
    [
      3,
      null,
      209652396,
      null,
      0.7476257492203744,
      1.0150432586669922,
      1,
      1695997542.8672707,
      1695997543.8828793,
      {}
    ],
    [
      3,
      null,
      398764591,
      null,
      0.7476257492203744,
      0.8216714859008789,
      1,
      1695997543.8844469,
      1695997544.7067375,
      {}
    ],
    [
      3,
      null,
      924231285,
      null,
      0.7476257492203744,
      0.8855705261230469,
      1,
      1695997544.7083092,
      1695997545.5944915,
      {}
    ],
    [
      4,
      null,
      209652396,
      null,
      0.7476257492203744,
      0.9857773780822754,
      1,
      1695997545.596495,
      1695997546.5828836,
      {}
    ],
    [
      4,
      null,
      398764591,
      null,
      0.7476257492203744,
      0.8542995452880859,
      1,
      1695997546.5845017,
      1695997547.439417,
      {}
    ]
  ],
  "configs": {
    "1": {
      "alpha": 0.34019066896289585,
      "method": "cd",
      "n_components": 2,
      "ridge_alpha": 0.029059861330315476
    },
    "2": {
      "alpha": 0.8744391072541475,
      "method": "lars",
      "n_components": 3,
      "ridge_alpha": 0.06035465487278999
    },
    "3": {
      "alpha": 0.6813047017599905,
      "method": "cd",
      "n_components": 3,
      "ridge_alpha": 0.04731957459914713
    },
    "4": {
      "alpha": 0.6424870384644795,
      "method": "cd",
      "n_components": 3,
      "ridge_alpha": 0.02290179586681418
    }
  },
  "config_origins": {
    "1": "Initial Design: Sobol",
    "2": "Initial Design: Sobol",
    "3": "Acquisition Function Maximizer: Random Search (sorted)",
    "4": "Acquisition Function Maximizer: Random Search (sorted)"
  }
}