{
  "stats": {
    "submitted": 10,
    "finished": 10,
    "running": 0
  },
  "data": [
    [
      1,
      null,
      209652396,
      null,
      0.4942962999899799,
      0.423290491104126,
      1,
      1694795565.249224,
      1694795565.67313,
      {}
    ],
    [
      1,
      null,
      398764591,
      null,
      0.3803096696318162,
      0.41023778915405273,
      1,
      1694795565.6746767,
      1694795566.0855267,
      {}
    ],
    [
      2,
      null,
      209652396,
      null,
      0.46842351897731194,
      0.7660369873046875,
      1,
      1694795566.087084,
      1694795566.853742,
      {}
    ],
    [
      2,
      null,
      398764591,
      null,
      0.4612175467872882,
      0.8497886657714844,
      1,
      1694795566.8551989,
      1694795567.705596,
      {}
    ],
    [
      1,
      null,
      924231285,
      null,
      0.4178239887604053,
      0.3931081295013428,
      1,
      1694795567.7074335,
      1694795568.1011484,
      {}
    ],
    [
      3,
      null,
      209652396,
      null,
      0.4328464377079966,
      0.2558131217956543,
      1,
      1694795568.2526023,
      1694795568.5090203,
      {}
    ],
    [
      3,
      null,
      398764591,
      null,
      0.31135213833819064,
      0.37461209297180176,
      1,
      1694795568.5105844,
      1694795568.8858235,
      {}
    ],
    [
      3,
      null,
      924231285,
      null,
      0.4328457638136406,
      0.287595272064209,
      1,
      1694795568.8873653,
      1694795569.1755693,
      {}
    ],
    [
      4,
      null,
      209652396,
      null,
      0.43284400162282455,
      0.3254084587097168,
      1,
      1694795569.1779606,
      1694795569.5039642,
      {}
    ],
    [
      4,
      null,
      398764591,
      null,
      0.4328454250065764,
      0.2900545597076416,
      1,
      1694795569.505624,
      1694795569.7962835,
      {}
    ]
  ],
  "configs": {
    "1": {
      "learning_decay": 0.6334392605349422,
      "learning_method": "online",
      "learning_offset": 6.075078817084432,
      "max_iter": 7,
      "n_components": 14
    },
    "2": {
      "learning_decay": 0.9773537232540548,
      "learning_method": "batch",
      "learning_offset": 14.09549031406641,
      "max_iter": 13,
      "n_components": 2
    },
    "3": {
      "learning_decay": 0.9298961930885892,
      "learning_method": "online",
      "learning_offset": 12.169480125781394,
      "max_iter": 8,
      "n_components": 14
    },
    "4": {
      "learning_decay": 0.8634187345596727,
      "learning_method": "online",
      "learning_offset": 12.845808771983299,
      "max_iter": 6,
      "n_components": 13
    }
  },
  "config_origins": {
    "1": "Initial Design: Sobol",
    "2": "Initial Design: Sobol",
    "3": "Acquisition Function Maximizer: Local Search",
    "4": "Acquisition Function Maximizer: Local Search"
  }
}