{
  "incumbent_ids": [
    3
  ],
  "rejected_config_ids": [
    1
  ],
  "incumbents_changed": 2,
  "trajectory": [
    {
      "config_ids": [
        1
      ],
      "costs": [
        0.6522373689563513
      ],
      "trial": 1,
      "walltime": 0.8564958572387695
    },
    {
      "config_ids": [
        3
      ],
      "costs": [
        0.6522373689563512
      ],
      "trial": 8,
      "walltime": 2.571300983428955
    }
  ],
  "state": {
    "queue": [
      [
        4,
        2
      ]
    ]
  }
}