{
  "incumbent_ids": [
    2
  ],
  "rejected_config_ids": [
    1
  ],
  "incumbents_changed": 2,
  "trajectory": [
    {
      "config_ids": [
        1
      ],
      "costs": [
        0.485302752273164
      ],
      "trial": 1,
      "walltime": 0.029207944869995117
    },
    {
      "config_ids": [
        2
      ],
      "costs": [
        0.46815366330799724
      ],
      "trial": 4,
      "walltime": 0.1170051097869873
    }
  ],
  "state": {
    "queue": [
      [
        4,
        2
      ]
    ]
  }
}