{
  "stats": {
    "submitted": 10,
    "finished": 10,
    "running": 0
  },
  "data": [
    [
      1,
      null,
      209652396,
      null,
      0.485302752273164,
      0.0279083251953125,
      1,
      1696443553.6979358,
      1696443553.72633,
      {}
    ],
    [
      1,
      null,
      398764591,
      null,
      0.485302752273164,
      0.02752685546875,
      1,
      1696443553.7276702,
      1696443553.7556932,
      {}
    ],
    [
      2,
      null,
      209652396,
      null,
      0.46815366330799724,
      0.027280330657958984,
      1,
      1696443553.7570324,
      1696443553.7848113,
      {}
    ],
    [
      2,
      null,
      398764591,
      null,
      0.46815366330799724,
      0.027238845825195312,
      1,
      1696443553.7860935,
      1696443553.8138494,
      {}
    ],
    [
      2,
      null,
      924231285,
      null,
      0.46815366330799724,
      0.027111053466796875,
      1,
      1696443553.8155446,
      1696443553.843152,
      {}
    ],
    [
      3,
      null,
      209652396,
      null,
      0.48108205445921837,
      0.027651548385620117,
      1,
      1696443553.9349513,
      1696443553.963104,
      {}
    ],
    [
      3,
      null,
      398764591,
      null,
      0.48108205445921837,
      0.027719497680664062,
      1,
      1696443553.9644644,
      1696443553.9926968,
      {}
    ],
    [
      3,
      null,
      924231285,
      null,
      0.48108205445921837,
      0.027695178985595703,
      1,
      1696443553.994116,
      1696443554.0223315,
      {}
    ],
    [
      4,
      null,
      209652396,
      null,
      0.4570375762587058,
      0.02667975425720215,
      1,
      1696443554.0241046,
      1696443554.0512953,
      {}
    ],
    [
      4,
      null,
      398764591,
      null,
      0.4570375762587058,
      0.029197216033935547,
      1,
      1696443554.0527284,
      1696443554.0824473,
      {}
    ]
  ],
  "configs": {
    "1": {
      "batch_size": 78,
      "n_components": 10
    },
    "2": {
      "batch_size": 89,
      "n_components": 4
    },
    "3": {
      "batch_size": 86,
      "n_components": 8
    },
    "4": {
      "batch_size": 83,
      "n_components": 2
    }
  },
  "config_origins": {
    "1": "Initial Design: Sobol",
    "2": "Initial Design: Sobol",
    "3": "Acquisition Function Maximizer: Random Search (sorted)",
    "4": "Acquisition Function Maximizer: Random Search (sorted)"
  }
}