{
  "stats": {
    "submitted": 10,
    "finished": 10,
    "running": 0
  },
  "data": [
    [
      1,
      null,
      209652396,
      null,
      0.43149524509953885,
      1.2176284790039062,
      1,
      1696443653.71422,
      1696443654.9324412,
      {}
    ],
    [
      1,
      null,
      398764591,
      null,
      0.43149524509953896,
      1.2076072692871094,
      1,
      1696443654.9341223,
      1696443656.142344,
      {}
    ],
    [
      2,
      null,
      209652396,
      null,
      0.5530867047865924,
      0.3546469211578369,
      1,
      1696443656.1438599,
      1696443656.4991088,
      {}
    ],
    [
      2,
      null,
      398764591,
      null,
      0.5530867047865924,
      0.3370201587677002,
      1,
      1696443656.5005765,
      1696443656.838214,
      {}
    ],
    [
      1,
      null,
      924231285,
      null,
      0.43149524509953885,
      1.2498118877410889,
      1,
      1696443656.8400385,
      1696443658.0904992,
      {}
    ],
    [
      3,
      null,
      209652396,
      null,
      0.43121274224984396,
      0.3711583614349365,
      1,
      1696443658.2137694,
      1696443658.585591,
      {}
    ],
    [
      3,
      null,
      398764591,
      null,
      0.43121274224984396,
      0.34456658363342285,
      1,
      1696443658.5874639,
      1696443658.9326894,
      {}
    ],
    [
      3,
      null,
      924231285,
      null,
      0.43121274224984396,
      0.380068302154541,
      1,
      1696443658.9342263,
      1696443659.3149018,
      {}
    ],
    [
      4,
      null,
      209652396,
      null,
      0.4360660421925975,
      1.1928620338439941,
      1,
      1696443659.3174853,
      1696443660.5109475,
      {}
    ],
    [
      4,
      null,
      398764591,
      null,
      0.4360660421925976,
      1.2558155059814453,
      1,
      1696443660.5125782,
      1696443661.7690313,
      {}
    ]
  ],
  "configs": {
    "1": {
      "alpha": 0.34019066896289585,
      "batch_size": 4,
      "method": "lars",
      "n_components": 2,
      "ridge_alpha": 0.08752058510668576
    },
    "2": {
      "alpha": 0.9592367018572986,
      "batch_size": 3,
      "method": "cd",
      "n_components": 4,
      "ridge_alpha": 0.010323922336101533
    },
    "3": {
      "alpha": 0.44973543756825907,
      "batch_size": 4,
      "method": "cd",
      "n_components": 2,
      "ridge_alpha": 0.09923359949058543
    },
    "4": {
      "alpha": 0.8111278829443819,
      "batch_size": 4,
      "method": "lars",
      "n_components": 2,
      "ridge_alpha": 0.08050743092504671
    }
  },
  "config_origins": {
    "1": "Initial Design: Sobol",
    "2": "Initial Design: Sobol",
    "3": "Acquisition Function Maximizer: Local Search",
    "4": "Acquisition Function Maximizer: Local Search"
  }
}