{
  "stats": {
    "submitted": 23,
    "finished": 23,
    "running": 0
  },
  "data": [
    [
      1,
      null,
      209652396,
      null,
      0.7601042727480798,
      1.7564585208892822,
      1,
      1703649540.7244918,
      1703649542.482176,
      {}
    ],
    [
      1,
      null,
      398764591,
      null,
      0.759865806795135,
      1.1493096351623535,
      1,
      1703649542.4838727,
      1703649543.634055,
      {}
    ],
    [
      2,
      null,
      209652396,
      null,
      0.64404056385438,
      1.6304807662963867,
      1,
      1703649543.6401043,
      1703649545.2714875,
      {}
    ],
    [
      2,
      null,
      398764591,
      null,
      0.6445197088404913,
      0.4637894630432129,
      1,
      1703649545.2731376,
      1703649545.7377603,
      {}
    ],
    [
      2,
      null,
      924231285,
      null,
      0.6611204126268582,
      0.991117000579834,
      1,
      1703649545.7402472,
      1703649546.7322838,
      {}
    ],
    [
      3,
      null,
      209652396,
      null,
      0.7610299413794721,
      0.8988296985626221,
      1,
      1703649546.7343524,
      1703649547.6339982,
      {}
    ],
    [
      3,
      null,
      398764591,
      null,
      0.7595524578122361,
      0.6059160232543945,
      1,
      1703649547.6357937,
      1703649548.2425306,
      {}
    ],
    [
      3,
      null,
      924231285,
      null,
      0.7594879734368924,
      0.3487284183502197,
      1,
      1703649548.2442925,
      1703649548.5938241,
      {}
    ],
    [
      4,
      null,
      209652396,
      null,
      0.6425557496942886,
      0.430330753326416,
      1,
      1703649548.596117,
      1703649549.0272367,
      {}
    ],
    [
      4,
      null,
      398764591,
      null,
      0.6621338107987871,
      0.3366718292236328,
      1,
      1703649549.0290809,
      1703649549.3665488,
      {}
    ],
    [
      4,
      null,
      924231285,
      null,
      0.644132042858323,
      1.5071349143981934,
      1,
      1703649549.3684993,
      1703649550.8765683,
      {}
    ],
    [
      5,
      null,
      209652396,
      null,
      0.7598167869170827,
      0.886040449142456,
      1,
      1703649550.87929,
      1703649551.7661302,
      {}
    ],
    [
      5,
      null,
      398764591,
      null,
      0.7598697177132471,
      0.5391240119934082,
      1,
      1703649551.7682364,
      1703649552.3081613,
      {}
    ],
    [
      5,
      null,
      924231285,
      null,
      0.7565710073849632,
      0.5915684700012207,
      1,
      1703649552.3101451,
      1703649552.9025083,
      {}
    ],
    [
      6,
      null,
      209652396,
      null,
      0.6428582563088114,
      0.42332029342651367,
      1,
      1703649552.9851975,
      1703649553.4092844,
      {}
    ],
    [
      6,
      null,
      398764591,
      null,
      0.6461112065730321,
      0.30838680267333984,
      1,
      1703649553.4112246,
      1703649553.720393,
      {}
    ],
    [
      6,
      null,
      924231285,
      null,
      0.6495580044359544,
      0.2931356430053711,
      1,
      1703649553.722258,
      1703649554.016166,
      {}
    ],
    [
      7,
      null,
      209652396,
      null,
      0.6617241956368325,
      0.6657130718231201,
      1,
      1703649554.0193415,
      1703649554.6858358,
      {}
    ],
    [
      7,
      null,
      398764591,
      null,
      0.661972004194219,
      0.38043928146362305,
      1,
      1703649554.688052,
      1703649555.0692823,
      {}
    ],
    [
      7,
      null,
      924231285,
      null,
      0.6456003334729346,
      0.4441237449645996,
      1,
      1703649555.071264,
      1703649555.5161645,
      {}
    ],
    [
      8,
      null,
      209652396,
      null,
      0.7595575105650612,
      0.33400583267211914,
      1,
      1703649555.5194085,
      1703649555.854195,
      {}
    ],
    [
      8,
      null,
      398764591,
      null,
      0.7600266109550902,
      0.4888324737548828,
      1,
      1703649555.856391,
      1703649556.3460197,
      {}
    ],
    [
      8,
      null,
      924231285,
      null,
      0.7537882392914333,
      0.41027307510375977,
      1,
      1703649556.3482509,
      1703649556.7593207,
      {}
    ]
  ],
  "configs": {
    "1": {
      "dissimilarity": "euclidean",
      "n_components": 3,
      "n_init": 2
    },
    "2": {
      "dissimilarity": "euclidean",
      "n_components": 2,
      "n_init": 5
    },
    "3": {
      "dissimilarity": "euclidean",
      "n_components": 3,
      "n_init": 3
    },
    "4": {
      "dissimilarity": "euclidean",
      "n_components": 2,
      "n_init": 4
    },
    "5": {
      "dissimilarity": "euclidean",
      "n_components": 3,
      "n_init": 5
    },
    "6": {
      "dissimilarity": "euclidean",
      "n_components": 2,
      "n_init": 3
    },
    "7": {
      "dissimilarity": "euclidean",
      "n_components": 2,
      "n_init": 2
    },
    "8": {
      "dissimilarity": "euclidean",
      "n_components": 3,
      "n_init": 4
    }
  },
  "config_origins": {
    "1": "Initial Design: Sobol",
    "2": "Acquisition Function Maximizer: Local Search",
    "3": "Initial Design: Sobol",
    "4": "Initial Design: Sobol",
    "5": "Initial Design: Sobol",
    "6": "Acquisition Function Maximizer: Local Search",
    "7": "Acquisition Function Maximizer: Local Search",
    "8": "Acquisition Function Maximizer: Local Search"
  }
}