{
  "incumbent_ids": [
    3
  ],
  "rejected_config_ids": [
    1,
    2
  ],
  "incumbents_changed": 3,
  "trajectory": [
    {
      "config_ids": [
        1
      ],
      "costs": [
        0.05198147599550884
      ],
      "trial": 1,
      "walltime": 0.06215786933898926
    },
    {
      "config_ids": [
        2
      ],
      "costs": [
        0.051412939142450376
      ],
      "trial": 4,
      "walltime": 0.3791320323944092
    },
    {
      "config_ids": [
        3
      ],
      "costs": [
        0.05080452314400763
      ],
      "trial": 8,
      "walltime": 0.8076498508453369
    }
  ],
  "state": {
    "queue": [
      [
        4,
        2
      ]
    ]
  }
}