{
  "stats": {
    "submitted": 10,
    "finished": 10,
    "running": 0
  },
  "data": [
    [
      1,
      null,
      209652396,
      null,
      0.05198147599550884,
      0.06068706512451172,
      1,
      1695913768.1829863,
      1695913768.244213,
      {}
    ],
    [
      1,
      null,
      398764591,
      null,
      0.05198147599550884,
      0.08996224403381348,
      1,
      1695913768.2456784,
      1695913768.3361487,
      {}
    ],
    [
      2,
      null,
      209652396,
      null,
      0.051412939142450376,
      0.09223103523254395,
      1,
      1695913768.3376067,
      1695913768.4303567,
      {}
    ],
    [
      2,
      null,
      398764591,
      null,
      0.051412939142450376,
      0.1281743049621582,
      1,
      1695913768.4316561,
      1695913768.5603743,
      {}
    ],
    [
      2,
      null,
      924231285,
      null,
      0.051412939142450376,
      0.06814384460449219,
      1,
      1695913768.5634162,
      1695913768.632558,
      {}
    ],
    [
      3,
      null,
      209652396,
      null,
      0.05080452314400763,
      0.060414791107177734,
      1,
      1695913768.7976217,
      1695913768.858993,
      {}
    ],
    [
      3,
      null,
      398764591,
      null,
      0.05080452314400763,
      0.06134915351867676,
      1,
      1695913768.8612487,
      1695913768.9235616,
      {}
    ],
    [
      3,
      null,
      924231285,
      null,
      0.05080452314400763,
      0.06217479705810547,
      1,
      1695913768.9258554,
      1695913768.989018,
      {}
    ],
    [
      4,
      null,
      209652396,
      null,
      0.05188811742192012,
      0.06271028518676758,
      1,
      1695913768.9923244,
      1695913769.0560238,
      {}
    ],
    [
      4,
      null,
      398764591,
      null,
      0.05188811742192012,
      0.06258535385131836,
      1,
      1695913769.0584157,
      1695913769.1219747,
      {}
    ]
  ],
  "configs": {
    "1": {
      "batch_size": 258,
      "n_components": 32
    },
    "2": {
      "batch_size": 269,
      "n_components": 12
    },
    "3": {
      "batch_size": 263,
      "n_components": 5
    },
    "4": {
      "batch_size": 274,
      "n_components": 26
    }
  },
  "config_origins": {
    "1": "Initial Design: Sobol",
    "2": "Initial Design: Sobol",
    "3": "Acquisition Function Maximizer: Random Search (sorted)",
    "4": "Acquisition Function Maximizer: Local Search"
  }
}