{
  "incumbent_ids": [
    2
  ],
  "rejected_config_ids": [
    1
  ],
  "incumbents_changed": 2,
  "trajectory": [
    {
      "config_ids": [
        1
      ],
      "costs": [
        1.4971431122629268e-31
      ],
      "trial": 1,
      "walltime": 0.0025856494903564453
    },
    {
      "config_ids": [
        2
      ],
      "costs": [
        8.718612157144027e-32
      ],
      "trial": 4,
      "walltime": 0.010924816131591797
    }
  ],
  "state": {
    "queue": [
      [
        4,
        2
      ]
    ]
  }
}