{
  "stats": {
    "submitted": 10,
    "finished": 10,
    "running": 0
  },
  "data": [
    [
      1,
      null,
      209652396,
      null,
      1.4971431122629268e-31,
      0.0011739730834960938,
      1,
      1695913369.3785415,
      1695913369.3802874,
      {}
    ],
    [
      1,
      null,
      398764591,
      null,
      6.269416658754966e-31,
      0.0010120868682861328,
      1,
      1695913369.3816354,
      1695913369.3831918,
      {}
    ],
    [
      2,
      null,
      209652396,
      null,
      1.094270406709282e-31,
      0.0008168220520019531,
      1,
      1695913369.384479,
      1695913369.3858345,
      {}
    ],
    [
      2,
      null,
      398764591,
      null,
      6.494520247195234e-32,
      0.0007545948028564453,
      1,
      1695913369.3870087,
      1695913369.388286,
      {}
    ],
    [
      2,
      null,
      924231285,
      null,
      1.6140394509438251e-31,
      0.0007596015930175781,
      1,
      1695913369.3900092,
      1695913369.3912878,
      {}
    ],
    [
      3,
      null,
      209652396,
      null,
      4.396212640210599e-31,
      0.0011157989501953125,
      1,
      1695913369.4924345,
      1695913369.4941354,
      {}
    ],
    [
      3,
      null,
      398764591,
      null,
      7.55347673346458e-32,
      0.0009610652923583984,
      1,
      1695913369.495593,
      1695913369.4970882,
      {}
    ],
    [
      3,
      null,
      924231285,
      null,
      2.035960078525924e-31,
      0.0009186267852783203,
      1,
      1695913369.498434,
      1695913369.4998705,
      {}
    ],
    [
      4,
      null,
      209652396,
      null,
      1.1162201913394432e-31,
      0.0007479190826416016,
      1,
      1695913369.5016506,
      1695913369.502922,
      {}
    ],
    [
      4,
      null,
      398764591,
      null,
      4.612861406160334e-31,
      0.0007503032684326172,
      1,
      1695913369.5042908,
      1695913369.5055583,
      {}
    ]
  ],
  "configs": {
    "1": {
      "n_components": 6,
      "n_iter": 6,
      "n_oversamples": 3,
      "power_iteration_normalizer": "auto"
    },
    "2": {
      "n_components": 16,
      "n_iter": 4,
      "n_oversamples": 8,
      "power_iteration_normalizer": "OR"
    },
    "3": {
      "n_components": 17,
      "n_iter": 3,
      "n_oversamples": 10,
      "power_iteration_normalizer": "LU"
    },
    "4": {
      "n_components": 14,
      "n_iter": 4,
      "n_oversamples": 10,
      "power_iteration_normalizer": "OR"
    }
  },
  "config_origins": {
    "1": "Initial Design: Sobol",
    "2": "Initial Design: Sobol",
    "3": "Acquisition Function Maximizer: Random Search (sorted)",
    "4": "Acquisition Function Maximizer: Random Search (sorted)"
  }
}