{
  "stats": {
    "submitted": 20,
    "finished": 20,
    "running": 0
  },
  "data": [
    [
      1,
      null,
      209652396,
      null,
      0.47510168103540795,
      2.219529151916504,
      1,
      1703649557.4693563,
      1703649559.6896505,
      {}
    ],
    [
      1,
      null,
      398764591,
      null,
      0.47510169966675553,
      1.0331721305847168,
      1,
      1703649559.6913605,
      1703649560.7253745,
      {}
    ],
    [
      2,
      null,
      209652396,
      null,
      0.7273163608205013,
      2.6626877784729004,
      1,
      1703649560.7271035,
      1703649563.390698,
      {}
    ],
    [
      2,
      null,
      398764591,
      null,
      0.7273164226489903,
      1.3625271320343018,
      1,
      1703649563.3927076,
      1703649564.756185,
      {}
    ],
    [
      1,
      null,
      924231285,
      null,
      0.4751016629852718,
      0.6369903087615967,
      1,
      1703649564.762481,
      1703649565.4003177,
      {}
    ],
    [
      3,
      null,
      209652396,
      null,
      0.6307485421947623,
      0.7540168762207031,
      1,
      1703649565.4021795,
      1703649566.1570113,
      {}
    ],
    [
      3,
      null,
      398764591,
      null,
      0.6307485421947621,
      1.2312352657318115,
      1,
      1703649566.1586514,
      1703649567.3907158,
      {}
    ],
    [
      3,
      null,
      924231285,
      null,
      0.6307485421947621,
      0.5302872657775879,
      1,
      1703649567.3924787,
      1703649567.9236226,
      {}
    ],
    [
      4,
      null,
      209652396,
      null,
      0.5828173846574526,
      0.3422842025756836,
      1,
      1703649567.9258382,
      1703649568.268935,
      {}
    ],
    [
      4,
      null,
      398764591,
      null,
      0.5828172583733413,
      0.27702784538269043,
      1,
      1703649568.2707393,
      1703649568.5485954,
      {}
    ],
    [
      4,
      null,
      924231285,
      null,
      0.5828172085602479,
      0.23900675773620605,
      1,
      1703649568.5503504,
      1703649568.7901537,
      {}
    ],
    [
      5,
      null,
      209652396,
      null,
      0.5828174213398274,
      0.2373487949371338,
      1,
      1703649568.7923691,
      1703649569.030511,
      {}
    ],
    [
      5,
      null,
      398764591,
      null,
      0.5828172570939967,
      0.24416399002075195,
      1,
      1703649569.0322206,
      1703649569.2771869,
      {}
    ],
    [
      5,
      null,
      924231285,
      null,
      0.5828173331967099,
      0.2525947093963623,
      1,
      1703649569.278872,
      1703649569.532247,
      {}
    ],
    [
      6,
      null,
      209652396,
      null,
      0.47510165558960193,
      0.26277995109558105,
      1,
      1703649569.6129985,
      1703649569.876546,
      {}
    ],
    [
      6,
      null,
      398764591,
      null,
      0.475101481305102,
      0.19492697715759277,
      1,
      1703649569.8799133,
      1703649570.0756137,
      {}
    ],
    [
      6,
      null,
      924231285,
      null,
      0.4751033415209184,
      0.14965510368347168,
      1,
      1703649570.0773551,
      1703649570.2277844,
      {}
    ],
    [
      7,
      null,
      209652396,
      null,
      0.7273163585796929,
      0.41079115867614746,
      1,
      1703649570.2323246,
      1703649570.6439033,
      {}
    ],
    [
      7,
      null,
      398764591,
      null,
      0.7273163585796928,
      0.5451440811157227,
      1,
      1703649570.647836,
      1703649571.1937716,
      {}
    ],
    [
      7,
      null,
      924231285,
      null,
      0.7273163585796931,
      0.5861072540283203,
      1,
      1703649571.1956408,
      1703649571.7825317,
      {}
    ]
  ],
  "configs": {
    "1": {
      "affinity": "nearest_neighbors",
      "eigen_solver": "amg",
      "n_components": 2
    },
    "2": {
      "affinity": "rbf",
      "eigen_solver": "lobpcg",
      "n_components": 3
    },
    "3": {
      "affinity": "rbf",
      "eigen_solver": "amg",
      "n_components": 2
    },
    "4": {
      "affinity": "nearest_neighbors",
      "eigen_solver": "lobpcg",
      "n_components": 3
    },
    "5": {
      "affinity": "nearest_neighbors",
      "eigen_solver": "amg",
      "n_components": 3
    },
    "6": {
      "affinity": "nearest_neighbors",
      "eigen_solver": "lobpcg",
      "n_components": 2
    },
    "7": {
      "affinity": "rbf",
      "eigen_solver": "amg",
      "n_components": 3
    }
  },
  "config_origins": {
    "1": "Initial Design: Sobol",
    "2": "Initial Design: Sobol",
    "3": "Initial Design: Sobol",
    "4": "Initial Design: Sobol",
    "5": "Initial Design: Sobol",
    "6": "Acquisition Function Maximizer: Random Search (sorted)",
    "7": "Acquisition Function Maximizer: Random Search (sorted)"
  }
}