{
  "stats": {
    "submitted": 10,
    "finished": 10,
    "running": 0
  },
  "data": [
    [
      1,
      null,
      209652396,
      null,
      0.13805672908306443,
      0.038225412368774414,
      1,
      1697133414.603477,
      1697133414.6421757,
      {}
    ],
    [
      1,
      null,
      398764591,
      null,
      0.13805672908306443,
      0.03831648826599121,
      1,
      1697133414.6464407,
      1697133414.685353,
      {}
    ],
    [
      2,
      null,
      209652396,
      null,
      0.09688404336357581,
      0.036508798599243164,
      1,
      1697133414.686556,
      1697133414.7235515,
      {}
    ],
    [
      2,
      null,
      398764591,
      null,
      0.09688404336357581,
      0.036353349685668945,
      1,
      1697133414.7249572,
      1697133414.7617962,
      {}
    ],
    [
      2,
      null,
      924231285,
      null,
      0.09688404336357581,
      0.03673410415649414,
      1,
      1697133414.7633646,
      1697133414.8005726,
      {}
    ],
    [
      3,
      null,
      209652396,
      null,
      0.12867149800224764,
      0.03382396697998047,
      1,
      1697133414.898565,
      1697133414.9329095,
      {}
    ],
    [
      3,
      null,
      398764591,
      null,
      0.12867149800224764,
      0.026292085647583008,
      1,
      1697133414.9342525,
      1697133414.9610415,
      {}
    ],
    [
      3,
      null,
      924231285,
      null,
      0.12867149800224764,
      0.02694869041442871,
      1,
      1697133414.9622562,
      1697133414.989685,
      {}
    ],
    [
      4,
      null,
      209652396,
      null,
      0.128672815840973,
      0.026079416275024414,
      1,
      1697133414.9912832,
      1697133415.0178342,
      {}
    ],
    [
      4,
      null,
      398764591,
      null,
      0.128672815840973,
      0.02699565887451172,
      1,
      1697133415.019038,
      1697133415.0465019,
      {}
    ]
  ],
  "configs": {
    "1": {
      "batch_size": 58,
      "n_components": 7
    },
    "2": {
      "batch_size": 69,
      "n_components": 3
    },
    "3": {
      "batch_size": 72,
      "n_components": 5
    },
    "4": {
      "batch_size": 74,
      "n_components": 5
    }
  },
  "config_origins": {
    "1": "Initial Design: Sobol",
    "2": "Initial Design: Sobol",
    "3": "Acquisition Function Maximizer: Random Search (sorted)",
    "4": "Acquisition Function Maximizer: Local Search"
  }
}