{
  "incumbent_ids": [
    2
  ],
  "rejected_config_ids": [
    1
  ],
  "incumbents_changed": 2,
  "trajectory": [
    {
      "config_ids": [
        1
      ],
      "costs": [
        0.10791050881105946
      ],
      "trial": 1,
      "walltime": 0.06227588653564453
    },
    {
      "config_ids": [
        2
      ],
      "costs": [
        0.08003008750831098
      ],
      "trial": 4,
      "walltime": 0.19278931617736816
    }
  ],
  "state": {
    "queue": [
      [
        4,
        2
      ]
    ]
  }
}