{
  "stats": {
    "submitted": 10,
    "finished": 10,
    "running": 0
  },
  "data": [
    [
      1,
      null,
      209652396,
      null,
      0.10791050881105946,
      0.06052422523498535,
      1,
      1695997456.8592956,
      1695997456.920472,
      {}
    ],
    [
      1,
      null,
      398764591,
      null,
      0.10791050881105946,
      0.05619406700134277,
      1,
      1695997456.922268,
      1695997456.9790955,
      {}
    ],
    [
      2,
      null,
      209652396,
      null,
      0.08003008750831098,
      0.03366875648498535,
      1,
      1695997456.9809945,
      1695997457.0152225,
      {}
    ],
    [
      2,
      null,
      398764591,
      null,
      0.08003008750831098,
      0.03342771530151367,
      1,
      1695997457.016822,
      1695997457.0508363,
      {}
    ],
    [
      2,
      null,
      924231285,
      null,
      0.08003008750831098,
      0.03365635871887207,
      1,
      1695997457.0529006,
      1695997457.0871348,
      {}
    ],
    [
      3,
      null,
      209652396,
      null,
      0.09902359074126377,
      0.03564095497131348,
      1,
      1695997457.1978998,
      1695997457.234205,
      {}
    ],
    [
      3,
      null,
      398764591,
      null,
      0.09902359074126377,
      0.03394794464111328,
      1,
      1695997457.2360663,
      1695997457.2706103,
      {}
    ],
    [
      3,
      null,
      924231285,
      null,
      0.09902359074126377,
      0.0337376594543457,
      1,
      1695997457.2722685,
      1695997457.3065817,
      {}
    ],
    [
      4,
      null,
      209652396,
      null,
      0.08004006301333666,
      0.03294777870178223,
      1,
      1695997457.308715,
      1695997457.3422449,
      {}
    ],
    [
      4,
      null,
      398764591,
      null,
      0.08004006301333666,
      0.033150672912597656,
      1,
      1695997457.344078,
      1695997457.3778045,
      {}
    ]
  ],
  "configs": {
    "1": {
      "batch_size": 58,
      "n_components": 7
    },
    "2": {
      "batch_size": 69,
      "n_components": 3
    },
    "3": {
      "batch_size": 72,
      "n_components": 5
    },
    "4": {
      "batch_size": 67,
      "n_components": 3
    }
  },
  "config_origins": {
    "1": "Initial Design: Sobol",
    "2": "Initial Design: Sobol",
    "3": "Acquisition Function Maximizer: Random Search (sorted)",
    "4": "Acquisition Function Maximizer: Local Search"
  }
}