{
  "stats": {
    "submitted": 10,
    "finished": 10,
    "running": 0
  },
  "data": [
    [
      1,
      null,
      209652396,
      null,
      0.6273587571802655,
      0.06524276733398438,
      1,
      1694795545.6640246,
      1694795545.7298212,
      {}
    ],
    [
      1,
      null,
      398764591,
      null,
      0.6273587571802655,
      0.06379508972167969,
      1,
      1694795545.7313387,
      1694795545.7957113,
      {}
    ],
    [
      2,
      null,
      209652396,
      null,
      0.6493521262150415,
      0.0614771842956543,
      1,
      1694795545.7972324,
      1694795545.8592808,
      {}
    ],
    [
      2,
      null,
      398764591,
      null,
      0.6493521262150415,
      0.06148672103881836,
      1,
      1694795545.860641,
      1694795545.9227083,
      {}
    ],
    [
      1,
      null,
      924231285,
      null,
      0.6273587571802655,
      0.065093994140625,
      1,
      1694795545.924491,
      1694795545.9901662,
      {}
    ],
    [
      3,
      null,
      209652396,
      null,
      0.702661858792134,
      0.052869558334350586,
      1,
      1694795546.0864348,
      1694795546.1398656,
      {}
    ],
    [
      3,
      null,
      398764591,
      null,
      0.702661858792134,
      0.052446842193603516,
      1,
      1694795546.1413522,
      1694795546.1943736,
      {}
    ],
    [
      3,
      null,
      924231285,
      null,
      0.702661858792134,
      0.052607059478759766,
      1,
      1694795546.1958725,
      1694795546.2490504,
      {}
    ],
    [
      4,
      null,
      209652396,
      null,
      0.702661858792134,
      0.05332803726196289,
      1,
      1694795546.2509973,
      1694795546.3049037,
      {}
    ],
    [
      4,
      null,
      398764591,
      null,
      0.702661858792134,
      0.05290389060974121,
      1,
      1694795546.3064704,
      1694795546.3599465,
      {}
    ]
  ],
  "configs": {
    "1": {
      "alpha": 0.34019066896289585,
      "method": "cd",
      "n_components": 2,
      "ridge_alpha": 0.029059861330315476
    },
    "2": {
      "alpha": 0.8744391072541475,
      "method": "lars",
      "n_components": 3,
      "ridge_alpha": 0.06035465487278999
    },
    "3": {
      "alpha": 0.6813047017599905,
      "method": "cd",
      "n_components": 4,
      "ridge_alpha": 0.04731957459914713
    },
    "4": {
      "alpha": 0.6424870384644795,
      "method": "cd",
      "n_components": 4,
      "ridge_alpha": 0.02290179586681418
    }
  },
  "config_origins": {
    "1": "Initial Design: Sobol",
    "2": "Initial Design: Sobol",
    "3": "Acquisition Function Maximizer: Random Search (sorted)",
    "4": "Acquisition Function Maximizer: Random Search (sorted)"
  }
}