{
  "stats": {
    "submitted": 10,
    "finished": 10,
    "running": 0
  },
  "data": [
    [
      1,
      null,
      209652396,
      null,
      0.0,
      0.07150101661682129,
      1,
      1694032037.0052867,
      1694032037.0773017,
      {}
    ],
    [
      1,
      null,
      398764591,
      null,
      0.0,
      0.1097712516784668,
      1,
      1694032037.079038,
      1694032037.1896327,
      {}
    ],
    [
      2,
      null,
      209652396,
      null,
      0.0,
      0.10743308067321777,
      1,
      1694032037.1915476,
      1694032037.2998338,
      {}
    ],
    [
      2,
      null,
      398764591,
      null,
      0.0,
      0.10626745223999023,
      1,
      1694032037.3014781,
      1694032037.408612,
      {}
    ],
    [
      1,
      null,
      924231285,
      null,
      0.0,
      0.08182835578918457,
      1,
      1694032037.4106398,
      1694032037.4933052,
      {}
    ],
    [
      3,
      null,
      209652396,
      null,
      0.0,
      0.051157474517822266,
      1,
      1694032037.5928044,
      1694032037.6448286,
      {}
    ],
    [
      3,
      null,
      398764591,
      null,
      0.0,
      0.04950237274169922,
      1,
      1694032037.6465557,
      1694032037.6968875,
      {}
    ],
    [
      3,
      null,
      924231285,
      null,
      0.0,
      0.06853723526000977,
      1,
      1694032037.6985803,
      1694032037.767958,
      {}
    ],
    [
      4,
      null,
      209652396,
      null,
      0.0,
      0.08913373947143555,
      1,
      1694032037.770326,
      1694032037.8603227,
      {}
    ],
    [
      4,
      null,
      398764591,
      null,
      0.0,
      0.09716439247131348,
      1,
      1694032037.8620822,
      1694032037.9600868,
      {}
    ]
  ],
  "configs": {
    "1": {
      "batch_size": 58,
      "n_components": 4
    },
    "2": {
      "batch_size": 69,
      "n_components": 2
    },
    "3": {
      "batch_size": 77,
      "n_components": 2
    },
    "4": {
      "batch_size": 72,
      "n_components": 3
    }
  },
  "config_origins": {
    "1": "Initial Design: Sobol",
    "2": "Initial Design: Sobol",
    "3": "Acquisition Function Maximizer: Random Search (sorted)",
    "4": "Acquisition Function Maximizer: Random Search (sorted)"
  }
}