{
  "stats": {
    "submitted": 10,
    "finished": 10,
    "running": 0
  },
  "data": [
    [
      1,
      null,
      209652396,
      null,
      0.6375657305442096,
      1.9412806034088135,
      1,
      1695997549.2107813,
      1695997551.1526568,
      {}
    ],
    [
      1,
      null,
      398764591,
      null,
      0.6375657305442093,
      1.8179059028625488,
      1,
      1695997551.154404,
      1695997552.973083,
      {}
    ],
    [
      2,
      null,
      209652396,
      null,
      0.7838823899139093,
      1.1250269412994385,
      1,
      1695997552.9750078,
      1695997554.100823,
      {}
    ],
    [
      2,
      null,
      398764591,
      null,
      0.7838823899139092,
      1.1093382835388184,
      1,
      1695997554.1027427,
      1695997555.2127926,
      {}
    ],
    [
      1,
      null,
      924231285,
      null,
      0.6375657305442095,
      1.6612401008605957,
      1,
      1695997555.2147355,
      1695997556.8766153,
      {}
    ],
    [
      3,
      null,
      209652396,
      null,
      0.6456669375128601,
      1.664964199066162,
      1,
      1695997556.9831667,
      1695997558.6487365,
      {}
    ],
    [
      3,
      null,
      398764591,
      null,
      0.6456669375128601,
      1.6511621475219727,
      1,
      1695997558.6503305,
      1695997560.302127,
      {}
    ],
    [
      3,
      null,
      924231285,
      null,
      0.6456669375128599,
      1.7150447368621826,
      1,
      1695997560.303752,
      1695997562.0194657,
      {}
    ],
    [
      4,
      null,
      209652396,
      null,
      0.6454536725865574,
      1.834054946899414,
      1,
      1695997562.021634,
      1695997563.8563147,
      {}
    ],
    [
      4,
      null,
      398764591,
      null,
      0.6454536725865577,
      1.6753816604614258,
      1,
      1695997563.8580093,
      1695997565.5340352,
      {}
    ]
  ],
  "configs": {
    "1": {
      "alpha": 0.34019066896289585,
      "batch_size": 4,
      "method": "lars",
      "n_components": 2,
      "ridge_alpha": 0.08752058510668576
    },
    "2": {
      "alpha": 0.9592367018572986,
      "batch_size": 3,
      "method": "cd",
      "n_components": 3,
      "ridge_alpha": 0.010323922336101533
    },
    "3": {
      "alpha": 0.5939321535345923,
      "batch_size": 5,
      "method": "lars",
      "n_components": 2,
      "ridge_alpha": 0.05105352989948938
    },
    "4": {
      "alpha": 0.6191817949814682,
      "batch_size": 5,
      "method": "lars",
      "n_components": 2,
      "ridge_alpha": 0.03127770071969587
    }
  },
  "config_origins": {
    "1": "Initial Design: Sobol",
    "2": "Initial Design: Sobol",
    "3": "Acquisition Function Maximizer: Random Search (sorted)",
    "4": "Acquisition Function Maximizer: Local Search"
  }
}