{
  "incumbent_ids": [
    4
  ],
  "rejected_config_ids": [
    1
  ],
  "incumbents_changed": 2,
  "trajectory": [
    {
      "config_ids": [
        1
      ],
      "costs": [
        0.547059922111299
      ],
      "trial": 1,
      "walltime": 0.37804365158081055
    },
    {
      "config_ids": [
        4
      ],
      "costs": [
        0.5269729782885317
      ],
      "trial": 11,
      "walltime": 2.5022778511047363
    }
  ],
  "state": {
    "queue": [
      [
        34,
        2
      ]
    ]
  }
}