{
  "incumbent_ids": [
    2
  ],
  "rejected_config_ids": [
    1
  ],
  "incumbents_changed": 2,
  "trajectory": [
    {
      "config_ids": [
        1
      ],
      "costs": [
        0.17516952742322223
      ],
      "trial": 1,
      "walltime": 0.07388710975646973
    },
    {
      "config_ids": [
        2
      ],
      "costs": [
        0.12685586261225312
      ],
      "trial": 4,
      "walltime": 0.21885108947753906
    }
  ],
  "state": {
    "queue": [
      [
        4,
        2
      ]
    ]
  }
}