{
  "stats": {
    "submitted": 10,
    "finished": 10,
    "running": 0
  },
  "data": [
    [
      1,
      null,
      209652396,
      null,
      0.601704309047097,
      1.487961769104004,
      1,
      1696443827.589857,
      1696443829.0790637,
      {}
    ],
    [
      1,
      null,
      398764591,
      null,
      0.601704309047097,
      1.352935791015625,
      1,
      1696443829.0820625,
      1696443830.4362624,
      {}
    ],
    [
      2,
      null,
      209652396,
      null,
      0.7407998288737266,
      0.6851098537445068,
      1,
      1696443830.4392164,
      1696443831.125583,
      {}
    ],
    [
      2,
      null,
      398764591,
      null,
      0.7407998288737266,
      0.687481164932251,
      1,
      1696443831.128317,
      1696443831.817044,
      {}
    ],
    [
      1,
      null,
      924231285,
      null,
      0.601704309047097,
      1.372384786605835,
      1,
      1696443831.8206248,
      1696443833.1942668,
      {}
    ],
    [
      3,
      null,
      209652396,
      null,
      0.6017043122770724,
      0.6095926761627197,
      1,
      1696443833.4305005,
      1696443834.0413666,
      {}
    ],
    [
      3,
      null,
      398764591,
      null,
      0.6017043122770724,
      0.6253571510314941,
      1,
      1696443834.0443397,
      1696443834.6710482,
      {}
    ],
    [
      3,
      null,
      924231285,
      null,
      0.6017043122770723,
      0.5964312553405762,
      1,
      1696443834.6743388,
      1696443835.2721257,
      {}
    ],
    [
      4,
      null,
      209652396,
      null,
      0.7408013788202188,
      1.7505302429199219,
      1,
      1696443835.2762578,
      1696443837.0281758,
      {}
    ],
    [
      4,
      null,
      398764591,
      null,
      0.7408013788202188,
      1.7046692371368408,
      1,
      1696443837.031826,
      1696443838.7379105,
      {}
    ]
  ],
  "configs": {
    "1": {
      "alpha": 0.34019066896289585,
      "batch_size": 4,
      "method": "lars",
      "n_components": 2,
      "ridge_alpha": 0.08752058510668576
    },
    "2": {
      "alpha": 0.9592367018572986,
      "batch_size": 3,
      "method": "cd",
      "n_components": 3,
      "ridge_alpha": 0.010323922336101533
    },
    "3": {
      "alpha": 0.3582247410638446,
      "batch_size": 4,
      "method": "cd",
      "n_components": 2,
      "ridge_alpha": 0.0879335718328074
    },
    "4": {
      "alpha": 0.5015048350398018,
      "batch_size": 5,
      "method": "lars",
      "n_components": 3,
      "ridge_alpha": 0.09732097069524911
    }
  },
  "config_origins": {
    "1": "Initial Design: Sobol",
    "2": "Initial Design: Sobol",
    "3": "Acquisition Function Maximizer: Local Search",
    "4": "Acquisition Function Maximizer: Local Search"
  }
}