{
  "stats": {
    "submitted": 10,
    "finished": 10,
    "running": 0
  },
  "data": [
    [
      1,
      null,
      209652396,
      null,
      0.7408013810907053,
      0.13016653060913086,
      1,
      1696443821.2613547,
      1696443821.392592,
      {}
    ],
    [
      1,
      null,
      398764591,
      null,
      0.7408013810907053,
      0.14374804496765137,
      1,
      1696443821.395178,
      1696443821.5400543,
      {}
    ],
    [
      2,
      null,
      209652396,
      null,
      0.6137648313421431,
      0.13175177574157715,
      1,
      1696443821.5429912,
      1696443821.675851,
      {}
    ],
    [
      2,
      null,
      398764591,
      null,
      0.6137648313421431,
      0.13600540161132812,
      1,
      1696443821.6782372,
      1696443821.815333,
      {}
    ],
    [
      2,
      null,
      924231285,
      null,
      0.6137648313421431,
      0.16908788681030273,
      1,
      1696443821.8190696,
      1696443821.9892645,
      {}
    ],
    [
      3,
      null,
      209652396,
      null,
      0.613781024267158,
      0.2326362133026123,
      1,
      1696443822.1042016,
      1696443822.3378785,
      {}
    ],
    [
      3,
      null,
      398764591,
      null,
      0.613781024267158,
      0.12112593650817871,
      1,
      1696443822.340244,
      1696443822.4624038,
      {}
    ],
    [
      3,
      null,
      924231285,
      null,
      0.613781024267158,
      0.1327214241027832,
      1,
      1696443822.4652703,
      1696443822.5992472,
      {}
    ],
    [
      4,
      null,
      209652396,
      null,
      0.740801381090705,
      0.126389741897583,
      1,
      1696443822.602804,
      1696443822.7302542,
      {}
    ],
    [
      4,
      null,
      398764591,
      null,
      0.740801381090705,
      0.12957143783569336,
      1,
      1696443822.7328439,
      1696443822.8635113,
      {}
    ]
  ],
  "configs": {
    "1": {
      "batch_size": 23,
      "n_components": 3
    },
    "2": {
      "batch_size": 34,
      "n_components": 2
    },
    "3": {
      "batch_size": 26,
      "n_components": 2
    },
    "4": {
      "batch_size": 35,
      "n_components": 3
    }
  },
  "config_origins": {
    "1": "Initial Design: Sobol",
    "2": "Initial Design: Sobol",
    "3": "Acquisition Function Maximizer: Local Search",
    "4": "Acquisition Function Maximizer: Random Search (sorted)"
  }
}