{
  "stats": {
    "submitted": 10,
    "finished": 10,
    "running": 0
  },
  "data": [
    [
      1,
      null,
      209652396,
      null,
      0.43174382705007286,
      0.3367345333099365,
      1,
      1695830911.1607685,
      1695830911.4986835,
      {}
    ],
    [
      1,
      null,
      398764591,
      null,
      0.43174382705007286,
      0.3338742256164551,
      1,
      1695830911.5015957,
      1695830911.836733,
      {}
    ],
    [
      2,
      null,
      209652396,
      null,
      0.43225290531190286,
      0.5721743106842041,
      1,
      1695830911.8398192,
      1695830912.4131982,
      {}
    ],
    [
      2,
      null,
      398764591,
      null,
      0.43225290531190286,
      0.5420458316802979,
      1,
      1695830912.4160306,
      1695830912.9593096,
      {}
    ],
    [
      1,
      null,
      924231285,
      null,
      0.43174382705007286,
      0.30886292457580566,
      1,
      1695830912.9625244,
      1695830913.272545,
      {}
    ],
    [
      3,
      null,
      209652396,
      null,
      0.43226115372092544,
      0.2386491298675537,
      1,
      1695830913.5215516,
      1695830913.7613132,
      {}
    ],
    [
      3,
      null,
      398764591,
      null,
      0.43226115372092544,
      0.22727632522583008,
      1,
      1695830913.764205,
      1695830913.9926746,
      {}
    ],
    [
      3,
      null,
      924231285,
      null,
      0.43226115372092544,
      0.21808075904846191,
      1,
      1695830913.9958203,
      1695830914.215096,
      {}
    ],
    [
      4,
      null,
      209652396,
      null,
      0.43226115720576486,
      0.22487807273864746,
      1,
      1695830914.2186983,
      1695830914.4447422,
      {}
    ],
    [
      4,
      null,
      398764591,
      null,
      0.43226115720576486,
      0.22589778900146484,
      1,
      1695830914.44763,
      1695830914.6746895,
      {}
    ]
  ],
  "configs": {
    "1": {
      "alpha": 0.34019066896289585,
      "method": "cd",
      "n_components": 3,
      "ridge_alpha": 0.029059861330315476
    },
    "2": {
      "alpha": 0.8744391072541475,
      "method": "lars",
      "n_components": 9,
      "ridge_alpha": 0.06035465487278999
    },
    "3": {
      "alpha": 0.6813047017599905,
      "method": "cd",
      "n_components": 11,
      "ridge_alpha": 0.04731957459914713
    },
    "4": {
      "alpha": 0.6424870384644795,
      "method": "cd",
      "n_components": 11,
      "ridge_alpha": 0.02290179586681418
    }
  },
  "config_origins": {
    "1": "Initial Design: Sobol",
    "2": "Initial Design: Sobol",
    "3": "Acquisition Function Maximizer: Random Search (sorted)",
    "4": "Acquisition Function Maximizer: Random Search (sorted)"
  }
}