{
  "incumbent_ids": [
    7
  ],
  "rejected_config_ids": [
    1,
    4
  ],
  "incumbents_changed": 3,
  "trajectory": [
    {
      "config_ids": [
        1
      ],
      "costs": [
        0.5007805562048666
      ],
      "trial": 1,
      "walltime": 0.6336202621459961
    },
    {
      "config_ids": [
        4
      ],
      "costs": [
        0.4591341844940969
      ],
      "trial": 11,
      "walltime": 3.7085366249084473
    },
    {
      "config_ids": [
        7
      ],
      "costs": [
        0.4564047052469504
      ],
      "trial": 20,
      "walltime": 6.833117246627808
    }
  ],
  "state": {
    "queue": [
      [
        34,
        2
      ]
    ]
  }
}