{
  "incumbent_ids": [
    3
  ],
  "rejected_config_ids": [
    1,
    2
  ],
  "incumbents_changed": 3,
  "trajectory": [
    {
      "config_ids": [
        1
      ],
      "costs": [
        0.8826971248933234
      ],
      "trial": 1,
      "walltime": 0.043633460998535156
    },
    {
      "config_ids": [
        2
      ],
      "costs": [
        0.8140069939224379
      ],
      "trial": 4,
      "walltime": 0.22808527946472168
    },
    {
      "config_ids": [
        3
      ],
      "costs": [
        0.8140069939224374
      ],
      "trial": 8,
      "walltime": 0.5486540794372559
    }
  ],
  "state": {
    "queue": [
      [
        4,
        2
      ]
    ]
  }
}