{
  "stats": {
    "submitted": 77,
    "finished": 77,
    "running": 0
  },
  "data": [
    [
      1,
      null,
      209652396,
      null,
      0.5637527155796992,
      0.44246530532836914,
      1,
      1703639723.3883152,
      1703639723.8315337,
      {}
    ],
    [
      1,
      null,
      398764591,
      null,
      0.5638636233289465,
      0.28805088996887207,
      1,
      1703639723.8333359,
      1703639724.1222212,
      {}
    ],
    [
      2,
      null,
      209652396,
      null,
      0.5623329296793165,
      0.36745476722717285,
      1,
      1703639724.124057,
      1703639724.4923575,
      {}
    ],
    [
      2,
      null,
      398764591,
      null,
      0.5628363669147829,
      1.3708469867706299,
      1,
      1703639724.4939613,
      1703639725.8656101,
      {}
    ],
    [
      2,
      null,
      924231285,
      null,
      0.5625482169596643,
      0.7059173583984375,
      1,
      1703639725.8678582,
      1703639726.5745816,
      {}
    ],
    [
      3,
      null,
      209652396,
      null,
      0.5641809597354719,
      0.29142141342163086,
      1,
      1703639726.5765302,
      1703639726.8689468,
      {}
    ],
    [
      3,
      null,
      398764591,
      null,
      0.5640472524918279,
      0.6663846969604492,
      1,
      1703639726.8706172,
      1703639727.5377052,
      {}
    ],
    [
      3,
      null,
      924231285,
      null,
      0.5639401504135899,
      0.4842362403869629,
      1,
      1703639727.5411644,
      1703639728.026207,
      {}
    ],
    [
      4,
      null,
      209652396,
      null,
      0.5610694437062873,
      0.1775662899017334,
      1,
      1703639728.0285792,
      1703639728.2069824,
      {}
    ],
    [
      4,
      null,
      398764591,
      null,
      0.5605416181213128,
      0.17708945274353027,
      1,
      1703639728.2087672,
      1703639728.3866436,
      {}
    ],
    [
      4,
      null,
      924231285,
      null,
      0.5594572956863608,
      0.16672468185424805,
      1,
      1703639728.388397,
      1703639728.5559242,
      {}
    ],
    [
      5,
      null,
      209652396,
      null,
      0.5639266028236823,
      0.23304200172424316,
      1,
      1703639728.5585907,
      1703639728.792419,
      {}
    ],
    [
      5,
      null,
      398764591,
      null,
      0.563514577301176,
      0.26366710662841797,
      1,
      1703639728.7944758,
      1703639729.0589259,
      {}
    ],
    [
      5,
      null,
      924231285,
      null,
      0.5635061000477233,
      0.3354959487915039,
      1,
      1703639729.060765,
      1703639729.3970375,
      {}
    ],
    [
      6,
      null,
      209652396,
      null,
      0.5572627612861561,
      0.5661888122558594,
      1,
      1703639729.626576,
      1703639730.1935227,
      {}
    ],
    [
      6,
      null,
      398764591,
      null,
      0.5584021135801068,
      0.3297688961029053,
      1,
      1703639730.195586,
      1703639730.526161,
      {}
    ],
    [
      6,
      null,
      924231285,
      null,
      0.5577724990331856,
      0.6934492588043213,
      1,
      1703639730.528162,
      1703639731.2224116,
      {}
    ],
    [
      7,
      null,
      209652396,
      null,
      0.5576555003009407,
      0.4929499626159668,
      1,
      1703639731.225356,
      1703639731.7190921,
      {}
    ],
    [
      7,
      null,
      398764591,
      null,
      0.5580984452055833,
      0.528186559677124,
      1,
      1703639731.7211971,
      1703639732.2502155,
      {}
    ],
    [
      7,
      null,
      924231285,
      null,
      0.5576525665415201,
      0.20415449142456055,
      1,
      1703639732.252573,
      1703639732.457549,
      {}
    ],
    [
      8,
      null,
      209652396,
      null,
      0.5605369012212198,
      0.229905366897583,
      1,
      1703639732.4604616,
      1703639732.6911023,
      {}
    ],
    [
      8,
      null,
      398764591,
      null,
      0.5608030239937796,
      0.25775599479675293,
      1,
      1703639732.6932964,
      1703639732.9517875,
      {}
    ],
    [
      8,
      null,
      924231285,
      null,
      0.5604117794189845,
      0.2753140926361084,
      1,
      1703639732.953828,
      1703639733.2298708,
      {}
    ],
    [
      9,
      null,
      209652396,
      null,
      0.5599564394243011,
      0.3338143825531006,
      1,
      1703639733.232621,
      1703639733.5671728,
      {}
    ],
    [
      9,
      null,
      398764591,
      null,
      0.559624077738343,
      0.4482724666595459,
      1,
      1703639733.569286,
      1703639734.0182946,
      {}
    ],
    [
      9,
      null,
      924231285,
      null,
      0.5593834381057017,
      0.34156322479248047,
      1,
      1703639734.0206153,
      1703639734.3629332,
      {}
    ],
    [
      10,
      null,
      209652396,
      null,
      0.5363441676001408,
      0.25532102584838867,
      1,
      1703639734.36603,
      1703639734.6220863,
      {}
    ],
    [
      10,
      null,
      398764591,
      null,
      0.5345285880144668,
      0.16828465461730957,
      1,
      1703639734.624181,
      1703639734.7932117,
      {}
    ],
    [
      10,
      null,
      924231285,
      null,
      0.5362742898836222,
      0.2361760139465332,
      1,
      1703639734.7953203,
      1703639735.0322297,
      {}
    ],
    [
      11,
      null,
      209652396,
      null,
      0.5364421980908723,
      0.31394362449645996,
      1,
      1703639735.0355015,
      1703639735.3501768,
      {}
    ],
    [
      11,
      null,
      398764591,
      null,
      0.536485151753807,
      0.13973665237426758,
      1,
      1703639735.3523886,
      1703639735.4928637,
      {}
    ],
    [
      11,
      null,
      924231285,
      null,
      0.5351752276441276,
      0.35621070861816406,
      1,
      1703639735.4950736,
      1703639735.852007,
      {}
    ],
    [
      12,
      null,
      209652396,
      null,
      0.5601546756822289,
      0.7450296878814697,
      1,
      1703639735.8551347,
      1703639736.6008904,
      {}
    ],
    [
      12,
      null,
      398764591,
      null,
      0.5602055212055648,
      0.470487117767334,
      1,
      1703639736.6032214,
      1703639737.074437,
      {}
    ],
    [
      12,
      null,
      924231285,
      null,
      0.5605297371718683,
      0.12089157104492188,
      1,
      1703639737.0767975,
      1703639737.198422,
      {}
    ],
    [
      13,
      null,
      209652396,
      null,
      0.5626096263521247,
      0.25536561012268066,
      1,
      1703639737.2024677,
      1703639737.4585588,
      {}
    ],
    [
      13,
      null,
      398764591,
      null,
      0.5632664143246864,
      0.26746463775634766,
      1,
      1703639737.4610016,
      1703639737.7291865,
      {}
    ],
    [
      13,
      null,
      924231285,
      null,
      0.5634962427142165,
      0.19200611114501953,
      1,
      1703639737.7317195,
      1703639737.924449,
      {}
    ],
    [
      14,
      null,
      209652396,
      null,
      0.5637618290075214,
      0.240006685256958,
      1,
      1703639737.9438238,
      1703639738.1845617,
      {}
    ],
    [
      14,
      null,
      398764591,
      null,
      0.5638685008679077,
      0.24774813652038574,
      1,
      1703639738.1870914,
      1703639738.435564,
      {}
    ],
    [
      14,
      null,
      924231285,
      null,
      0.5638281577770807,
      0.12057900428771973,
      1,
      1703639738.4380984,
      1703639738.5594175,
      {}
    ],
    [
      15,
      null,
      209652396,
      null,
      0.5625131639566183,
      0.45941948890686035,
      1,
      1703639738.7799892,
      1703639739.239954,
      {}
    ],
    [
      15,
      null,
      398764591,
      null,
      0.5628774592434318,
      0.24645781517028809,
      1,
