{
  "stats": {
    "submitted": 29,
    "finished": 29,
    "running": 0
  },
  "data": [
    [
      1,
      null,
      209652396,
      null,
      0.5007965339035911,
      2.8232719898223877,
      1,
      1703644564.4250371,
      1703644567.249132,
      {}
    ],
    [
      1,
      null,
      398764591,
      null,
      0.5092483413775231,
      1.4838929176330566,
      1,
      1703644567.250955,
      1703644568.7357757,
      {}
    ],
    [
      2,
      null,
      209652396,
      null,
      0.44902980624937283,
      1.114823818206787,
      1,
      1703644568.7377143,
      1703644569.8534057,
      {}
    ],
    [
      2,
      null,
      398764591,
      null,
      0.449420422688103,
      0.8353531360626221,
      1,
      1703644569.8579211,
      1703644570.694187,
      {}
    ],
    [
      2,
      null,
      924231285,
      null,
      0.4446486099589926,
      0.8540878295898438,
      1,
      1703644570.697404,
      1703644571.552584,
      {}
    ],
    [
      3,
      null,
      209652396,
      null,
      0.530780266479108,
      0.6893208026885986,
      1,
      1703644571.5547152,
      1703644572.2448843,
      {}
    ],
    [
      3,
      null,
      398764591,
      null,
      0.530734632413034,
      0.4359402656555176,
      1,
      1703644572.24679,
      1703644572.6835697,
      {}
    ],
    [
      3,
      null,
      924231285,
      null,
      0.5306516376864652,
      0.6930980682373047,
      1,
      1703644572.685301,
      1703644573.3791916,
      {}
    ],
    [
      4,
      null,
      209652396,
      null,
      0.4498491151725953,
      0.5257070064544678,
      1,
      1703644573.3813827,
      1703644573.9078603,
      {}
    ],
    [
      4,
      null,
      398764591,
      null,
      0.44933159547344215,
      0.3148622512817383,
      1,
      1703644573.9095101,
      1703644574.225118,
      {}
    ],
    [
      4,
      null,
      924231285,
      null,
      0.44994345436555816,
      0.9734318256378174,
      1,
      1703644574.2266922,
      1703644575.2008843,
      {}
    ],
    [
      5,
      null,
      209652396,
      null,
      0.5304922392653717,
      0.7133362293243408,
      1,
      1703644575.2052422,
      1703644575.9193847,
      {}
    ],
    [
      5,
      null,
      398764591,
      null,
      0.5310819606054513,
      0.6808450222015381,
      1,
      1703644575.9240453,
      1703644576.6057045,
      {}
    ],
    [
      5,
      null,
      924231285,
      null,
      0.5306921391521575,
      0.6290295124053955,
      1,
      1703644576.6075315,
      1703644577.2372825,
      {}
    ],
    [
      6,
      null,
      209652396,
      null,
      0.4447765659496953,
      0.6666097640991211,
      1,
      1703644577.316868,
      1703644577.98428,
      {}
    ],
    [
      6,
      null,
      398764591,
      null,
      0.44565885323533083,
      0.7128629684448242,
      1,
      1703644577.9863327,
      1703644578.7000022,
      {}
    ],
    [
      6,
      null,
      924231285,
      null,
      0.4492976231085799,
      2.4872019290924072,
      1,
      1703644578.70189,
      1703644581.1898754,
      {}
    ],
    [
      7,
      null,
      209652396,
      null,
      0.5074799918399747,
      0.95414137840271,
      1,
      1703644581.1928174,
      1703644582.1477723,
      {}
    ],
    [
      7,
      null,
      398764591,
      null,
      0.5090146838503993,
      1.0208351612091064,
      1,
      1703644582.1499333,
      1703644583.1715631,
      {}
    ],
    [
      7,
      null,
      924231285,
      null,
      0.5093810394109302,
      1.4836525917053223,
      1,
      1703644583.1737344,
      1703644584.6582034,
      {}
    ],
    [
      8,
      null,
      209652396,
      null,
      0.5308033840683697,
      1.0072870254516602,
      1,
      1703644584.6612246,
      1703644585.6693773,
      {}
    ],
    [
      8,
      null,
      398764591,
      null,
      0.5306651853360314,
      1.0096354484558105,
      1,
      1703644585.6722221,
      1703644586.6827407,
      {}
    ],
    [
      8,
      null,
      924231285,
      null,
      0.5307226559082328,
      0.684567928314209,
      1,
      1703644586.6870959,
      1703644587.3725514,
      {}
    ],
    [
      9,
      null,
      209652396,
      null,
      0.5092050014715712,
      2.5345816612243652,
      1,
      1703644587.3761804,
      1703644589.9115865,
      {}
    ],
    [
      9,
      null,
      398764591,
      null,
      0.5092165923988122,
      1.5477180480957031,
      1,
      1703644589.9140127,
      1703644591.46255,
      {}
    ],
    [
      9,
      null,
      924231285,
      null,
      0.5091237568807456,
      1.5722851753234863,
      1,
      1703644591.4651587,
      1703644593.0382876,
      {}
    ],
    [
      10,
      null,
      209652396,
      null,
      0.4489968228333864,
      1.0618104934692383,
      1,
      1703644593.2003179,
      1703644594.274582,
      {}
    ],
    [
      10,
      null,
      398764591,
      null,
      0.4495914203226712,
      0.6941232681274414,
      1,
      1703644594.2770598,
      1703644594.972008,
      {}
    ],
    [
      10,
      null,
      924231285,
      null,
      0.4462389180665487,
      0.7831244468688965,
      1,
      1703644594.9744983,
      1703644595.7584467,
      {}
    ]
  ],
  "configs": {
    "1": {
      "dissimilarity": "euclidean",
      "n_components": 3,
      "n_init": 2
    },
    "2": {
      "dissimilarity": "euclidean",
      "n_components": 2,
      "n_init": 5
    },
    "3": {
      "dissimilarity": "euclidean",
      "n_components": 4,
      "n_init": 3
    },
    "4": {
      "dissimilarity": "euclidean",
      "n_components": 2,
      "n_init": 4
    },
    "5": {
      "dissimilarity": "euclidean",
      "n_components": 4,
      "n_init": 5
    },
    "6": {
      "dissimilarity": "euclidean",
      "n_components": 2,
      "n_init": 3
    },
    "7": {
      "dissimilarity": "euclidean",
      "n_components": 3,
      "n_init": 5
    },
    "8": {
      "dissimilarity": "euclidean",
      "n_components": 4,
      "n_init": 2
    },
    "9": {
      "dissimilarity": "euclidean",
      "n_components": 3,
      "n_init": 3
    },
    "10": {
      "dissimilarity": "euclidean",
      "n_components": 2,
      "n_init": 2
    }
  },
  "config_origins": {
    "1": "Initial Design: Sobol",
    "2": "Acquisition Function Maximizer: Local Search",
    "3": "Initial Design: Sobol",
    "4": "Initial Design: Sobol",
    "5": "Initial Design: Sobol",
    "6": "Acquisition Function Maximizer: Random Search (sorted)",
    "7": "Acquisition Function Maximizer: Random Search (sorted)",
    "8": "Acquisition Function Maximizer: Local Search",
    "9": "Random Search",
    "10": "Acquisition Function Maximizer: Random Search (sorted)"
  }
}