{
  "incumbent_ids": [
    2
  ],
  "rejected_config_ids": [
    1
  ],
  "incumbents_changed": 2,
  "trajectory": [
    {
      "config_ids": [
        1
      ],
      "costs": [
        0.6574206890346443
      ],
      "trial": 1,
      "walltime": 0.10674357414245605
    },
    {
      "config_ids": [
        2
      ],
      "costs": [
        0.43681267180823324
      ],
      "trial": 4,
      "walltime": 0.4217996597290039
    }
  ],
  "state": {
    "queue": [
      [
        4,
        2
      ]
    ]
  }
}