{
  "stats": {
    "submitted": 10,
    "finished": 10,
    "running": 0
  },
  "data": [
    [
      1,
      null,
      209652396,
      null,
      0.6574206890346443,
      0.10366010665893555,
      1,
      1695830909.1509714,
      1695830909.255952,
      {}
    ],
    [
      1,
      null,
      398764591,
      null,
      0.768310441750556,
      0.08583498001098633,
      1,
      1695830909.2589576,
      1695830909.346137,
      {}
    ],
    [
      2,
      null,
      209652396,
      null,
      0.4368129504975192,
      0.11014294624328613,
      1,
      1695830909.3490686,
      1695830909.4606392,
      {}
    ],
    [
      2,
      null,
      398764591,
      null,
      0.43681239311894726,
      0.10535311698913574,
      1,
      1695830909.4635499,
      1695830909.5702856,
      {}
    ],
    [
      2,
      null,
      924231285,
      null,
      0.43681237840013853,
      0.13425159454345703,
      1,
      1695830909.5742395,
      1695830909.7098544,
      {}
    ],
    [
      3,
      null,
      209652396,
      null,
      0.43873763614349415,
      0.13118934631347656,
      1,
      1695830910.0610824,
      1695830910.1936615,
      {}
    ],
    [
      3,
      null,
      398764591,
      null,
      0.43873763614349415,
      0.12988829612731934,
      1,
      1695830910.1969013,
      1695830910.3281374,
      {}
    ],
    [
      3,
      null,
      924231285,
      null,
      0.43873763614349726,
      0.12902164459228516,
      1,
      1695830910.3311627,
      1695830910.461538,
      {}
    ],
    [
      4,
      null,
      209652396,
      null,
      0.7012678034998778,
      0.11899805068969727,
      1,
      1695830910.4656718,
      1695830910.5860052,
      {}
    ],
    [
      4,
      null,
      398764591,
      null,
      0.7966576877616486,
      0.11080551147460938,
      1,
      1695830910.589341,
      1695830910.7014856,
      {}
    ]
  ],
  "configs": {
    "1": {
      "alpha_W": 0.24019066896289587,
      "batch_size": 1279,
      "beta_loss": "frobenius",
      "init": "random",
      "l1_ratio": 0.7752058510668576,
      "n_components": 7
    },
    "2": {
      "alpha_W": 0.5773453664034606,
      "batch_size": 304,
      "beta_loss": "itakura-saito",
      "init": "nndsvdar",
      "l1_ratio": 0.35275659849867225,
      "n_components": 12
    },
    "3": {
      "alpha_W": 0.5118351842845389,
      "batch_size": 1982,
      "beta_loss": "itakura-saito",
      "init": "nndsvda",
      "l1_ratio": 0.44744492815083753,
      "n_components": 12
    },
    "4": {
      "alpha_W": 0.492814562112764,
      "batch_size": 1807,
      "beta_loss": "frobenius",
      "init": "random",
      "l1_ratio": 0.0343434632322529,
      "n_components": 13
    }
  },
  "config_origins": {
    "1": "Initial Design: Sobol",
    "2": "Initial Design: Sobol",
    "3": "Acquisition Function Maximizer: Local Search",
    "4": "Acquisition Function Maximizer: Local Search"
  }
}