{
  "stats": {
    "submitted": 10,
    "finished": 10,
    "running": 0
  },
  "data": [
    [
      1,
      null,
      209652396,
      null,
      0.5777474343776703,
      1.1440379619598389,
      1,
      1694795570.0531197,
      1694795571.1980884,
      {}
    ],
    [
      1,
      null,
      398764591,
      null,
      0.5425604283809662,
      1.1424002647399902,
      1,
      1694795571.1998522,
      1694795572.3429713,
      {}
    ],
    [
      2,
      null,
      209652396,
      null,
      0.8573472052812576,
      0.13526678085327148,
      1,
      1694795572.344773,
      1694795572.4807851,
      {}
    ],
    [
      2,
      null,
      398764591,
      null,
      0.8573472052812576,
      0.13350296020507812,
      1,
      1694795572.482405,
      1694795572.616633,
      {}
    ],
    [
      1,
      null,
      924231285,
      null,
      0.5658231973648071,
      1.149122953414917,
      1,
      1694795572.6187704,
      1694795573.7686217,
      {}
    ],
    [
      3,
      null,
      209652396,
      null,
      0.799042358994484,
      0.27967071533203125,
      1,
      1694795573.9896574,
      1694795574.2700565,
      {}
    ],
    [
      3,
      null,
      398764591,
      null,
      0.8002272546291351,
      0.27675914764404297,
      1,
      1694795574.2718093,
      1694795574.5493128,
      {}
    ],
    [
      3,
      null,
      924231285,
      null,
      0.8055200278759003,
      0.2722194194793701,
      1,
      1694795574.5510585,
      1694795574.8240335,
      {}
    ],
    [
      4,
      null,
      209652396,
      null,
      0.7827320545911789,
      1.258563756942749,
      1,
      1694795574.8264933,
      1694795576.0864098,
      {}
    ],
    [
      4,
      null,
      398764591,
      null,
      0.7865065038204193,
      1.2976369857788086,
      1,
      1694795576.0915382,
      1694795577.390713,
      {}
    ]
  ],
  "configs": {
    "1": {
      "angle": 0.34019066896289585,
      "early_exaggeration": 32.92541129514575,
      "init": "random",
      "learning_rate": 219.65847463347018,
      "method": "exact",
      "n_components": 2,
      "n_iter": 970,
      "n_iter_without_progress": 499,
      "perplexity": 39.7460907464847
    },
    "2": {
      "angle": 0.7997621418908238,
      "early_exaggeration": 14.138102843426168,
      "init": "pca",
      "learning_rate": 596.0679089464247,
      "method": "barnes_hut",
      "n_components": 3,
      "n_iter": 322,
      "n_iter_without_progress": 197,
      "perplexity": 8.030356685630977
    },
    "3": {
      "angle": 0.47141365102281474,
      "early_exaggeration": 45.78872672440433,
      "init": "random",
      "learning_rate": 197.52363842918143,
      "method": "barnes_hut",
      "n_components": 3,
      "n_iter": 652,
      "n_iter_without_progress": 250,
      "perplexity": 42.91371673981844
    },
    "4": {
      "angle": 0.4812893194050143,
      "early_exaggeration": 31.405780266196484,
      "init": "random",
      "learning_rate": 614.933408910478,
      "method": "exact",
      "n_components": 3,
      "n_iter": 992,
      "n_iter_without_progress": 149,
      "perplexity": 37.80088184141303
    }
  },
  "config_origins": {
    "1": "Initial Design: Sobol",
    "2": "Initial Design: Sobol",
    "3": "Acquisition Function Maximizer: Local Search",
    "4": "Acquisition Function Maximizer: Local Search"
  }
}