{
  "incumbent_ids": [
    6
  ],
  "rejected_config_ids": [
    1
  ],
  "incumbents_changed": 2,
  "trajectory": [
    {
      "config_ids": [
        1
      ],
      "costs": [
        0.6310183918406054
      ],
      "trial": 1,
      "walltime": 0.737227201461792
    },
    {
      "config_ids": [
        6
      ],
      "costs": [
        0.35097333220018506
      ],
      "trial": 17,
      "walltime": 14.119882822036743
    }
  ],
  "state": {
    "queue": []
  }
}