{
  "stats": {
    "submitted": 53,
    "finished": 53,
    "running": 0
  },
  "data": [
    [
      1,
      null,
      209652396,
      null,
      0.6310183918406054,
      0.7354414463043213,
      1,
      1703641295.862022,
      1703641296.5980184,
      {}
    ],
    [
      1,
      null,
      398764591,
      null,
      0.6310184161972863,
      0.9214088916778564,
      1,
      1703641296.5999904,
      1703641297.5229163,
      {}
    ],
    [
      2,
      null,
      209652396,
      null,
      0.8098390869248188,
      0.5422441959381104,
      1,
      1703641297.5246484,
      1703641298.0677245,
      {}
    ],
    [
      2,
      null,
      398764591,
      null,
      0.809838026417423,
      0.9223103523254395,
      1,
      1703641298.06933,
      1703641298.9924552,
      {}
    ],
    [
      1,
      null,
      924231285,
      null,
      0.6310184289056773,
      0.42719483375549316,
      1,
      1703641298.994469,
      1703641299.4224775,
      {}
    ],
    [
      3,
      null,
      209652396,
      null,
      0.8281307998098439,
      2.1311123371124268,
      1,
      1703641299.4243188,
      1703641301.5595813,
      {}
    ],
    [
      3,
      null,
      398764591,
      null,
      0.8281307998098445,
      0.6607701778411865,
      1,
      1703641301.563564,
      1703641302.225174,
      {}
    ],
    [
      3,
      null,
      924231285,
      null,
      0.8281307998098442,
      0.4744269847869873,
      1,
      1703641302.2286465,
      1703641302.7038808,
      {}
    ],
    [
      4,
      null,
      209652396,
      null,
      0.8545066426447274,
      0.555525541305542,
      1,
      1703641302.7060802,
      1703641303.2624063,
      {}
    ],
    [
      4,
      null,
      398764591,
      null,
      0.8545066516693515,
      0.5939071178436279,
      1,
      1703641303.2640796,
      1703641303.8587928,
      {}
    ],
    [
      4,
      null,
      924231285,
      null,
      0.8545066451362585,
      0.6963419914245605,
      1,
      1703641303.8606262,
      1703641304.5578,
      {}
    ],
    [
      5,
      null,
      209652396,
      null,
      0.9025783704164875,
      1.3176703453063965,
      1,
      1703641304.5601034,
      1703641305.8785822,
      {}
    ],
    [
      5,
      null,
      398764591,
      null,
      0.9025784318162337,
      0.8052945137023926,
      1,
      1703641305.8804674,
      1703641306.6898444,
      {}
    ],
    [
      5,
      null,
      924231285,
      null,
      0.9025783830569402,
      1.0304625034332275,
      1,
      1703641306.6914897,
      1703641307.7227101,
      {}
    ],
    [
      6,
      null,
      209652396,
      null,
      0.3509733075436873,
      1.144421100616455,
      1,
      1703641307.9251044,
      1703641309.0700388,
      {}
    ],
    [
      6,
      null,
      398764591,
      null,
      0.35097333888776616,
      0.4029419422149658,
      1,
      1703641309.0720377,
      1703641309.475808,
      {}
    ],
    [
      6,
      null,
      924231285,
      null,
      0.3509733501691018,
      0.5019338130950928,
      1,
      1703641309.4777772,
      1703641309.9805222,
      {}
    ],
    [
      7,
      null,
      209652396,
      null,
      0.751195626489114,
      0.7331228256225586,
      1,
      1703641309.983349,
      1703641310.7172508,
      {}
    ],
    [
      7,
      null,
      398764591,
      null,
      0.7511956198468426,
      0.5394043922424316,
      1,
      1703641310.7193105,
      1703641311.2594755,
      {}
    ],
    [
      7,
      null,
      924231285,
      null,
      0.7511956234441881,
      0.5657265186309814,
      1,
      1703641311.2613716,
      1703641311.8278558,
      {}
    ],
    [
      8,
      null,
      209652396,
      null,
      0.350973348519216,
      0.11774158477783203,
      1,
      1703641311.8352385,
      1703641311.953713,
      {}
    ],
    [
      8,
      null,
      398764591,
      null,
      0.3509733485192157,
      0.22459173202514648,
      1,
      1703641311.9555357,
      1703641312.1808634,
      {}
    ],
    [
      8,
      null,
      924231285,
      null,
      0.350973348519216,
      0.259685754776001,
      1,
      1703641312.182663,
      1703641312.4430766,
      {}
    ],
    [
      9,
      null,
      209652396,
      null,
      0.8098393718942385,
      0.5368726253509521,
      1,
      1703641312.4456112,
      1703641312.9832242,
      {}
    ],
    [
      9,
      null,
      398764591,
      null,
      0.8098393718942408,
      0.6124789714813232,
      1,
      1703641312.9852595,
      1703641313.598468,
      {}
    ],
    [
      9,
      null,
      924231285,
      null,
      0.80983937189423,
      0.6061975955963135,
      1,
      1703641313.6005213,
      1703641314.2074702,
      {}
    ],
    [
      10,
      null,
      209652396,
      null,
      0.7724771391716876,
      0.5418734550476074,
      1,
      1703641314.2189095,
      1703641314.7615085,
      {}
    ],
    [
      10,
      null,
      398764591,
      null,
      0.7724771391716873,
      0.45065832138061523,
      1,
      1703641314.763482,
      1703641315.2149155,
      {}
    ],
    [
      10,
      null,
      924231285,
      null,
      0.7724771391716915,
      1.2011072635650635,
      1,
      1703641315.2171001,
      1703641316.4189577,
      {}
    ],
    [
      11,
      null,
      209652396,
      null,
      0.8156327935180763,
      0.5551338195800781,
      1,
      1703641316.4218585,
      1703641316.9777324,
      {}
    ],
    [
      11,
      null,
      398764591,
      null,
      0.8156327608368126,
      0.46550607681274414,
      1,
      1703641316.9799647,
      1703641317.446251,
      {}
    ],
    [
      11,
      null,
      924231285,
      null,
      0.8156327463013853,
      0.3822767734527588,
      1,
      1703641317.4484963,
      1703641317.8329773,
      {}
    ],
    [
      12,
      null,
      209652396,
      null,
      0.4347788386957846,
      0.47513556480407715,
      1,
      1703641317.8358495,
      1703641318.3117163,
      {}
    ],
    [
      12,
      null,
      398764591,
      null,
      0.4347788386957897,
      0.3579988479614258,
      1,
      1703641318.3140137,
      1703641318.6727536,
      {}
    ],
    [
      12,
      null,
      924231285,
      null,
      0.4347788386957928,
      0.6020872592926025,
      1,
      1703641318.6748846,
      1703641319.2777174,
      {}
    ],
    [
      13,
      null,
      209652396,
      null,
      0.8156327935245489,
      0.3163118362426758,
      1,
      1703641319.2806787,
      1703641319.5977595,
      {}
    ],
    [
      13,
      null,
      398764591,
      null,
      0.8156327755652679,
      0.585073709487915,
      1,
      1703641319.5999846,
      1703641320.1857977,
      {}
    ],
    [
      13,
      null,
      924231285,
      null,
      0.8156327834780756,
      1.1617178916931152,
      1,
      1703641320.188185,
      1703641321.3506556,
      {}
    ],
    [
      14,
      null,
      209652396,
      null,
      0.4463318768013299,
      0.8609898090362549,
      1,
      1703641321.5668097,
      1703641322.4287434,
      {}
    ],
    [
      14,
      null,
      398764591,
      null,
      0.4463318355094913,
      1.0153555870056152,
      1,
      1703641322.4313724,
      1703641323.447542,
      {}
    ],
    [
      14,
      null,
      924231285,
      null,
      0.4463318593276788,
      0.5115966796875,
      1,
      1703641323.452209,
      1703641323.964636,
      {}
    ],
    [
      15,
      null,
      209652396,
      null,
      0.7495262923214223,
      1.0577781200408936,
      1,
      1703641323.9685838,
      1703641325.027189,
      {}
    ],
    [
      15,
      null,
      398764591,
      null,
      0.7495263169348416,
      0.9513626098632812,
      1,
      1703641325.032621,
