{
  "stats": {
    "submitted": 10,
    "finished": 10,
    "running": 0
  },
  "data": [
    [
      1,
      null,
      209652396,
      null,
      2.544302140740612e-32,
      0.0018515586853027344,
      1,
      1694800243.9931617,
      1694800243.9961386,
      {}
    ],
    [
      1,
      null,
      398764591,
      null,
      7.47745607396689e-32,
      0.001560211181640625,
      1,
      1694800243.9985375,
      1694800244.0012486,
      {}
    ],
    [
      2,
      null,
      209652396,
      null,
      4.721610321313807e-32,
      0.0014333724975585938,
      1,
      1694800244.0043185,
      1694800244.006942,
      {}
    ],
    [
      2,
      null,
      398764591,
      null,
      1.0406827876367182e-31,
      0.0013937950134277344,
      1,
      1694800244.0154674,
      1694800244.017957,
      {}
    ],
    [
      1,
      null,
      924231285,
      null,
      6.842853125149447e-32,
      0.001535654067993164,
      1,
      1694800244.0216424,
      1694800244.0242772,
      {}
    ],
    [
      3,
      null,
      209652396,
      null,
      9.24675842810188e-32,
      0.0016143321990966797,
      1,
      1694800244.1946697,
      1694800244.1973913,
      {}
    ],
    [
      3,
      null,
      398764591,
      null,
      8.55868752381992e-32,
      0.0016438961029052734,
      1,
      1694800244.1995692,
      1694800244.2023175,
      {}
    ],
    [
      3,
      null,
      924231285,
      null,
      6.834682394421095e-32,
      0.0015332698822021484,
      1,
      1694800244.2046797,
      1694800244.2072756,
      {}
    ],
    [
      4,
      null,
      209652396,
      null,
      7.179701528499433e-32,
      0.0014314651489257812,
      1,
      1694800244.2102106,
      1694800244.2127676,
      {}
    ],
    [
      4,
      null,
      398764591,
      null,
      5.210682482093871e-32,
      0.0014405250549316406,
      1,
      1694800244.2152345,
      1694800244.2177505,
      {}
    ]
  ],
  "configs": {
    "1": {
      "n_components": 3,
      "n_iter": 6,
      "n_oversamples": 3,
      "power_iteration_normalizer": "auto"
    },
    "2": {
      "n_components": 5,
      "n_iter": 4,
      "n_oversamples": 8,
      "power_iteration_normalizer": "OR"
    },
    "3": {
      "n_components": 5,
      "n_iter": 3,
      "n_oversamples": 10,
      "power_iteration_normalizer": "LU"
    },
    "4": {
      "n_components": 4,
      "n_iter": 4,
      "n_oversamples": 10,
      "power_iteration_normalizer": "OR"
    }
  },
  "config_origins": {
    "1": "Initial Design: Sobol",
    "2": "Initial Design: Sobol",
    "3": "Acquisition Function Maximizer: Random Search (sorted)",
    "4": "Acquisition Function Maximizer: Random Search (sorted)"
  }
}