{
  "incumbent_ids": [
    3
  ],
  "rejected_config_ids": [
    1
  ],
  "incumbents_changed": 2,
  "trajectory": [
    {
      "config_ids": [
        1
      ],
      "costs": [
        0.43980309955093877
      ],
      "trial": 1,
      "walltime": 0.04260396957397461
    },
    {
      "config_ids": [
        3
      ],
      "costs": [
        0.42545063140774336
      ],
      "trial": 8,
      "walltime": 0.4654426574707031
    }
  ],
  "state": {
    "queue": [
      [
        4,
        2
      ]
    ]
  }
}