{
  "stats": {
    "submitted": 10,
    "finished": 10,
    "running": 0
  },
  "data": [
    [
      1,
      null,
      209652396,
      null,
      0.43980309955093877,
      0.04113602638244629,
      1,
      1696443607.570383,
      1696443607.6120968,
      {}
    ],
    [
      1,
      null,
      398764591,
      null,
      0.43980309955093877,
      0.04119563102722168,
      1,
      1696443607.6135492,
      1696443607.6553252,
      {}
    ],
    [
      2,
      null,
      209652396,
      null,
      0.45626439296903687,
      0.04141426086425781,
      1,
      1696443607.6568167,
      1696443607.6988344,
      {}
    ],
    [
      2,
      null,
      398764591,
      null,
      0.45626439296903687,
      0.040139198303222656,
      1,
      1696443607.7001941,
      1696443607.740923,
      {}
    ],
    [
      1,
      null,
      924231285,
      null,
      0.43980309955093877,
      0.038370609283447266,
      1,
      1696443607.742539,
      1696443607.7814908,
      {}
    ],
    [
      3,
      null,
      209652396,
      null,
      0.4254506314077433,
      0.047326087951660156,
      1,
      1696443607.8893096,
      1696443607.9372094,
      {}
    ],
    [
      3,
      null,
      398764591,
      null,
      0.4254506314077434,
      0.04674339294433594,
      1,
      1696443607.938637,
      1696443607.9859645,
      {}
    ],
    [
      3,
      null,
      924231285,
      null,
      0.4254506314077433,
      0.04662132263183594,
      1,
      1696443607.98735,
      1696443608.0345566,
      {}
    ],
    [
      4,
      null,
      209652396,
      null,
      0.4254506314077433,
      0.04690432548522949,
      1,
      1696443608.036766,
      1696443608.0842557,
      {}
    ],
    [
      4,
      null,
      398764591,
      null,
      0.4254506314077433,
      0.04691505432128906,
      1,
      1696443608.085737,
      1696443608.133237,
      {}
    ]
  ],
  "configs": {
    "1": {
      "n_components": 3,
      "n_iter": 6,
      "n_oversamples": 3,
      "power_iteration_normalizer": "auto"
    },
    "2": {
      "n_components": 5,
      "n_iter": 4,
      "n_oversamples": 8,
      "power_iteration_normalizer": "OR"
    },
    "3": {
      "n_components": 2,
      "n_iter": 4,
      "n_oversamples": 4,
      "power_iteration_normalizer": "auto"
    },
    "4": {
      "n_components": 2,
      "n_iter": 6,
      "n_oversamples": 6,
      "power_iteration_normalizer": "auto"
    }
  },
  "config_origins": {
    "1": "Initial Design: Sobol",
    "2": "Initial Design: Sobol",
    "3": "Acquisition Function Maximizer: Local Search",
    "4": "Acquisition Function Maximizer: Local Search"
  }
}