{
  "incumbent_ids": [
    3
  ],
  "rejected_config_ids": [
    1,
    2
  ],
  "incumbents_changed": 3,
  "trajectory": [
    {
      "config_ids": [
        1
      ],
      "costs": [
        Infinity
      ],
      "trial": 1,
      "walltime": 0.015026092529296875
    },
    {
      "config_ids": [
        2
      ],
      "costs": [
        0.11540114210393382
      ],
      "trial": 4,
      "walltime": 3.7446959018707275
    },
    {
      "config_ids": [
        3
      ],
      "costs": [
        0.1123297142319813
      ],
      "trial": 8,
      "walltime": 6.5694732666015625
    }
  ],
  "state": {
    "queue": [
      [
        4,
        2
      ]
    ]
  }
}