{
  "incumbent_ids": [
    2
  ],
  "rejected_config_ids": [
    1
  ],
  "incumbents_changed": 2,
  "trajectory": [
    {
      "config_ids": [
        1
      ],
      "costs": [
        0.11042199825608168
      ],
      "trial": 1,
      "walltime": 0.06437325477600098
    },
    {
      "config_ids": [
        2
      ],
      "costs": [
        0.10584071050609695
      ],
      "trial": 4,
      "walltime": 0.367372989654541
    }
  ],
  "state": {
    "queue": [
      [
        4,
        2
      ]
    ]
  }
}