{
  "stats": {
    "submitted": 59,
    "finished": 59,
    "running": 0
  },
  "data": [
    [
      1,
      null,
      209652396,
      null,
      0.6342012228132712,
      1.8442401885986328,
      1,
      1703618375.9427545,
      1703618377.7881715,
      {}
    ],
    [
      1,
      null,
      398764591,
      null,
      0.6341962485048134,
      0.5079398155212402,
      1,
      1703618377.7900443,
      1703618378.2988858,
      {}
    ],
    [
      2,
      null,
      209652396,
      null,
      0.7226738255970627,
      0.37741541862487793,
      1,
      1703618378.3047636,
      1703618378.6830804,
      {}
    ],
    [
      2,
      null,
      398764591,
      null,
      0.7226738255970626,
      0.37516188621520996,
      1,
      1703618378.684785,
      1703618379.060853,
      {}
    ],
    [
      1,
      null,
      924231285,
      null,
      0.6341990933361237,
      0.3432173728942871,
      1,
      1703618379.0629363,
      1703618379.4070177,
      {}
    ],
    [
      3,
      null,
      209652396,
      null,
      0.7000121008564785,
      0.3024618625640869,
      1,
      1703618379.4091544,
      1703618379.7125087,
      {}
    ],
    [
      3,
      null,
      398764591,
      null,
      0.7000121008564784,
      0.22050070762634277,
      1,
      1703618379.714154,
      1703618379.935481,
      {}
    ],
    [
      3,
      null,
      924231285,
      null,
      0.7000121008564784,
      0.2897641658782959,
      1,
      1703618379.9372597,
      1703618380.22787,
      {}
    ],
    [
      4,
      null,
      209652396,
      null,
      0.43906942784170966,
      0.40911364555358887,
      1,
      1703618380.2300117,
      1703618380.6399312,
      {}
    ],
    [
      4,
      null,
      398764591,
      null,
      0.43906942784170955,
      0.4872558116912842,
      1,
      1703618380.6416092,
      1703618381.1296816,
      {}
    ],
    [
      4,
      null,
      924231285,
      null,
      0.43906942784170955,
      0.32519102096557617,
      1,
      1703618381.131296,
      1703618381.4573073,
      {}
    ],
    [
      5,
      null,
      209652396,
      null,
      0.5944028948629123,
      0.5056712627410889,
      1,
      1703618381.4600573,
      1703618381.9665294,
      {}
    ],
    [
      5,
      null,
      398764591,
      null,
      0.5944028935335341,
      0.3649771213531494,
      1,
      1703618381.9682224,
      1703618382.3373175,
      {}
    ],
    [
      5,
      null,
      924231285,
      null,
      0.5944028951567988,
      0.2713923454284668,
      1,
      1703618382.3390038,
      1703618382.611187,
      {}
    ],
    [
      6,
      null,
      209652396,
      null,
      0.43906942784170944,
      1.1856284141540527,
      1,
      1703618382.9768307,
      1703618384.1634846,
      {}
    ],
    [
      6,
      null,
      398764591,
      null,
      0.43906942784170966,
      0.689401388168335,
      1,
      1703618384.1679866,
      1703618384.8583474,
      {}
    ],
    [
      6,
      null,
      924231285,
      null,
      0.43906942784170955,
      0.7617862224578857,
      1,
      1703618384.8604746,
      1703618385.623142,
      {}
    ],
    [
      7,
      null,
      209652396,
      null,
      0.43906942784170955,
      0.6251094341278076,
      1,
      1703618385.6288166,
      1703618386.2547832,
      {}
    ],
    [
      7,
      null,
      398764591,
      null,
      0.43906942784170955,
      0.38222193717956543,
      1,
      1703618386.256946,
      1703618386.64003,
      {}
    ],
    [
      7,
      null,
      924231285,
      null,
      0.43906942784170955,
      0.4772820472717285,
      1,
      1703618386.6421824,
      1703618387.1203225,
      {}
    ],
    [
      8,
      null,
      209652396,
      null,
      0.43906942784170955,
      0.2357499599456787,
      1,
      1703618387.123283,
      1703618387.3599038,
      {}
    ],
    [
      8,
      null,
      398764591,
      null,
      0.43906942784170955,
      0.5078823566436768,
      1,
      1703618387.362179,
      1703618387.8709326,
      {}
    ],
    [
      8,
      null,
      924231285,
      null,
      0.43906942784170955,
      0.38485145568847656,
      1,
      1703618387.8731248,
      1703618388.2588046,
      {}
    ],
    [
      9,
      null,
      209652396,
      null,
      0.43906942784170955,
      0.4791386127471924,
      1,
      1703618388.2619176,
      1703618388.7418897,
      {}
    ],
    [
      9,
      null,
      398764591,
      null,
      0.43906942784170955,
      0.3981020450592041,
      1,
      1703618388.7441561,
      1703618389.143117,
      {}
    ],
    [
      9,
      null,
      924231285,
      null,
      0.43906942784170966,
      0.38472557067871094,
      1,
      1703618389.1482422,
      1703618389.5338066,
      {}
    ],
    [
      10,
      null,
      209652396,
      null,
      0.43906942784170955,
      0.2915322780609131,
      1,
      1703618389.5370798,
      1703618389.8294294,
      {}
    ],
    [
      10,
      null,
      398764591,
      null,
      0.43906942784170955,
      0.5290505886077881,
      1,
      1703618389.831616,
      1703618390.36149,
      {}
    ],
    [
      10,
      null,
      924231285,
      null,
      0.43906942784170955,
      0.4025297164916992,
      1,
      1703618390.3639684,
      1703618390.7717662,
      {}
    ],
    [
      11,
      null,
      209652396,
      null,
      0.43906942784170955,
      0.17913150787353516,
      1,
      1703618390.774927,
      1703618390.9548767,
      {}
    ],
    [
      11,
      null,
      398764591,
      null,
      0.43906942784170966,
      0.4648427963256836,
      1,
      1703618390.9570923,
      1703618391.4227283,
      {}
    ],
    [
      11,
      null,
      924231285,
      null,
      0.43906942784170955,
      0.783062219619751,
      1,
      1703618391.4249327,
      1703618392.2087834,
      {}
    ],
    [
      12,
      null,
      209652396,
      null,
      0.6783797557973243,
      0.5025906562805176,
      1,
      1703618392.2126248,
      1703618392.7160175,
      {}
    ],
    [
      12,
      null,
      398764591,
      null,
      0.6783797557973243,
      0.5379629135131836,
      1,
      1703618392.7182746,
      1703618393.2570362,
      {}
    ],
    [
      12,
      null,
      924231285,
      null,
      0.6783797557973243,
      0.3267238140106201,
      1,
      1703618393.2592878,
      1703618393.5867975,
      {}
    ],
    [
      13,
      null,
      209652396,
      null,
      0.6741560119488252,
      0.40221357345581055,
      1,
      1703618393.5900931,
      1703618393.993127,
      {}
    ],
    [
      13,
      null,
      398764591,
      null,
      0.6746028518810983,
      0.764533519744873,
      1,
      1703618393.9956155,
      1703618394.760962,
      {}
    ],
    [
      13,
      null,
      924231285,
      null,
      0.6778089089336833,
      0.3595306873321533,
      1,
      1703618394.7664948,
      1703618395.1268237,
      {}
    ],
    [
      14,
      null,
      209652396,
      null,
      0.7000121008564784,
      0.16234898567199707,
      1,
      1703618395.1365454,
      1703618395.310785,
      {}
    ],
    [
      14,
      null,
      398764591,
      null,
      0.7000121008564784,
      0.2735936641693115,
      1,
      1703618395.3132095,
      1703618395.5876012,
      {}
    ],
    [
      14,
      null,
      924231285,
      null,
      0.7000121008564784,
      0.4453411102294922,
      1,
      1703618395.5900555,
      1703618396.036184,
      {}
    ],
    [
      15,
      null,
      209652396,
      null,
      0.6592360795983362,
      0.6699173450469971,
      1,
      1703618396.039633,
      1703618396.71034,
      {}
    ],
    [
      15,
      null,
      398764591,
      null,
      0.6592360795983361,
      0.7366580963134766,
      1,
