{
  "incumbent_ids": [
    2
  ],
  "rejected_config_ids": [
    1
  ],
  "incumbents_changed": 2,
  "trajectory": [
    {
      "config_ids": [
        1
      ],
      "costs": [
        0.7026618587921338
      ],
      "trial": 1,
      "walltime": 0.22502446174621582
    },
    {
      "config_ids": [
        2
      ],
      "costs": [
        0.6139018184589984
      ],
      "trial": 4,
      "walltime": 0.9500184059143066
    }
  ],
  "state": {
    "queue": [
      [
        4,
        2
      ]
    ]
  }
}