{
  "stats": {
    "submitted": 10,
    "finished": 10,
    "running": 0
  },
  "data": [
    [
      1,
      null,
      209652396,
      null,
      0.7026618587921338,
      0.2209615707397461,
      1,
      1694793728.3787894,
      1694793728.6007125,
      {}
    ],
    [
      1,
      null,
      398764591,
      null,
      0.7026618587921338,
      0.21341586112976074,
      1,
      1694793728.6046815,
      1694793728.8190765,
      {}
    ],
    [
      2,
      null,
      209652396,
      null,
      0.6139018184589984,
      0.2198011875152588,
      1,
      1694793728.8212643,
      1694793729.0419836,
      {}
    ],
    [
      2,
      null,
      398764591,
      null,
      0.6139018184589984,
      0.2770709991455078,
      1,
      1694793729.0464742,
      1694793729.324491,
      {}
    ],
    [
      2,
      null,
      924231285,
      null,
      0.6139018184589984,
      0.29819655418395996,
      1,
      1694793729.3297129,
      1694793729.6287332,
      {}
    ],
    [
      3,
      null,
      209652396,
      null,
      0.6451583501402662,
      0.13974308967590332,
      1,
      1694793729.8515427,
      1694793729.9922767,
      {}
    ],
    [
      3,
      null,
      398764591,
      null,
      0.6451583501402662,
      0.13300561904907227,
      1,
      1694793729.9946885,
      1694793730.1286516,
      {}
    ],
    [
      3,
      null,
      924231285,
      null,
      0.6451583501402662,
      0.12720823287963867,
      1,
      1694793730.1320066,
      1694793730.2602246,
      {}
    ],
    [
      4,
      null,
      209652396,
      null,
      0.645186260282399,
      0.12896013259887695,
      1,
      1694793730.2629285,
      1694793730.3928244,
      {}
    ],
    [
      4,
      null,
      398764591,
      null,
      0.645186260282399,
      0.12922167778015137,
      1,
      1694793730.395015,
      1694793730.5251143,
      {}
    ]
  ],
  "configs": {
    "1": {
      "batch_size": 28,
      "n_components": 4
    },
    "2": {
      "batch_size": 39,
      "n_components": 2
    },
    "3": {
      "batch_size": 42,
      "n_components": 3
    },
    "4": {
      "batch_size": 35,
      "n_components": 3
    }
  },
  "config_origins": {
    "1": "Initial Design: Sobol",
    "2": "Initial Design: Sobol",
    "3": "Acquisition Function Maximizer: Random Search (sorted)",
    "4": "Acquisition Function Maximizer: Local Search"
  }
}