{
  "stats": {
    "submitted": 10,
    "finished": 10,
    "running": 0
  },
  "data": [
    [
      1,
      null,
      209652396,
      null,
      0.46396992977721585,
      0.03346586227416992,
      1,
      1695829625.4932365,
      1695829625.527419,
      {}
    ],
    [
      1,
      null,
      398764591,
      null,
      0.46396992977721585,
      0.033045291900634766,
      1,
      1695829625.5291216,
      1695829625.5629094,
      {}
    ],
    [
      2,
      null,
      209652396,
      null,
      0.44883079739984977,
      0.036459922790527344,
      1,
      1695829625.564626,
      1695829625.601829,
      {}
    ],
    [
      2,
      null,
      398764591,
      null,
      0.44883079739308673,
      0.07077765464782715,
      1,
      1695829625.6033342,
      1695829625.6748514,
      {}
    ],
    [
      2,
      null,
      924231285,
      null,
      0.44883079739371756,
      0.04234933853149414,
      1,
      1695829625.6771393,
      1695829625.7202523,
      {}
    ],
    [
      3,
      null,
      209652396,
      null,
      0.4488305550862982,
      0.03112053871154785,
      1,
      1695829625.8721454,
      1695829625.9039848,
      {}
    ],
    [
      3,
      null,
      398764591,
      null,
      0.4488305550669537,
      0.03084254264831543,
      1,
      1695829625.9057202,
      1695829625.9373071,
      {}
    ],
    [
      3,
      null,
      924231285,
      null,
      0.448830555094769,
      0.05780482292175293,
      1,
      1695829625.9389794,
      1695829625.9975166,
      {}
    ],
    [
      4,
      null,
      209652396,
      null,
      0.4488311239903183,
      0.04125690460205078,
      1,
      1695829626.0001702,
      1695829626.0421712,
      {}
    ],
    [
      4,
      null,
      398764591,
      null,
      0.448831123990318,
      0.04321718215942383,
      1,
      1695829626.044739,
      1695829626.0891774,
      {}
    ]
  ],
  "configs": {
    "1": {
      "alpha_W": 0.24019066896289587,
      "init": "nndsvda",
      "l1_ratio": 0.09675709353759886,
      "n_components": 4,
      "solver": "mu",
      "verbose": 0,
      "beta_loss": "itakura-saito"
    },
    "2": {
      "alpha_W": 0.46588086588308214,
      "init": "random",
      "l1_ratio": 0.7556943319737911,
      "n_components": 14,
      "solver": "cd",
      "verbose": 1
    },
    "3": {
      "alpha_W": 0.5564958388795849,
      "init": "random",
      "l1_ratio": 0.8401287716342168,
      "n_components": 12,
      "solver": "cd",
      "verbose": 1
    },
    "4": {
      "alpha_W": 0.250213522604249,
      "init": "nndsvd",
      "l1_ratio": 0.7856398206350366,
      "n_components": 9,
      "solver": "cd",
      "verbose": 1
    }
  },
  "config_origins": {
    "1": "Initial Design: Sobol",
    "2": "Initial Design: Sobol",
    "3": "Acquisition Function Maximizer: Local Search",
    "4": "Acquisition Function Maximizer: Local Search"
  }
}