{
  "stats": {
    "submitted": 10,
    "finished": 10,
    "running": 0
  },
  "data": [
    [
      1,
      null,
      209652396,
      null,
      0.3696468126785887,
      0.19858098030090332,
      1,
      1695830641.4224901,
      1695830641.6219041,
      {}
    ],
    [
      1,
      null,
      398764591,
      null,
      0.36964681267859056,
      0.19634246826171875,
      1,
      1695830641.623794,
      1695830641.8209617,
      {}
    ],
    [
      2,
      null,
      209652396,
      null,
      0.37496758862920543,
      0.15918993949890137,
      1,
      1695830641.8228612,
      1695830641.9828644,
      {}
    ],
    [
      2,
      null,
      398764591,
      null,
      0.37496699383266674,
      0.1460120677947998,
      1,
      1695830641.9845886,
      1695830642.1315017,
      {}
    ],
    [
      1,
      null,
      924231285,
      null,
      0.3696468126785897,
      0.20292425155639648,
      1,
      1695830642.1336849,
      1695830642.3384905,
      {}
    ],
    [
      3,
      null,
      209652396,
      null,
      0.4098947174826829,
      0.22884678840637207,
      1,
      1695830642.6228485,
      1695830642.8525136,
      {}
    ],
    [
      3,
      null,
      398764591,
      null,
      0.4098947174826827,
      0.22264981269836426,
      1,
      1695830642.8544738,
      1695830643.0779421,
      {}
    ],
    [
      3,
      null,
      924231285,
      null,
      0.40989471751921824,
      0.229050874710083,
      1,
      1695830643.079838,
      1695830643.309969,
      {}
    ],
    [
      4,
      null,
      209652396,
      null,
      0.3861641962775437,
      0.22548627853393555,
      1,
      1695830643.312501,
      1695830643.5388198,
      {}
    ],
    [
      4,
      null,
      398764591,
      null,
      0.38612841143418375,
      0.2138662338256836,
      1,
      1695830643.540801,
      1695830643.7555263,
      {}
    ]
  ],
  "configs": {
    "1": {
      "alpha_W": 0.24019066896289587,
      "init": "nndsvda",
      "l1_ratio": 0.09675709353759886,
      "n_components": 2,
      "solver": "mu",
      "verbose": 0,
      "beta_loss": "itakura-saito"
    },
    "2": {
      "alpha_W": 0.46588086588308214,
      "init": "random",
      "l1_ratio": 0.7556943319737911,
      "n_components": 4,
      "solver": "cd",
      "verbose": 1
    },
    "3": {
      "alpha_W": 0.40260987172006685,
      "init": "nndsvda",
      "l1_ratio": 0.04551644149733294,
      "n_components": 2,
      "solver": "mu",
      "verbose": 0,
      "beta_loss": "kullback-leibler"
    },
    "4": {
      "alpha_W": 0.3329315720693999,
      "init": "nndsvdar",
      "l1_ratio": 0.4224144492693358,
      "n_components": 2,
      "solver": "mu",
      "verbose": 0,
      "beta_loss": "itakura-saito"
    }
  },
  "config_origins": {
    "1": "Initial Design: Sobol",
    "2": "Initial Design: Sobol",
    "3": "Acquisition Function Maximizer: Local Search",
    "4": "Acquisition Function Maximizer: Local Search"
  }
}