{
  "stats": {
    "submitted": 10,
    "finished": 10,
    "running": 0
  },
  "data": [
    [
      1,
      null,
      209652396,
      null,
      3.456471093423639e-30,
      0.08690857887268066,
      1,
      1692808685.7284734,
      1692808685.8163857,
      {}
    ],
    [
      1,
      null,
      398764591,
      null,
      3.456471093423639e-30,
      0.0021686553955078125,
      1,
      1692808685.8194003,
      1692808685.822474,
      {}
    ],
    [
      2,
      null,
      209652396,
      null,
      3.456471093423639e-30,
      0.0020647048950195312,
      1,
      1692808685.8249874,
      1692808685.827927,
      {}
    ],
    [
      2,
      null,
      398764591,
      null,
      3.456471093423639e-30,
      0.001967906951904297,
      1,
      1692808685.829961,
      1692808685.8327773,
      {}
    ],
    [
      1,
      null,
      924231285,
      null,
      3.456471093423639e-30,
      0.00432896614074707,
      1,
      1692808685.8352256,
      1692808685.840418,
      {}
    ],
    [
      3,
      null,
      209652396,
      null,
      3.456471093423639e-30,
      0.0019054412841796875,
      1,
      1692808685.869235,
      1692808685.8719888,
      {}
    ],
    [
      3,
      null,
      398764591,
      null,
      3.456471093423639e-30,
      0.0019288063049316406,
      1,
      1692808685.8743157,
      1692808685.877094,
      {}
    ],
    [
      3,
      null,
      924231285,
      null,
      3.456471093423639e-30,
      0.001977682113647461,
      1,
      1692808685.879306,
      1692808685.8821561,
      {}
    ],
    [
      4,
      null,
      209652396,
      null,
      3.456471093423639e-30,
      0.0018923282623291016,
      1,
      1692808685.8852081,
      1692808685.8879557,
      {}
    ],
    [
      4,
      null,
      398764591,
      null,
      3.456471093423639e-30,
      0.0018777847290039062,
      1,
      1692808685.890153,
      1692808685.8928618,
      {}
    ]
  ],
  "configs": {
    "1": {
      "n_components": 3
    },
    "2": {
      "n_components": 4
    },
    "3": {
      "n_components": 5
    },
    "4": {
      "n_components": 2
    }
  },
  "config_origins": {
    "1": "Initial Design: Sobol",
    "2": "Initial Design: Sobol",
    "3": "Acquisition Function Maximizer: Random Search (sorted)",
    "4": "Acquisition Function Maximizer: Local Search"
  }
}