{
  "stats": {
    "submitted": 10,
    "finished": 10,
    "running": 0
  },
  "data": [
    [
      1,
      null,
      209652396,
      null,
      0.002844678399774604,
      0.8392152786254883,
      1,
      1695913372.1779156,
      1695913373.0177286,
      {}
    ],
    [
      1,
      null,
      398764591,
      null,
      0.002844678399774604,
      0.9550673961639404,
      1,
      1695913373.0193727,
      1695913373.9750626,
      {}
    ],
    [
      2,
      null,
      209652396,
      null,
      2.9133113591037954e-05,
      0.5408689975738525,
      1,
      1695913373.976712,
      1695913374.5182178,
      {}
    ],
    [
      2,
      null,
      398764591,
      null,
      4.325909183234723e-06,
      0.4837934970855713,
      1,
      1695913374.5197184,
      1695913375.0041416,
      {}
    ],
    [
      2,
      null,
      924231285,
      null,
      6.909907854030446e-06,
      0.4862334728240967,
      1,
      1695913375.006233,
      1695913375.4930835,
      {}
    ],
    [
      3,
      null,
      209652396,
      null,
      0.0008235806682819918,
      0.48932671546936035,
      1,
      1695913375.6479318,
      1695913376.1378806,
      {}
    ],
    [
      3,
      null,
      398764591,
      null,
      0.00030818720640485493,
      0.568526029586792,
      1,
      1695913376.1396394,
      1695913376.7088141,
      {}
    ],
    [
      3,
      null,
      924231285,
      null,
      0.0008235806682819942,
      0.4838111400604248,
      1,
      1695913376.7105086,
      1695913377.1949427,
      {}
    ],
    [
      4,
      null,
      209652396,
      null,
      0.0005738425994288063,
      0.5841355323791504,
      1,
      1695913377.197248,
      1695913377.7820077,
      {}
    ],
    [
      4,
      null,
      398764591,
      null,
      0.00021145367940373977,
      0.614039421081543,
      1,
      1695913377.7836814,
      1695913378.3983543,
      {}
    ]
  ],
  "configs": {
    "1": {
      "alpha": 0.34019066896289585,
      "batch_size": 4,
      "method": "lars",
      "n_components": 5,
      "ridge_alpha": 0.08752058510668576
    },
    "2": {
      "alpha": 0.9592367018572986,
      "batch_size": 3,
      "method": "cd",
      "n_components": 15,
      "ridge_alpha": 0.010323922336101533
    },
    "3": {
      "alpha": 0.9025957007038717,
      "batch_size": 2,
      "method": "cd",
      "n_components": 15,
      "ridge_alpha": 0.0713638269193135
    },
    "4": {
      "alpha": 0.9562124854113934,
      "batch_size": 3,
      "method": "cd",
      "n_components": 17,
      "ridge_alpha": 0.06171730534058432
    }
  },
  "config_origins": {
    "1": "Initial Design: Sobol",
    "2": "Initial Design: Sobol",
    "3": "Acquisition Function Maximizer: Random Search (sorted)",
    "4": "Acquisition Function Maximizer: Local Search"
  }
}