{
  "stats": {
    "submitted": 10,
    "finished": 10,
    "running": 0
  },
  "data": [
    [
      1,
      null,
      209652396,
      null,
      0.06802206575433478,
      1.2966675758361816,
      1,
      1695997461.2975483,
      1695997462.5950987,
      {}
    ],
    [
      1,
      null,
      398764591,
      null,
      0.08553903569814036,
      1.3194177150726318,
      1,
      1695997462.5980792,
      1695997463.918693,
      {}
    ],
    [
      2,
      null,
      209652396,
      null,
      0.12106677890923323,
      0.5403661727905273,
      1,
      1695997463.9215114,
      1695997464.4628136,
      {}
    ],
    [
      2,
      null,
      398764591,
      null,
      0.10204678899621034,
      0.44203972816467285,
      1,
      1695997464.464548,
      1695997464.9072948,
      {}
    ],
    [
      1,
      null,
      924231285,
      null,
      0.08223351704350756,
      1.149092197418213,
      1,
      1695997464.9094193,
      1695997466.0592048,
      {}
    ],
    [
      3,
      null,
      209652396,
      null,
      0.09126273294660325,
      1.1791937351226807,
      1,
      1695997466.20906,
      1695997467.3889217,
      {}
    ],
    [
      3,
      null,
      398764591,
      null,
      0.08923070735009009,
      1.208683967590332,
      1,
      1695997467.3908043,
      1695997468.600209,
      {}
    ],
    [
      3,
      null,
      924231285,
      null,
      0.0938498326085182,
      1.1222724914550781,
      1,
      1695997468.6020143,
      1695997469.7249897,
      {}
    ],
    [
      4,
      null,
      209652396,
      null,
      0.07488620520439992,
      1.4245431423187256,
      1,
      1695997469.727422,
      1695997471.1526496,
      {}
    ],
    [
      4,
      null,
      398764591,
      null,
      0.07425197449738719,
      1.4328114986419678,
      1,
      1695997471.154496,
      1695997472.588,
      {}
    ]
  ],
  "configs": {
    "1": {
      "alpha": 0.34019066896289585,
      "batch_size": 4,
      "method": "lars",
      "n_components": 3,
      "ridge_alpha": 0.08752058510668576
    },
    "2": {
      "alpha": 0.9592367018572986,
      "batch_size": 3,
      "method": "cd",
      "n_components": 8,
      "ridge_alpha": 0.010323922336101533
    },
    "3": {
      "alpha": 0.5004719714089232,
      "batch_size": 4,
      "method": "lars",
      "n_components": 4,
      "ridge_alpha": 0.08674294391602169
    },
    "4": {
      "alpha": 0.536335936990586,
      "batch_size": 5,
      "method": "lars",
      "n_components": 3,
      "ridge_alpha": 0.09375836662351518
    }
  },
  "config_origins": {
    "1": "Initial Design: Sobol",
    "2": "Initial Design: Sobol",
    "3": "Acquisition Function Maximizer: Local Search",
    "4": "Acquisition Function Maximizer: Local Search"
  }
}