{
  "incumbent_ids": [
    18
  ],
  "rejected_config_ids": [
    1,
    9,
    10
  ],
  "incumbents_changed": 4,
  "trajectory": [
    {
      "config_ids": [
        1
      ],
      "costs": [
        0.8112418762296939
      ],
      "trial": 1,
      "walltime": 2.568920612335205
    },
    {
      "config_ids": [
        9
      ],
      "costs": [
        0.5885042709630984
      ],
      "trial": 26,
      "walltime": 56.12791681289673
    },
    {
      "config_ids": [
        10
      ],
      "costs": [
        0.5760361288921088
      ],
      "trial": 29,
      "walltime": 62.80595803260803
    },
    {
      "config_ids": [
        18
      ],
      "costs": [
        0.48823697933369187
      ],
      "trial": 53,
      "walltime": 114.8400411605835
    }
  ],
  "state": {
    "queue": [
      [
        34,
        2
      ]
    ]
  }
}