{
  "stats": {
    "submitted": 10,
    "finished": 10,
    "running": 0
  },
  "data": [
    [
      1,
      null,
      209652396,
      null,
      0.4707516130142888,
      0.5904891490936279,
      1,
      1695829629.2527473,
      1695829629.8438046,
      {}
    ],
    [
      1,
      null,
      398764591,
      null,
      0.4707516130142888,
      0.5896129608154297,
      1,
      1695829629.8452923,
      1695829630.4355211,
      {}
    ],
    [
      2,
      null,
      209652396,
      null,
      0.492688970016674,
      2.0556817054748535,
      1,
      1695829630.43717,
      1695829632.4935224,
      {}
    ],
    [
      2,
      null,
      398764591,
      null,
      0.492688970016674,
      2.0471980571746826,
      1,
      1695829632.495296,
      1695829634.543161,
      {}
    ],
    [
      1,
      null,
      924231285,
      null,
      0.4707516130142888,
      0.6519618034362793,
      1,
      1695829634.545013,
      1695829635.1976354,
      {}
    ],
    [
      3,
      null,
      209652396,
      null,
      0.4920964818624761,
      0.18512845039367676,
      1,
      1695829635.3264666,
      1695829635.51221,
      {}
    ],
    [
      3,
      null,
      398764591,
      null,
      0.4920964818624761,
      0.273087739944458,
      1,
      1695829635.513781,
      1695829635.78746,
      {}
    ],
    [
      3,
      null,
      924231285,
      null,
      0.4920964818624761,
      0.2928035259246826,
      1,
      1695829635.7890167,
      1695829636.0824087,
      {}
    ],
    [
      4,
      null,
      209652396,
      null,
      0.5000958083465663,
      0.3904247283935547,
      1,
      1695829636.0844505,
      1695829636.4754665,
      {}
    ],
    [
      4,
      null,
      398764591,
      null,
      0.5000958083465663,
      0.3232541084289551,
      1,
      1695829636.4770875,
      1695829636.8009274,
      {}
    ]
  ],
  "configs": {
    "1": {
      "alpha": 0.34019066896289585,
      "method": "cd",
      "n_components": 3,
      "ridge_alpha": 0.029059861330315476
    },
    "2": {
      "alpha": 0.8744391072541475,
      "method": "lars",
      "n_components": 10,
      "ridge_alpha": 0.06035465487278999
    },
    "3": {
      "alpha": 0.7529172094588793,
      "method": "cd",
      "n_components": 11,
      "ridge_alpha": 0.050494231514971954
    },
    "4": {
      "alpha": 0.5042833104328303,
      "method": "cd",
      "n_components": 7,
      "ridge_alpha": 0.05067909582435264
    }
  },
  "config_origins": {
    "1": "Initial Design: Sobol",
    "2": "Initial Design: Sobol",
    "3": "Acquisition Function Maximizer: Local Search",
    "4": "Acquisition Function Maximizer: Local Search"
  }
}