{
  "incumbent_ids": [
    3
  ],
  "rejected_config_ids": [
    1,
    2
  ],
  "incumbents_changed": 3,
  "trajectory": [
    {
      "config_ids": [
        1
      ],
      "costs": [
        0.9966305480813517
      ],
      "trial": 1,
      "walltime": 0.05597352981567383
    },
    {
      "config_ids": [
        2
      ],
      "costs": [
        0.9965900092118235
      ],
      "trial": 4,
      "walltime": 0.25841522216796875
    },
    {
      "config_ids": [
        3
      ],
      "costs": [
        0.9951114098582864
      ],
      "trial": 8,
      "walltime": 0.5939538478851318
    }
  ],
  "state": {
    "queue": [
      [
        4,
        2
      ]
    ]
  }
}