{
  "incumbent_ids": [
    8
  ],
  "rejected_config_ids": [
    1,
    4,
    7
  ],
  "incumbents_changed": 4,
  "trajectory": [
    {
      "config_ids": [
        1
      ],
      "costs": [
        0.47241283998551964
      ],
      "trial": 1,
      "walltime": 0.7461724281311035
    },
    {
      "config_ids": [
        4
      ],
      "costs": [
        0.45696238600529204
      ],
      "trial": 11,
      "walltime": 2.9725351333618164
    },
    {
      "config_ids": [
        7
      ],
      "costs": [
        0.45696214053805656
      ],
      "trial": 20,
      "walltime": 6.468796968460083
    },
    {
      "config_ids": [
        8
      ],
      "costs": [
        0.4569609119896983
      ],
      "trial": 23,
      "walltime": 7.286268711090088
    }
  ],
  "state": {
    "queue": []
  }
}