{
  "stats": {
    "submitted": 74,
    "finished": 74,
    "running": 0
  },
  "data": [
    [
      1,
      null,
      209652396,
      null,
      0.47241283998551964,
      0.7387275695800781,
      1,
      1703640273.826116,
      1703640274.5658379,
      {}
    ],
    [
      1,
      null,
      398764591,
      null,
      0.47241283998551964,
      0.6387898921966553,
      1,
      1703640274.5676506,
      1703640275.207422,
      {}
    ],
    [
      2,
      null,
      209652396,
      null,
      0.4902104614848537,
      0.25542688369750977,
      1,
      1703640275.2092538,
      1703640275.4656565,
      {}
    ],
    [
      2,
      null,
      398764591,
      null,
      0.4902104614848537,
      0.17512083053588867,
      1,
      1703640275.467311,
      1703640275.643489,
      {}
    ],
    [
      1,
      null,
      924231285,
      null,
      0.47241283998551964,
      0.16646933555603027,
      1,
      1703640275.645732,
      1703640275.813271,
      {}
    ],
    [
      3,
      null,
      209652396,
      null,
      0.48365084679252324,
      0.17618656158447266,
      1,
      1703640275.8152373,
      1703640275.992361,
      {}
    ],
    [
      3,
      null,
      398764591,
      null,
      0.48365084679252324,
      0.17953777313232422,
      1,
      1703640275.9941878,
      1703640276.1746607,
      {}
    ],
    [
      3,
      null,
      924231285,
      null,
      0.48365084679252324,
      0.1615300178527832,
      1,
      1703640276.176348,
      1703640276.3387983,
      {}
    ],
    [
      4,
      null,
      209652396,
      null,
      0.45696238600529204,
      0.1289196014404297,
      1,
      1703640276.3410745,
      1703640276.4708815,
      {}
    ],
    [
      4,
      null,
      398764591,
      null,
      0.45696238600529204,
      0.1673123836517334,
      1,
      1703640276.472464,
      1703640276.6406658,
      {}
    ],
    [
      4,
      null,
      924231285,
      null,
      0.45696238600529204,
      0.14863801002502441,
      1,
      1703640276.6423008,
      1703640276.7918417,
      {}
    ],
    [
      5,
      null,
      209652396,
      null,
      0.4683018102408725,
      0.14757895469665527,
      1,
      1703640276.7944205,
      1703640276.9428785,
      {}
    ],
    [
      5,
      null,
      398764591,
      null,
      0.46829167143434236,
      0.1805131435394287,
      1,
      1703640276.9447043,
      1703640277.1261027,
      {}
    ],
    [
      5,
      null,
      924231285,
      null,
      0.4683306378930867,
      0.2074282169342041,
      1,
      1703640277.1279721,
      1703640277.3362982,
      {}
    ],
    [
      6,
      null,
      209652396,
      null,
      0.45696963859532247,
      1.409360647201538,
      1,
      1703640277.6474555,
      1703640279.0577476,
      {}
    ],
    [
      6,
      null,
      398764591,
      null,
      0.45696050303323055,
      0.30348801612854004,
      1,
      1703640279.062248,
      1703640279.3667068,
      {}
    ],
    [
      6,
      null,
      924231285,
      null,
      0.45696017094279595,
      0.2561013698577881,
      1,
      1703640279.3688927,
      1703640279.6259387,
      {}
    ],
    [
      7,
      null,
      209652396,
      null,
      0.4569653450472976,
      0.21263790130615234,
      1,
      1703640279.6288471,
      1703640279.842488,
      {}
    ],
    [
      7,
      null,
      398764591,
      null,
      0.4569653376259907,
      0.1796436309814453,
      1,
      1703640279.8447597,
      1703640280.0253432,
      {}
    ],
    [
      7,
      null,
      924231285,
      null,
      0.4569557389408814,
      0.25960826873779297,
      1,
      1703640280.0274372,
      1703640280.2879388,
      {}
    ],
    [
      8,
      null,
      209652396,
      null,
      0.45696030338556803,
      0.16182589530944824,
      1,
      1703640280.291228,
      1703640280.4539654,
      {}
    ],
    [
      8,
      null,
      398764591,
      null,
      0.456962927409828,
      0.33621644973754883,
      1,
      1703640280.4562345,
      1703640280.7933996,
      {}
    ],
    [
      8,
      null,
      924231285,
      null,
      0.45695950517369877,
      0.3091554641723633,
      1,
      1703640280.7954454,
      1703640281.10547,
      {}
    ],
    [
      9,
      null,
      209652396,
      null,
      0.45696238619030716,
      0.31819701194763184,
      1,
      1703640281.1086314,
      1703640281.4276865,
      {}
    ],
    [
      9,
      null,
      398764591,
      null,
      0.45696236491137154,
      0.1788952350616455,
      1,
      1703640281.429836,
      1703640281.6095703,
      {}
    ],
    [
      9,
      null,
      924231285,
      null,
      0.4569619987038198,
      0.26133179664611816,
      1,
      1703640281.611805,
      1703640281.8739815,
      {}
    ],
    [
      10,
      null,
      209652396,
      null,
      0.4569626972839096,
      0.1504497528076172,
      1,
      1703640281.8768752,
      1703640282.0281694,
      {}
    ],
    [
      10,
      null,
      398764591,
      null,
      0.4569622544891865,
      0.35863256454467773,
      1,
      1703640282.0303118,
      1703640282.3897822,
      {}
    ],
    [
      10,
      null,
      924231285,
      null,
      0.456962042838013,
      0.494779109954834,
      1,
      1703640282.391967,
      1703640282.8876295,
      {}
    ],
    [
      11,
      null,
      209652396,
      null,
      0.45696578085879513,
      0.439669132232666,
      1,
      1703640282.8909705,
      1703640283.3315427,
      {}
    ],
    [
      11,
      null,
      398764591,
      null,
      0.4569625865255943,
      0.3086977005004883,
      1,
      1703640283.3338912,
      1703640283.6434693,
      {}
    ],
    [
      11,
      null,
      924231285,
      null,
      0.45696098643133454,
      0.1979830265045166,
      1,
      1703640283.6461053,
      1703640283.8449886,
      {}
    ],
    [
      12,
      null,
      209652396,
      null,
      0.45696309598534224,
      0.2617363929748535,
      1,
      1703640283.84843,
      1703640284.1110523,
      {}
    ],
    [
      12,
      null,
      398764591,
      null,
      0.4569626371224308,
      0.33068275451660156,
      1,
      1703640284.1153388,
      1703640284.4469335,
      {}
    ],
    [
      12,
      null,
      924231285,
      null,
      0.4569619139892158,
      0.19913625717163086,
      1,
      1703640284.4497187,
      1703640284.6497908,
      {}
    ],
    [
      13,
      null,
      209652396,
      null,
      0.45696144054694254,
      0.15565037727355957,
      1,
      1703640284.6533537,
      1703640284.8099058,
      {}
    ],
    [
      13,
      null,
      398764591,
      null,
      0.4569625762042825,
      0.17497587203979492,
      1,
      1703640284.8125215,
      1703640284.988397,
      {}
    ],
    [
      13,
      null,
      924231285,
      null,
      0.45696232694889183,
      0.19756770133972168,
      1,
      1703640284.9911523,
      1703640285.1896012,
      {}
    ],
    [
      14,
      null,
      209652396,
      null,
      0.45696133413165274,
      0.38216257095336914,
      1,
      1703640285.5835085,
      1703640285.9665568,
      {}
    ],
    [
      14,
      null,
      398764591,
      null,
      0.4569636896742568,
      0.21928119659423828,
      1,
      1703640285.969498,
      1703640286.1897225,
      {}
    ],
    [
      14,
      null,
      924231285,
      null,
      0.45695960490456644,
      0.18164396286010742,
      1,
      1703640286.1926007,
      1703640286.375195,
      {}
    ],
    [
      15,
      null,
      209652396,
      null,
      0.4683020570361378,
      0.16515159606933594,
      1,
      1703640286.3803082,
      1703640286.5463867,
      {}
    ],
    [
      15,
      null,
      398764591,
      null,
      0.4683020570361378,
