{
  "incumbent_ids": [
    16
  ],
  "rejected_config_ids": [
    1,
    9,
    10
  ],
  "incumbents_changed": 4,
  "trajectory": [
    {
      "config_ids": [
        1
      ],
      "costs": [
        0.3782155896576769
      ],
      "trial": 1,
      "walltime": 0.7289655208587646
    },
    {
      "config_ids": [
        9
      ],
      "costs": [
        0.23328276615548416
      ],
      "trial": 26,
      "walltime": 14.496179342269897
    },
    {
      "config_ids": [
        10
      ],
      "costs": [
        0.11528038582038302
      ],
      "trial": 29,
      "walltime": 15.856213092803955
    },
    {
      "config_ids": [
        16
      ],
      "costs": [
        0.02201202414660271
      ],
      "trial": 47,
      "walltime": 27.50945281982422
    }
  ],
  "state": {
    "queue": [
      [
        34,
        2
      ]
    ]
  }
}