{
  "stats": {
    "submitted": 10,
    "finished": 10,
    "running": 0
  },
  "data": [
    [
      1,
      null,
      209652396,
      null,
      0.45017449883472116,
      0.03008127212524414,
      1,
      1696443608.2980354,
      1696443608.3286104,
      {}
    ],
    [
      1,
      null,
      398764591,
      null,
      0.45017449883472116,
      0.029784679412841797,
      1,
      1696443608.3298945,
      1696443608.3601637,
      {}
    ],
    [
      2,
      null,
      209652396,
      null,
      0.4253526642652272,
      0.03487038612365723,
      1,
      1696443608.361468,
      1696443608.3968246,
      {}
    ],
    [
      2,
      null,
      398764591,
      null,
      0.4253526642652272,
      0.03481745719909668,
      1,
      1696443608.3980296,
      1696443608.4333363,
      {}
    ],
    [
      2,
      null,
      924231285,
      null,
      0.4253526642652272,
      0.03484845161437988,
      1,
      1696443608.435011,
      1696443608.470353,
      {}
    ],
    [
      3,
      null,
      209652396,
      null,
      0.42526799328530274,
      0.0355374813079834,
      1,
      1696443608.5367005,
      1696443608.5727527,
      {}
    ],
    [
      3,
      null,
      398764591,
      null,
      0.42526799328530274,
      0.03492307662963867,
      1,
      1696443608.5741534,
      1696443608.6095705,
      {}
    ],
    [
      3,
      null,
      924231285,
      null,
      0.42526799328530274,
      0.03481411933898926,
      1,
      1696443608.6109402,
      1696443608.6462514,
      {}
    ],
    [
      4,
      null,
      209652396,
      null,
      0.45626439296903665,
      0.030040502548217773,
      1,
      1696443608.6482894,
      1696443608.6788208,
      {}
    ],
    [
      4,
      null,
      398764591,
      null,
      0.45626439296903665,
      0.029842615127563477,
      1,
      1696443608.6802437,
      1696443608.7105823,
      {}
    ]
  ],
  "configs": {
    "1": {
      "batch_size": 33,
      "n_components": 4
    },
    "2": {
      "batch_size": 44,
      "n_components": 2
    },
    "3": {
      "batch_size": 38,
      "n_components": 2
    },
    "4": {
      "batch_size": 45,
      "n_components": 5
    }
  },
  "config_origins": {
    "1": "Initial Design: Sobol",
    "2": "Initial Design: Sobol",
    "3": "Acquisition Function Maximizer: Random Search (sorted)",
    "4": "Acquisition Function Maximizer: Random Search (sorted)"
  }
}