{
  "stats": {
    "submitted": 10,
    "finished": 10,
    "running": 0
  },
  "data": [
    [
      1,
      null,
      209652396,
      null,
      0.0,
      5.677341461181641,
      1,
      1694028907.2779512,
      1694028912.9557772,
      {}
    ],
    [
      1,
      null,
      398764591,
      null,
      0.0,
      1.7215287685394287,
      1,
      1694028912.957155,
      1694028914.6792107,
      {}
    ],
    [
      2,
      null,
      209652396,
      null,
      0.0,
      1.5702757835388184,
      1,
      1694028914.6805644,
      1694028916.2513587,
      {}
    ],
    [
      2,
      null,
      398764591,
      null,
      0.0,
      1.8237652778625488,
      1,
      1694028916.2526042,
      1694028918.0769572,
      {}
    ],
    [
      1,
      null,
      924231285,
      null,
      0.0,
      1.7154192924499512,
      1,
      1694028918.0786614,
      1694028919.7946937,
      {}
    ],
    [
      3,
      null,
      209652396,
      null,
      0.0,
      1.6543333530426025,
      1,
      1694028919.8530955,
      1694028921.5083435,
      {}
    ],
    [
      3,
      null,
      398764591,
      null,
      0.0,
      1.575763463973999,
      1,
      1694028921.5116892,
      1694028923.088332,
      {}
    ],
    [
      3,
      null,
      924231285,
      null,
      0.0,
      1.931598424911499,
      1,
      1694028923.0898952,
      1694028925.0223026,
      {}
    ],
    [
      4,
      null,
      209652396,
      null,
      0.0,
      1.6549086570739746,
      1,
      1694028925.0256474,
      1694028926.681186,
      {}
    ],
    [
      4,
      null,
      398764591,
      null,
      0.0,
      1.631479263305664,
      1,
      1694028926.6826487,
      1694028928.314674,
      {}
    ]
  ],
  "configs": {
    "1": {
      "n_components": 2,
      "n_neighbors": 64
    },
    "2": {
      "n_components": 3,
      "n_neighbors": 25
    },
    "3": {
      "n_components": 3,
      "n_neighbors": 13
    },
    "4": {
      "n_components": 3,
      "n_neighbors": 41
    }
  },
  "config_origins": {
    "1": "Initial Design: Sobol",
    "2": "Initial Design: Sobol",
    "3": "Acquisition Function Maximizer: Random Search (sorted)",
    "4": "Acquisition Function Maximizer: Random Search (sorted)"
  }
}