{
  "stats": {
    "submitted": 59,
    "finished": 59,
    "running": 0
  },
  "data": [
    [
      1,
      null,
      209652396,
      null,
      0.15892026888179356,
      1.10390043258667,
      1,
      1703630203.4362407,
      1703630204.5414145,
      {}
    ],
    [
      1,
      null,
      398764591,
      null,
      0.15892028047126028,
      0.4822416305541992,
      1,
      1703630204.5431087,
      1703630205.0261889,
      {}
    ],
    [
      2,
      null,
      209652396,
      null,
      0.8734024419047752,
      0.505988597869873,
      1,
      1703630205.0279543,
      1703630205.5347779,
      {}
    ],
    [
      2,
      null,
      398764591,
      null,
      0.8734023448372236,
      0.4494352340698242,
      1,
      1703630205.5398953,
      1703630205.9901454,
      {}
    ],
    [
      1,
      null,
      924231285,
      null,
      0.15892025914269137,
      0.300457239151001,
      1,
      1703630205.9920986,
      1703630206.2933521,
      {}
    ],
    [
      3,
      null,
      209652396,
      null,
      0.7521310600224494,
      0.36704397201538086,
      1,
      1703630206.2949727,
      1703630206.6627624,
      {}
    ],
    [
      3,
      null,
      398764591,
      null,
      0.7521310600224498,
      0.4018559455871582,
      1,
      1703630206.664159,
      1703630207.0667596,
      {}
    ],
    [
      3,
      null,
      924231285,
      null,
      0.7521310600224503,
      0.6310293674468994,
      1,
      1703630207.0682306,
      1703630207.7000363,
      {}
    ],
    [
      4,
      null,
      209652396,
      null,
      0.7390012640776864,
      0.38103342056274414,
      1,
      1703630207.7020679,
      1703630208.083864,
      {}
    ],
    [
      4,
      null,
      398764591,
      null,
      0.7390023429075658,
      0.5475759506225586,
      1,
      1703630208.085409,
      1703630208.6337278,
      {}
    ],
    [
      4,
      null,
      924231285,
      null,
      0.7390012656745502,
      0.5789592266082764,
      1,
      1703630208.6352189,
      1703630209.2149227,
      {}
    ],
    [
      5,
      null,
      209652396,
      null,
      0.8940127718493829,
      0.44672060012817383,
      1,
      1703630209.216974,
      1703630209.6644423,
      {}
    ],
    [
      5,
      null,
      398764591,
      null,
      0.8614193507025493,
      0.2570211887359619,
      1,
      1703630209.6660626,
      1703630209.9238343,
      {}
    ],
    [
      5,
      null,
      924231285,
      null,
      0.8615007290718226,
      0.38609838485717773,
      1,
      1703630209.9255915,
      1703630210.3124316,
      {}
    ],
    [
      6,
      null,
      209652396,
      null,
      0.5218274654178261,
      0.3246901035308838,
      1,
      1703630210.4355335,
      1703630210.7609894,
      {}
    ],
    [
      6,
      null,
      398764591,
      null,
      0.5218274654178254,
      0.3263742923736572,
      1,
      1703630210.7628396,
      1703630211.0899773,
      {}
    ],
    [
      6,
      null,
      924231285,
      null,
      0.5218274654178255,
      0.3059406280517578,
      1,
      1703630211.09178,
      1703630211.3984876,
      {}
    ],
    [
      7,
      null,
      209652396,
      null,
      0.45813815917861755,
      0.4314248561859131,
      1,
      1703630211.400766,
      1703630211.8329382,
      {}
    ],
    [
      7,
      null,
      398764591,
      null,
      0.4581381212280111,
      0.4522414207458496,
      1,
      1703630211.8347917,
      1703630212.2878082,
      {}
    ],
    [
      7,
      null,
      924231285,
      null,
      0.458138157636505,
      0.3565244674682617,
      1,
      1703630212.2916603,
      1703630212.6489491,
      {}
    ],
    [
      8,
      null,
      209652396,
      null,
      0.5218274201939506,
      0.14593219757080078,
      1,
      1703630212.6513522,
      1703630212.7980392,
      {}
    ],
    [
      8,
      null,
      398764591,
      null,
      0.5218273663995121,
      0.22632741928100586,
      1,
      1703630212.7998471,
      1703630213.0269291,
      {}
    ],
    [
      8,
      null,
      924231285,
      null,
      0.5218265529789734,
      0.33239102363586426,
      1,
      1703630213.0287797,
      1703630213.361933,
      {}
    ],
    [
      9,
      null,
      209652396,
      null,
      0.458138227649025,
      0.23220539093017578,
      1,
      1703630213.3643997,
      1703630213.597368,
      {}
    ],
    [
      9,
      null,
      398764591,
      null,
      0.4581381850077383,
      0.26692867279052734,
      1,
      1703630213.5993059,
      1703630213.8671546,
      {}
    ],
    [
      9,
      null,
      924231285,
      null,
      0.45813813864688924,
      0.4102463722229004,
      1,
      1703630213.8690598,
      1703630214.2800646,
      {}
    ],
    [
      10,
      null,
      209652396,
      null,
      0.34047234425796047,
      0.2465665340423584,
      1,
      1703630214.2831645,
      1703630214.5304818,
      {}
    ],
    [
      10,
      null,
      398764591,
      null,
      0.34047234425796036,
      0.3994274139404297,
      1,
      1703630214.5324125,
      1703630214.9326031,
      {}
    ],
    [
      10,
      null,
      924231285,
      null,
      0.34047234425794004,
      0.4087095260620117,
      1,
      1703630214.9356382,
      1703630215.3450966,
      {}
    ],
    [
      11,
      null,
      209652396,
      null,
      0.8734021437764538,
      0.3191983699798584,
      1,
      1703630215.3477597,
      1703630215.6677046,
      {}
    ],
    [
      11,
      null,
      398764591,
      null,
      0.8734021437764521,
      0.2143845558166504,
      1,
      1703630215.669776,
      1703630215.884914,
      {}
    ],
    [
      11,
      null,
      924231285,
      null,
      0.8734021437764539,
      0.3522794246673584,
      1,
      1703630215.8886566,
      1703630216.241696,
      {}
    ],
    [
      12,
      null,
      209652396,
      null,
      0.7390015659202598,
      0.3600192070007324,
      1,
      1703630216.2454708,
      1703630216.6062393,
      {}
    ],
    [
      12,
      null,
      398764591,
      null,
      0.7390025044383364,
      0.3117215633392334,
      1,
      1703630216.6083784,
      1703630216.9208739,
      {}
    ],
    [
      12,
      null,
      924231285,
      null,
      0.7390013075836439,
      0.4155545234680176,
      1,
      1703630216.9230235,
      1703630217.3393404,
      {}
    ],
    [
      13,
      null,
      209652396,
      null,
      0.9107162589304197,
      0.5295886993408203,
      1,
      1703630217.3422656,
      1703630217.8726225,
      {}
    ],
    [
      13,
      null,
      398764591,
      null,
      0.9088514286463231,
      0.4114558696746826,
      1,
      1703630217.8748631,
      1703630218.2870796,
      {}
    ],
    [
      13,
      null,
      924231285,
      null,
      0.8768345757108034,
      0.40658092498779297,
      1,
      1703630218.2893486,
      1703630218.6966858,
      {}
    ],
    [
      14,
      null,
      209652396,
      null,
      0.1589216066566863,
      0.8143815994262695,
      1,
      1703630218.9483733,
      1703630219.7640545,
      {}
    ],
    [
      14,
      null,
      398764591,
      null,
      0.15892059643390166,
      0.5349483489990234,
      1,
      1703630219.7668378,
      1703630220.3026605,
      {}
    ],
    [
      14,
      null,
      924231285,
      null,
      0.15892048229132383,
      0.8657846450805664,
      1,
      1703630220.305345,
      1703630221.1719706,
      {}
    ],
    [
      15,
      null,
      209652396,
      null,
      0.6219460085025525,
      0.48929524421691895,
      1,
      1703630221.175977,
      1703630221.666071,
      {}
    ],
    [
      15,
      null,
      398764591,
      null,
      0.6219466516282004,
      0.33688950538635254,
      1,
