{
  "stats": {
    "submitted": 10,
    "finished": 10,
    "running": 0
  },
  "data": [
    [
      1,
      null,
      209652396,
      null,
      0.5490733233331988,
      0.13773679733276367,
      1,
      1696442052.532029,
      1696442052.670278,
      {}
    ],
    [
      1,
      null,
      398764591,
      null,
      0.5490733233331988,
      0.13755059242248535,
      1,
      1696442052.671548,
      1696442052.8095958,
      {}
    ],
    [
      2,
      null,
      209652396,
      null,
      0.7081415185160358,
      0.42106008529663086,
      1,
      1696442052.810837,
      1696442053.2324116,
      {}
    ],
    [
      2,
      null,
      398764591,
      null,
      0.7081415185160358,
      0.4384005069732666,
      1,
      1696442053.2336946,
      1696442053.6726456,
      {}
    ],
    [
      1,
      null,
      924231285,
      null,
      0.5490733233331988,
      0.13800048828125,
      1,
      1696442053.6742804,
      1696442053.8128283,
      {}
    ],
    [
      3,
      null,
      209652396,
      null,
      0.7252381825120062,
      0.15146303176879883,
      1,
      1696442053.925144,
      1696442054.077125,
      {}
    ],
    [
      3,
      null,
      398764591,
      null,
      0.7252381825120062,
      0.15057063102722168,
      1,
      1696442054.0784307,
      1696442054.2295141,
      {}
    ],
    [
      3,
      null,
      924231285,
      null,
      0.7252381825120062,
      0.15079951286315918,
      1,
      1696442054.2307615,
      1696442054.3820693,
      {}
    ],
    [
      4,
      null,
      209652396,
      null,
      0.7275540812752758,
      0.14143753051757812,
      1,
      1696442054.3837383,
      1696442054.5256767,
      {}
    ],
    [
      4,
      null,
      398764591,
      null,
      0.7275540812752758,
      0.14112424850463867,
      1,
      1696442054.5269258,
      1696442054.6685512,
      {}
    ]
  ],
  "configs": {
    "1": {
      "alpha": 0.34019066896289585,
      "method": "cd",
      "n_components": 3,
      "ridge_alpha": 0.029059861330315476
    },
    "2": {
      "alpha": 0.8744391072541475,
      "method": "lars",
      "n_components": 9,
      "ridge_alpha": 0.06035465487278999
    },
    "3": {
      "alpha": 0.6813047017599905,
      "method": "cd",
      "n_components": 11,
      "ridge_alpha": 0.04731957459914713
    },
    "4": {
      "alpha": 0.6424870384644795,
      "method": "cd",
      "n_components": 11,
      "ridge_alpha": 0.02290179586681418
    }
  },
  "config_origins": {
    "1": "Initial Design: Sobol",
    "2": "Initial Design: Sobol",
    "3": "Acquisition Function Maximizer: Random Search (sorted)",
    "4": "Acquisition Function Maximizer: Random Search (sorted)"
  }
}