{
  "incumbent_ids": [
    2
  ],
  "rejected_config_ids": [
    1
  ],
  "incumbents_changed": 2,
  "trajectory": [
    {
      "config_ids": [
        1
      ],
      "costs": [
        0.8323097370057533
      ],
      "trial": 1,
      "walltime": 0.09559464454650879
    },
    {
      "config_ids": [
        2
      ],
      "costs": [
        1.1961664991844145e-10
      ],
      "trial": 4,
      "walltime": 0.27899909019470215
    }
  ],
  "state": {
    "queue": [
      [
        4,
        2
      ]
    ]
  }
}