{
  "incumbent_ids": [
    3
  ],
  "rejected_config_ids": [
    1
  ],
  "incumbents_changed": 2,
  "trajectory": [
    {
      "config_ids": [
        1
      ],
      "costs": [
        0.47241343812025216
      ],
      "trial": 1,
      "walltime": 0.029491662979125977
    },
    {
      "config_ids": [
        3
      ],
      "costs": [
        0.4723969906289305
      ],
      "trial": 8,
      "walltime": 0.34825611114501953
    }
  ],
  "state": {
    "queue": [
      [
        4,
        2
      ]
    ]
  }
}