{
  "stats": {
    "submitted": 10,
    "finished": 10,
    "running": 0
  },
  "data": [
    [
      1,
      null,
      209652396,
      null,
      0.47241343812025216,
      0.028017520904541016,
      1,
      1696443553.1533952,
      1696443553.182003,
      {}
    ],
    [
      1,
      null,
      398764591,
      null,
      0.47237937947503905,
      0.027565956115722656,
      1,
      1696443553.1834416,
      1696443553.2115943,
      {}
    ],
    [
      2,
      null,
      209652396,
      null,
      0.4902104614848537,
      0.027588367462158203,
      1,
      1696443553.2130713,
      1696443553.2412395,
      {}
    ],
    [
      2,
      null,
      398764591,
      null,
      0.4902104614848537,
      0.027405261993408203,
      1,
      1696443553.2426007,
      1696443553.2705998,
      {}
    ],
    [
      1,
      null,
      924231285,
      null,
      0.47245638059526807,
      0.02742624282836914,
      1,
      1696443553.272283,
      1696443553.3003886,
      {}
    ],
    [
      3,
      null,
      209652396,
      null,
      0.4724118267625935,
      0.02798151969909668,
      1,
      1696443553.4130964,
      1696443553.4416595,
      {}
    ],
    [
      3,
      null,
      398764591,
      null,
      0.4723823244044114,
      0.027370452880859375,
      1,
      1696443553.443124,
      1696443553.4710832,
      {}
    ],
    [
      3,
      null,
      924231285,
      null,
      0.4723968207197865,
      0.02727651596069336,
      1,
      1696443553.4725285,
      1696443553.5004017,
      {}
    ],
    [
      4,
      null,
      209652396,
      null,
      0.46363985900727744,
      0.026637554168701172,
      1,
      1696443553.502592,
      1696443553.5298123,
      {}
    ],
    [
      4,
      null,
      398764591,
      null,
      0.4635336403690975,
      0.026706457138061523,
      1,
      1696443553.5314066,
      1696443553.5587044,
      {}
    ]
  ],
  "configs": {
    "1": {
      "n_components": 5,
      "n_iter": 6,
      "n_oversamples": 3,
      "power_iteration_normalizer": "auto"
    },
    "2": {
      "n_components": 13,
      "n_iter": 4,
      "n_oversamples": 8,
      "power_iteration_normalizer": "OR"
    },
    "3": {
      "n_components": 5,
      "n_iter": 7,
      "n_oversamples": 3,
      "power_iteration_normalizer": "LU"
    },
    "4": {
      "n_components": 3,
      "n_iter": 6,
      "n_oversamples": 3,
      "power_iteration_normalizer": "LU"
    }
  },
  "config_origins": {
    "1": "Initial Design: Sobol",
    "2": "Initial Design: Sobol",
    "3": "Acquisition Function Maximizer: Local Search",
    "4": "Acquisition Function Maximizer: Local Search"
  }
}