{
  "stats": {
    "submitted": 10,
    "finished": 10,
    "running": 0
  },
  "data": [
    [
      1,
      null,
      209652396,
      null,
      0.4665670077099233,
      0.1377577781677246,
      1,
      1696443555.1867635,
      1696443555.3250952,
      {}
    ],
    [
      1,
      null,
      398764591,
      null,
      0.4665670077099233,
      0.13678646087646484,
      1,
      1696443555.3266098,
      1696443555.4639812,
      {}
    ],
    [
      2,
      null,
      209652396,
      null,
      0.49067067115359364,
      0.21324539184570312,
      1,
      1696443555.465509,
      1696443555.6793592,
      {}
    ],
    [
      2,
      null,
      398764591,
      null,
      0.49067067115359364,
      0.3056483268737793,
      1,
      1696443555.6809847,
      1696443555.98725,
      {}
    ],
    [
      1,
      null,
      924231285,
      null,
      0.4665670077099233,
      0.13660740852355957,
      1,
      1696443555.9890728,
      1696443556.1262636,
      {}
    ],
    [
      3,
      null,
      209652396,
      null,
      0.49261839204286995,
      0.08317351341247559,
      1,
      1696443556.2495604,
      1696443556.3333132,
      {}
    ],
    [
      3,
      null,
      398764591,
      null,
      0.49261839204286995,
      0.08305501937866211,
      1,
      1696443556.3348608,
      1696443556.4185038,
      {}
    ],
    [
      3,
      null,
      924231285,
      null,
      0.49261839204286995,
      0.08266329765319824,
      1,
      1696443556.4200325,
      1696443556.5032995,
      {}
    ],
    [
      4,
      null,
      209652396,
      null,
      0.49285550566848857,
      0.08525562286376953,
      1,
      1696443556.5053866,
      1696443556.5912285,
      {}
    ],
    [
      4,
      null,
      398764591,
      null,
      0.49285550566848857,
      0.08591651916503906,
      1,
      1696443556.592811,
      1696443556.6793551,
      {}
    ]
  ],
  "configs": {
    "1": {
      "alpha": 0.34019066896289585,
      "method": "cd",
      "n_components": 3,
      "ridge_alpha": 0.029059861330315476
    },
    "2": {
      "alpha": 0.8744391072541475,
      "method": "lars",
      "n_components": 10,
      "ridge_alpha": 0.06035465487278999
    },
    "3": {
      "alpha": 0.6813047017599905,
      "method": "cd",
      "n_components": 12,
      "ridge_alpha": 0.04731957459914713
    },
    "4": {
      "alpha": 0.6424870384644795,
      "method": "cd",
      "n_components": 12,
      "ridge_alpha": 0.02290179586681418
    }
  },
  "config_origins": {
    "1": "Initial Design: Sobol",
    "2": "Initial Design: Sobol",
    "3": "Acquisition Function Maximizer: Random Search (sorted)",
    "4": "Acquisition Function Maximizer: Random Search (sorted)"
  }
}