{
  "stats": {
    "submitted": 10,
    "finished": 10,
    "running": 0
  },
  "data": [
    [
      1,
      null,
      209652396,
      null,
      0.05844771862030029,
      1.5873711109161377,
      1,
      1697133425.144602,
      1697133426.7327657,
      {}
    ],
    [
      1,
      null,
      398764591,
      null,
      0.057836294174194336,
      1.6023824214935303,
      1,
      1697133426.73533,
      1697133428.338658,
      {}
    ],
    [
      2,
      null,
      209652396,
      null,
      0.809435561299324,
      0.22275781631469727,
      1,
      1697133428.3407178,
      1697133428.564503,
      {}
    ],
    [
      2,
      null,
      398764591,
      null,
      0.809435561299324,
      0.22210288047790527,
      1,
      1697133428.5661514,
      1697133428.7889955,
      {}
    ],
    [
      1,
      null,
      924231285,
      null,
      0.057601988315582275,
      1.5860474109649658,
      1,
      1697133428.791096,
      1697133430.3779442,
      {}
    ],
    [
      3,
      null,
      209652396,
      null,
      0.09709823131561279,
      1.1247954368591309,
      1,
      1697133430.5854797,
      1697133431.7110434,
      {}
    ],
    [
      3,
      null,
      398764591,
      null,
      0.09581941366195679,
      1.1179656982421875,
      1,
      1697133431.71276,
      1697133432.8314576,
      {}
    ],
    [
      3,
      null,
      924231285,
      null,
      0.09034103155136108,
      1.142225980758667,
      1,
      1697133432.8331628,
      1697133433.9761238,
      {}
    ],
    [
      4,
      null,
      209652396,
      null,
      0.7659798860549927,
      1.227071762084961,
      1,
      1697133433.9785223,
      1697133435.2063046,
      {}
    ],
    [
      4,
      null,
      398764591,
      null,
      0.724030613899231,
      1.21099853515625,
      1,
      1697133435.2080905,
      1697133436.4198098,
      {}
    ]
  ],
  "configs": {
    "1": {
      "angle": 0.34019066896289585,
      "early_exaggeration": 32.92541129514575,
      "init": "random",
      "learning_rate": 219.65847463347018,
      "method": "exact",
      "n_components": 2,
      "n_iter": 970,
      "n_iter_without_progress": 499,
      "perplexity": 39.7460907464847
    },
    "2": {
      "angle": 0.7997621418908238,
      "early_exaggeration": 14.138102843426168,
      "init": "pca",
      "learning_rate": 596.0679089464247,
      "method": "barnes_hut",
      "n_components": 3,
      "n_iter": 322,
      "n_iter_without_progress": 197,
      "perplexity": 8.030356685630977
    },
    "3": {
      "angle": 0.6016989109276284,
      "early_exaggeration": 23.249644886046777,
      "init": "random",
      "learning_rate": 413.2254502943822,
      "method": "exact",
      "n_components": 2,
      "n_iter": 682,
      "n_iter_without_progress": 198,
      "perplexity": 21.76008179977033
    },
    "4": {
      "angle": 0.6424870384644795,
      "early_exaggeration": 44.67506505037982,
      "init": "random",
      "learning_rate": 140.95535659783684,
      "method": "exact",
      "n_components": 3,
      "n_iter": 698,
      "n_iter_without_progress": 262,
      "perplexity": 42.410712097310416
    }
  },
  "config_origins": {
    "1": "Initial Design: Sobol",
    "2": "Initial Design: Sobol",
    "3": "Acquisition Function Maximizer: Local Search",
    "4": "Acquisition Function Maximizer: Local Search"
  }
}