{
  "stats": {
    "submitted": 10,
    "finished": 10,
    "running": 0
  },
  "data": [
    [
      1,
      null,
      209652396,
      null,
      0.645204793349998,
      0.18228626251220703,
      1,
      1694796924.4374382,
      1694796924.6204782,
      {}
    ],
    [
      1,
      null,
      398764591,
      null,
      0.645204793349998,
      0.29497599601745605,
      1,
      1694796924.6227584,
      1694796924.918725,
      {}
    ],
    [
      2,
      null,
      209652396,
      null,
      0.6139018184589984,
      0.30831241607666016,
      1,
      1694796924.9211302,
      1694796925.2303681,
      {}
    ],
    [
      2,
      null,
      398764591,
      null,
      0.6139018184589984,
      0.35631489753723145,
      1,
      1694796925.232329,
      1694796925.589627,
      {}
    ],
    [
      2,
      null,
      924231285,
      null,
      0.6139018184589984,
      0.3416604995727539,
      1,
      1694796925.6007385,
      1694796925.9434118,
      {}
    ],
    [
      3,
      null,
      209652396,
      null,
      0.6139936459700782,
      0.12062621116638184,
      1,
      1694796926.164585,
      1694796926.2861202,
      {}
    ],
    [
      3,
      null,
      398764591,
      null,
      0.6139936459700782,
      0.10065126419067383,
      1,
      1694796926.2881107,
      1694796926.3896399,
      {}
    ],
    [
      3,
      null,
      924231285,
      null,
      0.6139936459700782,
      0.10396289825439453,
      1,
      1694796926.3915772,
      1694796926.4963653,
      {}
    ],
    [
      4,
      null,
      209652396,
      null,
      0.6139229144746414,
      0.10356760025024414,
      1,
      1694796926.499279,
      1694796926.603751,
      {}
    ],
    [
      4,
      null,
      398764591,
      null,
      0.6139229144746414,
      0.10183858871459961,
      1,
      1694796926.6059198,
      1694796926.7087183,
      {}
    ]
  ],
  "configs": {
    "1": {
      "batch_size": 28,
      "n_components": 3
    },
    "2": {
      "batch_size": 39,
      "n_components": 2
    },
    "3": {
      "batch_size": 33,
      "n_components": 2
    },
    "4": {
      "batch_size": 32,
      "n_components": 2
    }
  },
  "config_origins": {
    "1": "Initial Design: Sobol",
    "2": "Initial Design: Sobol",
    "3": "Acquisition Function Maximizer: Random Search (sorted)",
    "4": "Acquisition Function Maximizer: Local Search"
  }
}