{
  "stats": {
    "submitted": 10,
    "finished": 10,
    "running": 0
  },
  "data": [
    [
      1,
      null,
      209652396,
      null,
      0.0035121662638926306,
      1.3945879936218262,
      1,
      1694800245.4185073,
      1694800246.814393,
      {}
    ],
    [
      1,
      null,
      398764591,
      null,
      0.0035121662638926375,
      1.402228593826294,
      1,
      1694800246.8175473,
      1694800248.2210371,
      {}
    ],
    [
      2,
      null,
      209652396,
      null,
      5.684672370392667e-05,
      0.5983293056488037,
      1,
      1694800248.22403,
      1694800248.823702,
      {}
    ],
    [
      2,
      null,
      398764591,
      null,
      5.684672370392667e-05,
      0.5032505989074707,
      1,
      1694800248.8260267,
      1694800249.3304098,
      {}
    ],
    [
      2,
      null,
      924231285,
      null,
      2.7935005051020467e-05,
      0.5068559646606445,
      1,
      1694800249.3337605,
      1694800249.8417552,
      {}
    ],
    [
      3,
      null,
      209652396,
      null,
      0.0006609088708819154,
      0.4923839569091797,
      1,
      1694800250.0639699,
      1694800250.5574374,
      {}
    ],
    [
      3,
      null,
      398764591,
      null,
      0.0016480821532397633,
      0.5083215236663818,
      1,
      1694800250.5597448,
      1694800251.069106,
      {}
    ],
    [
      3,
      null,
      924231285,
      null,
      0.0016480821532397695,
      0.4825105667114258,
      1,
      1694800251.071623,
      1694800251.555244,
      {}
    ],
    [
      4,
      null,
      209652396,
      null,
      0.004248620688991909,
      1.1524794101715088,
      1,
      1694800251.558871,
      1694800252.7124615,
      {}
    ],
    [
      4,
      null,
      398764591,
      null,
      0.004248620688991928,
      1.3282828330993652,
      1,
      1694800252.7150257,
      1694800254.0444071,
      {}
    ]
  ],
  "configs": {
    "1": {
      "alpha": 0.34019066896289585,
      "batch_size": 4,
      "method": "lars",
      "n_components": 2,
      "ridge_alpha": 0.08752058510668576
    },
    "2": {
      "alpha": 0.9592367018572986,
      "batch_size": 3,
      "method": "cd",
      "n_components": 5,
      "ridge_alpha": 0.010323922336101533
    },
    "3": {
      "alpha": 0.6692368935768862,
      "batch_size": 3,
      "method": "cd",
      "n_components": 5,
      "ridge_alpha": 0.05822348495124742
    },
    "4": {
      "alpha": 0.7050068290793763,
      "batch_size": 3,
      "method": "lars",
      "n_components": 5,
      "ridge_alpha": 0.09689966028103238
    }
  },
  "config_origins": {
    "1": "Initial Design: Sobol",
    "2": "Initial Design: Sobol",
    "3": "Acquisition Function Maximizer: Local Search",
    "4": "Acquisition Function Maximizer: Local Search"
  }
}