{
  "incumbent_ids": [
    3
  ],
  "rejected_config_ids": [
    1
  ],
  "incumbents_changed": 2,
  "trajectory": [
    {
      "config_ids": [
        1
      ],
      "costs": [
        0.5991382023265306
      ],
      "trial": 1,
      "walltime": 0.03680157661437988
    },
    {
      "config_ids": [
        3
      ],
      "costs": [
        0.543138974347826
      ],
      "trial": 8,
      "walltime": 0.41529035568237305
    }
  ],
  "state": {
    "queue": [
      [
        4,
        2
      ]
    ]
  }
}