{
  "incumbent_ids": [
    3
  ],
  "rejected_config_ids": [
    1
  ],
  "incumbents_changed": 2,
  "trajectory": [
    {
      "config_ids": [
        1
      ],
      "costs": [
        0.09342298892734857
      ],
      "trial": 1,
      "walltime": 0.03634333610534668
    },
    {
      "config_ids": [
        3
      ],
      "costs": [
        0.08013617444178407
      ],
      "trial": 8,
      "walltime": 0.416853666305542
    }
  ],
  "state": {
    "queue": [
      [
        4,
        2
      ]
    ]
  }
}