{
  "stats": {
    "submitted": 10,
    "finished": 10,
    "running": 0
  },
  "data": [
    [
      1,
      null,
      209652396,
      null,
      0.09342298892734857,
      0.03443765640258789,
      1,
      1695997455.1346517,
      1695997455.16977,
      {}
    ],
    [
      1,
      null,
      398764591,
      null,
      0.09342298995618936,
      0.03400897979736328,
      1,
      1695997455.1716738,
      1695997455.2063425,
      {}
    ],
    [
      2,
      null,
      209652396,
      null,
      0.11179336938762541,
      0.03416705131530762,
      1,
      1695997455.208065,
      1695997455.2428927,
      {}
    ],
    [
      2,
      null,
      398764591,
      null,
      0.11179336938762541,
      0.03426337242126465,
      1,
      1695997455.244528,
      1695997455.2794569,
      {}
    ],
    [
      1,
      null,
      924231285,
      null,
      0.09342298796875481,
      0.03413987159729004,
      1,
      1695997455.2813897,
      1695997455.316178,
      {}
    ],
    [
      3,
      null,
      209652396,
      null,
      0.08013617443852694,
      0.033979177474975586,
      1,
      1695997455.4430692,
      1695997455.477708,
      {}
    ],
    [
      3,
      null,
      398764591,
      null,
      0.08013617444326626,
      0.033766984939575195,
      1,
      1695997455.479422,
      1695997455.5138626,
      {}
    ],
    [
      3,
      null,
      924231285,
      null,
      0.08013617444355903,
      0.033720970153808594,
      1,
      1695997455.5156024,
      1695997455.5499907,
      {}
    ],
    [
      4,
      null,
      209652396,
      null,
      0.09961319922031497,
      0.0346369743347168,
      1,
      1695997455.5525548,
      1695997455.5878663,
      {}
    ],
    [
      4,
      null,
      398764591,
      null,
      0.09961319922031509,
      0.034082651138305664,
      1,
      1695997455.5896428,
      1695997455.6243856,
      {}
    ]
  ],
  "configs": {
    "1": {
      "n_components": 4,
      "n_iter": 6,
      "n_oversamples": 3,
      "power_iteration_normalizer": "auto"
    },
    "2": {
      "n_components": 9,
      "n_iter": 4,
      "n_oversamples": 8,
      "power_iteration_normalizer": "OR"
    },
    "3": {
      "n_components": 3,
      "n_iter": 6,
      "n_oversamples": 5,
      "power_iteration_normalizer": "auto"
    },
    "4": {
      "n_components": 5,
      "n_iter": 7,
      "n_oversamples": 5,
      "power_iteration_normalizer": "auto"
    }
  },
  "config_origins": {
    "1": "Initial Design: Sobol",
    "2": "Initial Design: Sobol",
    "3": "Acquisition Function Maximizer: Local Search",
    "4": "Acquisition Function Maximizer: Local Search"
  }
}