{
  "incumbent_ids": [
    2
  ],
  "rejected_config_ids": [
    1
  ],
  "incumbents_changed": 2,
  "trajectory": [
    {
      "config_ids": [
        1
      ],
      "costs": [
        0.4848991328912119
      ],
      "trial": 1,
      "walltime": 0.02209925651550293
    },
    {
      "config_ids": [
        2
      ],
      "costs": [
        0.46762801086924877
      ],
      "trial": 4,
      "walltime": 0.08977150917053223
    }
  ],
  "state": {
    "queue": [
      [
        4,
        2
      ]
    ]
  }
}