{
  "stats": {
    "submitted": 10,
    "finished": 10,
    "running": 0
  },
  "data": [
    [
      1,
      null,
      209652396,
      null,
      0.4848991328912119,
      0.020745515823364258,
      1,
      1695829627.1451688,
      1695829627.1664228,
      {}
    ],
    [
      1,
      null,
      398764591,
      null,
      0.4848991328912119,
      0.020108938217163086,
      1,
      1695829627.1678007,
      1695829627.188413,
      {}
    ],
    [
      2,
      null,
      209652396,
      null,
      0.46762801086924877,
      0.019595623016357422,
      1,
      1695829627.1898093,
      1695829627.209914,
      {}
    ],
    [
      2,
      null,
      398764591,
      null,
      0.46762801086924877,
      0.02218341827392578,
      1,
      1695829627.2111619,
      1695829627.2338462,
      {}
    ],
    [
      2,
      null,
      924231285,
      null,
      0.46762801086924877,
      0.019692182540893555,
      1,
      1695829627.2355423,
      1695829627.2557354,
      {}
    ],
    [
      3,
      null,
      209652396,
      null,
      0.4752418838726934,
      0.020269155502319336,
      1,
      1695829627.3501337,
      1695829627.370898,
      {}
    ],
    [
      3,
      null,
      398764591,
      null,
      0.4752418838726934,
      0.020075321197509766,
      1,
      1695829627.3722928,
      1695829627.3928819,
      {}
    ],
    [
      3,
      null,
      924231285,
      null,
      0.4752418838726934,
      0.019786596298217773,
      1,
      1695829627.3943086,
      1695829627.4145987,
      {}
    ],
    [
      4,
      null,
      209652396,
      null,
      0.4566076824353381,
      0.019014358520507812,
      1,
      1695829627.4164205,
      1695829627.4359324,
      {}
    ],
    [
      4,
      null,
      398764591,
      null,
      0.4566076824353381,
      0.021315336227416992,
      1,
      1695829627.4373443,
      1695829627.459161,
      {}
    ]
  ],
  "configs": {
    "1": {
      "batch_size": 78,
      "n_components": 10
    },
    "2": {
      "batch_size": 89,
      "n_components": 4
    },
    "3": {
      "batch_size": 92,
      "n_components": 6
    },
    "4": {
      "batch_size": 86,
      "n_components": 2
    }
  },
  "config_origins": {
    "1": "Initial Design: Sobol",
    "2": "Initial Design: Sobol",
    "3": "Acquisition Function Maximizer: Random Search (sorted)",
    "4": "Acquisition Function Maximizer: Local Search"
  }
}