{
  "stats": {
    "submitted": 10,
    "finished": 10,
    "running": 0
  },
  "data": [
    [
      1,
      null,
      209652396,
      null,
      0.00043415324575820074,
      0.011861801147460938,
      1,
      1694800245.0830088,
      1694800245.0958734,
      {}
    ],
    [
      1,
      null,
      398764591,
      null,
      0.00043415324575820074,
      0.011753559112548828,
      1,
      1694800245.0982735,
      1694800245.1111631,
      {}
    ],
    [
      2,
      null,
      209652396,
      null,
      0.0017638290935409078,
      0.008549690246582031,
      1,
      1694800245.1135314,
      1694800245.1231325,
      {}
    ],
    [
      2,
      null,
      398764591,
      null,
      0.0017638290935409078,
      0.00980520248413086,
      1,
      1694800245.1253808,
      1694800245.1363,
      {}
    ],
    [
      1,
      null,
      924231285,
      null,
      0.00043415324575820074,
      0.013038396835327148,
      1,
      1694800245.1392114,
      1694800245.1533597,
      {}
    ],
    [
      3,
      null,
      209652396,
      null,
      0.0008491768404933506,
      0.011562108993530273,
      1,
      1694800245.3391871,
      1694800245.351905,
      {}
    ],
    [
      3,
      null,
      398764591,
      null,
      0.0005530334345234066,
      0.0066225528717041016,
      1,
      1694800245.3549042,
      1694800245.3627799,
      {}
    ],
    [
      3,
      null,
      924231285,
      null,
      0.0005530334345234075,
      0.0043299198150634766,
      1,
      1694800245.3654444,
      1694800245.370919,
      {}
    ],
    [
      4,
      null,
      209652396,
      null,
      0.0001346861724453227,
      0.008097171783447266,
      1,
      1694800245.3742466,
      1694800245.383428,
      {}
    ],
    [
      4,
      null,
      398764591,
      null,
      0.0001346861724453237,
      0.004892587661743164,
      1,
      1694800245.3859892,
      1694800245.391987,
      {}
    ]
  ],
  "configs": {
    "1": {
      "alpha": 0.34019066896289585,
      "method": "cd",
      "n_components": 2,
      "ridge_alpha": 0.029059861330315476
    },
    "2": {
      "alpha": 0.8744391072541475,
      "method": "lars",
      "n_components": 4,
      "ridge_alpha": 0.06035465487278999
    },
    "3": {
      "alpha": 0.6813047017599905,
      "method": "cd",
      "n_components": 5,
      "ridge_alpha": 0.04731957459914713
    },
    "4": {
      "alpha": 0.6424870384644795,
      "method": "cd",
      "n_components": 5,
      "ridge_alpha": 0.02290179586681418
    }
  },
  "config_origins": {
    "1": "Initial Design: Sobol",
    "2": "Initial Design: Sobol",
    "3": "Acquisition Function Maximizer: Random Search (sorted)",
    "4": "Acquisition Function Maximizer: Random Search (sorted)"
  }
}