{
  "incumbent_ids": [
    2
  ],
  "rejected_config_ids": [
    1
  ],
  "incumbents_changed": 2,
  "trajectory": [
    {
      "config_ids": [
        1
      ],
      "costs": [
        0.5204680191888652
      ],
      "trial": 1,
      "walltime": 0.17807960510253906
    },
    {
      "config_ids": [
        2
      ],
      "costs": [
        0.4351056847206635
      ],
      "trial": 4,
      "walltime": 0.630317211151123
    }
  ],
  "state": {
    "queue": [
      [
        4,
        2
      ]
    ]
  }
}