{
  "stats": {
    "submitted": 10,
    "finished": 10,
    "running": 0
  },
  "data": [
    [
      1,
      null,
      209652396,
      null,
      0.5204680191888652,
      0.1750781536102295,
      1,
      1694796928.4944084,
      1694796928.6707098,
      {}
    ],
    [
      1,
      null,
      398764591,
      null,
      0.6034717952481268,
      0.1381826400756836,
      1,
      1694796928.6733968,
      1694796928.8128326,
      {}
    ],
    [
      2,
      null,
      209652396,
      null,
      0.43510568398966576,
      0.15060019493103027,
      1,
      1694796928.8154745,
      1694796928.9673803,
      {}
    ],
    [
      2,
      null,
      398764591,
      null,
      0.4351056854516613,
      0.1512753963470459,
      1,
      1694796928.9697237,
      1694796929.1222522,
      {}
    ],
    [
      2,
      null,
      924231285,
      null,
      0.43510567913067844,
      0.16921567916870117,
      1,
      1694796929.1259096,
      1694796929.2963583,
      {}
    ],
    [
      3,
      null,
      209652396,
      null,
      0.45335072882676897,
      0.2359015941619873,
      1,
      1694796929.58343,
      1694796929.8206754,
      {}
    ],
    [
      3,
      null,
      398764591,
      null,
      0.45335072780977936,
      0.19767403602600098,
      1,
      1694796929.823745,
      1694796930.0227945,
      {}
    ],
    [
      3,
      null,
      924231285,
      null,
      0.45335072849934976,
      0.19366979598999023,
      1,
      1694796930.0257103,
      1694796930.2207615,
      {}
    ],
    [
      4,
      null,
      209652396,
      null,
      0.45329362101198223,
      0.20685410499572754,
      1,
      1694796930.2249591,
      1694796930.4332137,
      {}
    ],
    [
      4,
      null,
      398764591,
      null,
      0.4532936186552988,
      0.19091796875,
      1,
      1694796930.436033,
      1694796930.6282623,
      {}
    ]
  ],
  "configs": {
    "1": {
      "alpha_W": 0.2668785210698843,
      "batch_size": 1279,
      "beta_loss": "frobenius",
      "init": "random",
      "l1_ratio": 0.8613398345187306,
      "n_components": 3
    },
    "2": {
      "alpha_W": 0.6414948515594006,
      "batch_size": 304,
      "beta_loss": "itakura-saito",
      "init": "nndsvdar",
      "l1_ratio": 0.39195177610963583,
      "n_components": 4
    },
    "3": {
      "alpha_W": 0.8917730007820798,
      "batch_size": 265,
      "beta_loss": "itakura-saito",
      "init": "nndsvdar",
      "l1_ratio": 0.6818202991034834,
      "n_components": 2
    },
    "4": {
      "alpha_W": 0.8954457048806752,
      "batch_size": 325,
      "beta_loss": "itakura-saito",
      "init": "nndsvdar",
      "l1_ratio": 0.6990754547226703,
      "n_components": 2
    }
  },
  "config_origins": {
    "1": "Initial Design: Sobol",
    "2": "Initial Design: Sobol",
    "3": "Acquisition Function Maximizer: Random Search (sorted)",
    "4": "Acquisition Function Maximizer: Local Search"
  }
}