{
  "stats": {
    "submitted": 10,
    "finished": 10,
    "running": 0
  },
  "data": [
    [
      1,
      null,
      209652396,
      null,
      0.5761376470824076,
      0.12654829025268555,
      1,
      1694796922.8357773,
      1694796922.9634204,
      {}
    ],
    [
      1,
      null,
      398764591,
      null,
      0.576137647082411,
      0.12380456924438477,
      1,
      1694796922.965613,
      1694796923.0904982,
      {}
    ],
    [
      2,
      null,
      209652396,
      null,
      0.7026618587921344,
      0.13059473037719727,
      1,
      1694796923.0926669,
      1694796923.2243598,
      {}
    ],
    [
      2,
      null,
      398764591,
      null,
      0.7026618587921338,
      0.13114666938781738,
      1,
      1694796923.2266288,
      1694796923.3589213,
      {}
    ],
    [
      1,
      null,
      924231285,
      null,
      0.5761376470824107,
      0.12223505973815918,
      1,
      1694796923.3617318,
      1694796923.485062,
      {}
    ],
    [
      3,
      null,
      209652396,
      null,
      0.5761376470824022,
      0.12308812141418457,
      1,
      1694796923.6502612,
      1694796923.774486,
      {}
    ],
    [
      3,
      null,
      398764591,
      null,
      0.576137647082412,
      0.12350988388061523,
      1,
      1694796923.7766697,
      1694796923.9012926,
      {}
    ],
    [
      3,
      null,
      924231285,
      null,
      0.5761376470824106,
      0.1345045566558838,
      1,
      1694796923.9037678,
      1694796924.0394325,
      {}
    ],
    [
      4,
      null,
      209652396,
      null,
      0.5761376470824089,
      0.12708115577697754,
      1,
      1694796924.0431457,
      1694796924.1713657,
      {}
    ],
    [
      4,
      null,
      398764591,
      null,
      0.5761376470824118,
      0.12703919410705566,
      1,
      1694796924.1738605,
      1694796924.3019838,
      {}
    ]
  ],
  "configs": {
    "1": {
      "n_components": 2,
      "n_iter": 6,
      "n_oversamples": 3,
      "power_iteration_normalizer": "auto"
    },
    "2": {
      "n_components": 4,
      "n_iter": 4,
      "n_oversamples": 8,
      "power_iteration_normalizer": "OR"
    },
    "3": {
      "n_components": 2,
      "n_iter": 5,
      "n_oversamples": 7,
      "power_iteration_normalizer": "auto"
    },
    "4": {
      "n_components": 2,
      "n_iter": 6,
      "n_oversamples": 7,
      "power_iteration_normalizer": "auto"
    }
  },
  "config_origins": {
    "1": "Initial Design: Sobol",
    "2": "Initial Design: Sobol",
    "3": "Acquisition Function Maximizer: Local Search",
    "4": "Acquisition Function Maximizer: Local Search"
  }
}