{
  "stats": {
    "submitted": 2,
    "finished": 2,
    "running": 0
  },
  "data": [
    [
      1,
      null,
      209652396,
      null,
      0.08854211197562789,
      4.409680604934692,
      1,
      1695169089.7673373,
      1695169094.178146,
      {}
    ],
    [
      1,
      null,
      398764591,
      null,
      0.08854211197562789,
      4.184128522872925,
      1,
      1695169094.180806,
      1695169098.3764737,
      {}
    ]
  ],
  "configs": {
    "1": {
      "alpha": 0.34019066896289585,
      "method": "cd",
      "n_components": 12,
      "ridge_alpha": 0.029059861330315476
    }
  },
  "config_origins": {
    "1": "Initial Design: Sobol"
  }
}