{
  "incumbent_ids": [
    3
  ],
  "rejected_config_ids": [
    1,
    2
  ],
  "incumbents_changed": 3,
  "trajectory": [
    {
      "config_ids": [
        1
      ],
      "costs": [
        0.6255226138888978
      ],
      "trial": 1,
      "walltime": 0.10680985450744629
    },
    {
      "config_ids": [
        2
      ],
      "costs": [
        0.6160662980897623
      ],
      "trial": 4,
      "walltime": 0.48905158042907715
    },
    {
      "config_ids": [
        3
      ],
      "costs": [
        0.6149126910398246
      ],
      "trial": 8,
      "walltime": 1.2020533084869385
    }
  ],
  "state": {
    "queue": [
      [
        4,
        2
      ]
    ]
  }
}