{
  "stats": {
    "submitted": 10,
    "finished": 10,
    "running": 0
  },
  "data": [
    [
      1,
      null,
      209652396,
      null,
      0.4348189474389952,
      0.09057259559631348,
      1,
      1696443652.6789837,
      1696443652.7701447,
      {}
    ],
    [
      1,
      null,
      398764591,
      null,
      0.4348189474389952,
      0.08933353424072266,
      1,
      1696443652.7716959,
      1696443652.8615992,
      {}
    ],
    [
      2,
      null,
      209652396,
      null,
      0.5132494649786167,
      0.10364866256713867,
      1,
      1696443652.863127,
      1696443652.9673433,
      {}
    ],
    [
      2,
      null,
      398764591,
      null,
      0.5132494649786167,
      0.1035773754119873,
      1,
      1696443652.9687302,
      1696443653.0728917,
      {}
    ],
    [
      1,
      null,
      924231285,
      null,
      0.4348189474389952,
      0.08863234519958496,
      1,
      1696443653.074676,
      1696443653.1638744,
      {}
    ],
    [
      3,
      null,
      209652396,
      null,
      0.5530867047865924,
      0.046225547790527344,
      1,
      1696443653.267565,
      1696443653.314352,
      {}
    ],
    [
      3,
      null,
      398764591,
      null,
      0.5530867047865924,
      0.04599928855895996,
      1,
      1696443653.315858,
      1696443653.3624215,
      {}
    ],
    [
      3,
      null,
      924231285,
      null,
      0.5530867047865924,
      0.04572296142578125,
      1,
      1696443653.3639202,
      1696443653.4102087,
      {}
    ],
    [
      4,
      null,
      209652396,
      null,
      0.5530867047865924,
      0.04726743698120117,
      1,
      1696443653.412123,
      1696443653.4599493,
      {}
    ],
    [
      4,
      null,
      398764591,
      null,
      0.5530867047865924,
      0.04744601249694824,
      1,
      1696443653.4614224,
      1696443653.5094283,
      {}
    ]
  ],
  "configs": {
    "1": {
      "alpha": 0.34019066896289585,
      "method": "cd",
      "n_components": 2,
      "ridge_alpha": 0.029059861330315476
    },
    "2": {
      "alpha": 0.8744391072541475,
      "method": "lars",
      "n_components": 3,
      "ridge_alpha": 0.06035465487278999
    },
    "3": {
      "alpha": 0.6813047017599905,
      "method": "cd",
      "n_components": 4,
      "ridge_alpha": 0.04731957459914713
    },
    "4": {
      "alpha": 0.6424870384644795,
      "method": "cd",
      "n_components": 4,
      "ridge_alpha": 0.02290179586681418
    }
  },
  "config_origins": {
    "1": "Initial Design: Sobol",
    "2": "Initial Design: Sobol",
    "3": "Acquisition Function Maximizer: Random Search (sorted)",
    "4": "Acquisition Function Maximizer: Random Search (sorted)"
  }
}