{
  "incumbent_ids": [
    3
  ],
  "rejected_config_ids": [
    1
  ],
  "incumbents_changed": 2,
  "trajectory": [
    {
      "config_ids": [
        1
      ],
      "costs": [
        0.5591752894307542
      ],
      "trial": 1,
      "walltime": 0.0363316535949707
    },
    {
      "config_ids": [
        3
      ],
      "costs": [
        0.559175289430754
      ],
      "trial": 8,
      "walltime": 0.39826202392578125
    }
  ],
  "state": {
    "queue": [
      [
        4,
        2
      ]
    ]
  }
}