{
  "stats": {
    "submitted": 10,
    "finished": 10,
    "running": 0
  },
  "data": [
    [
      1,
      null,
      209652396,
      null,
      0.5591752894307542,
      0.03473353385925293,
      1,
      1696443515.3627374,
      1696443515.3980823,
      {}
    ],
    [
      1,
      null,
      398764591,
      null,
      0.5591752894307538,
      0.03437495231628418,
      1,
      1696443515.3996818,
      1696443515.4346976,
      {}
    ],
    [
      2,
      null,
      209652396,
      null,
      0.5591752894307542,
      0.034525156021118164,
      1,
      1696443515.4362931,
      1696443515.471458,
      {}
    ],
    [
      2,
      null,
      398764591,
      null,
      0.5591752894307541,
      0.03382301330566406,
      1,
      1696443515.4729047,
      1696443515.5073674,
      {}
    ],
    [
      1,
      null,
      924231285,
      null,
      0.5591752894307542,
      0.03413677215576172,
      1,
      1696443515.509179,
      1696443515.5439382,
      {}
    ],
    [
      3,
      null,
      209652396,
      null,
      0.5591752894307539,
      0.03442263603210449,
      1,
      1696443515.6522174,
      1696443515.6872454,
      {}
    ],
    [
      3,
      null,
      398764591,
      null,
      0.5591752894307542,
      0.0337069034576416,
      1,
      1696443515.6887715,
      1696443515.7231097,
      {}
    ],
    [
      3,
      null,
      924231285,
      null,
      0.559175289430754,
      0.03428292274475098,
      1,
      1696443515.7246199,
      1696443515.759547,
      {}
    ],
    [
      4,
      null,
      209652396,
      null,
      0.559175289430754,
      0.03391599655151367,
      1,
      1696443515.76202,
      1696443515.7965715,
      {}
    ],
    [
      4,
      null,
      398764591,
      null,
      0.5591752894307541,
      0.03391289710998535,
      1,
      1696443515.7982075,
      1696443515.8327477,
      {}
    ]
  ],
  "configs": {
    "1": {
      "n_components": 6,
      "n_iter": 6,
      "n_oversamples": 3,
      "power_iteration_normalizer": "auto"
    },
    "2": {
      "n_components": 16,
      "n_iter": 4,
      "n_oversamples": 8,
      "power_iteration_normalizer": "OR"
    },
    "3": {
      "n_components": 12,
      "n_iter": 6,
      "n_oversamples": 10,
      "power_iteration_normalizer": "auto"
    },
    "4": {
      "n_components": 11,
      "n_iter": 7,
      "n_oversamples": 3,
      "power_iteration_normalizer": "auto"
    }
  },
  "config_origins": {
    "1": "Initial Design: Sobol",
    "2": "Initial Design: Sobol",
    "3": "Acquisition Function Maximizer: Random Search (sorted)",
    "4": "Acquisition Function Maximizer: Random Search (sorted)"
  }
}