{
  "stats": {
    "submitted": 10,
    "finished": 10,
    "running": 0
  },
  "data": [
    [
      1,
      null,
      209652396,
      null,
      0.6236785134516003,
      2.0210225582122803,
      1,
      1694793740.897506,
      1694793742.919601,
      {}
    ],
    [
      1,
      null,
      398764591,
      null,
      0.6236785134516003,
      1.8416111469268799,
      1,
      1694793742.922323,
      1694793744.7651062,
      {}
    ],
    [
      2,
      null,
      209652396,
      null,
      0.702661858792134,
      0.7629411220550537,
      1,
      1694793744.7679296,
      1694793745.532058,
      {}
    ],
    [
      2,
      null,
      398764591,
      null,
      0.702661858792134,
      0.7945201396942139,
      1,
      1694793745.5343785,
      1694793746.3300831,
      {}
    ],
    [
      1,
      null,
      924231285,
      null,
      0.6236785134516012,
      1.7895450592041016,
      1,
      1694793746.3331125,
      1694793748.1237552,
      {}
    ],
    [
      3,
      null,
      209652396,
      null,
      0.6733926648667357,
      2.256742000579834,
      1,
      1694793748.3351731,
      1694793750.5930562,
      {}
    ],
    [
      3,
      null,
      398764591,
      null,
      0.6733926648365987,
      2.235757827758789,
      1,
      1694793750.5954192,
      1694793752.8322575,
      {}
    ],
    [
      3,
      null,
      924231285,
      null,
      0.6733926648365985,
      2.354116916656494,
      1,
      1694793752.8345425,
      1694793755.1897378,
      {}
    ],
    [
      4,
      null,
      209652396,
      null,
      0.6703580454106419,
      1.8210361003875732,
      1,
      1694793755.1929348,
      1694793757.0151145,
      {}
    ],
    [
      4,
      null,
      398764591,
      null,
      0.6703580454106419,
      1.8002150058746338,
      1,
      1694793757.0176044,
      1694793758.8189602,
      {}
    ]
  ],
  "configs": {
    "1": {
      "alpha": 0.34019066896289585,
      "batch_size": 4,
      "method": "lars",
      "n_components": 2,
      "ridge_alpha": 0.08752058510668576
    },
    "2": {
      "alpha": 0.9592367018572986,
      "batch_size": 3,
      "method": "cd",
      "n_components": 5,
      "ridge_alpha": 0.010323922336101533
    },
    "3": {
      "alpha": 0.42303600041586653,
      "batch_size": 5,
      "method": "lars",
      "n_components": 3,
      "ridge_alpha": 0.08759092868715065
    },
    "4": {
      "alpha": 0.6114348379662504,
      "batch_size": 4,
      "method": "lars",
      "n_components": 3,
      "ridge_alpha": 0.07462686736436992
    }
  },
  "config_origins": {
    "1": "Initial Design: Sobol",
    "2": "Initial Design: Sobol",
    "3": "Acquisition Function Maximizer: Local Search",
    "4": "Acquisition Function Maximizer: Local Search"
  }
}