{
  "stats": {
    "submitted": 10,
    "finished": 10,
    "running": 0
  },
  "data": [
    [
      1,
      null,
      209652396,
      null,
      0.6236785134516005,
      1.1091749668121338,
      1,
      1694795546.4343307,
      1694795547.5441334,
      {}
    ],
    [
      1,
      null,
      398764591,
      null,
      0.6236785134516006,
      1.1075246334075928,
      1,
      1694795547.5457306,
      1694795548.6539142,
      {}
    ],
    [
      2,
      null,
      209652396,
      null,
      0.6774763297776311,
      0.34940409660339355,
      1,
      1694795548.655845,
      1694795549.005932,
      {}
    ],
    [
      2,
      null,
      398764591,
      null,
      0.7170742935030989,
      0.34641098976135254,
      1,
      1694795549.0074115,
      1694795549.354433,
      {}
    ],
    [
      1,
      null,
      924231285,
      null,
      0.6236785134516004,
      1.1059002876281738,
      1,
      1694795549.356289,
      1694795550.4627955,
      {}
    ],
    [
      3,
      null,
      209652396,
      null,
      0.6243182970143728,
      1.1065075397491455,
      1,
      1694795550.582497,
      1694795551.6895986,
      {}
    ],
    [
      3,
      null,
      398764591,
      null,
      0.6243182970143725,
      1.0962934494018555,
      1,
      1694795551.6911504,
      1694795552.7880497,
      {}
    ],
    [
      3,
      null,
      924231285,
      null,
      0.6243182970143726,
      1.1015355587005615,
      1,
      1694795552.789606,
      1694795553.8917692,
      {}
    ],
    [
      4,
      null,
      209652396,
      null,
      0.6244843334143437,
      1.145679235458374,
      1,
      1694795553.8940027,
      1694795555.040356,
      {}
    ],
    [
      4,
      null,
      398764591,
      null,
      0.6244843334143435,
      1.153822898864746,
      1,
      1694795555.042307,
      1694795556.1967938,
      {}
    ]
  ],
  "configs": {
    "1": {
      "alpha": 0.34019066896289585,
      "batch_size": 4,
      "method": "lars",
      "n_components": 2,
      "ridge_alpha": 0.08752058510668576
    },
    "2": {
      "alpha": 0.9592367018572986,
      "batch_size": 3,
      "method": "cd",
      "n_components": 4,
      "ridge_alpha": 0.010323922336101533
    },
    "3": {
      "alpha": 0.5732233621261044,
      "batch_size": 4,
      "method": "lars",
      "n_components": 2,
      "ridge_alpha": 0.030891143071184228
    },
    "4": {
      "alpha": 0.5518540022734556,
      "batch_size": 5,
      "method": "lars",
      "n_components": 2,
      "ridge_alpha": 0.06832828197369024
    }
  },
  "config_origins": {
    "1": "Initial Design: Sobol",
    "2": "Initial Design: Sobol",
    "3": "Acquisition Function Maximizer: Local Search",
    "4": "Acquisition Function Maximizer: Local Search"
  }
}