{
  "stats": {
    "submitted": 47,
    "finished": 47,
    "running": 0
  },
  "data": [
    [
      1,
      null,
      209652396,
      null,
      0.4921917603668323,
      0.47211623191833496,
      1,
      1703641257.853736,
      1703641258.3265684,
      {}
    ],
    [
      1,
      null,
      398764591,
      null,
      0.490344628978054,
      0.27320146560668945,
      1,
      1703641258.328215,
      1703641258.602232,
      {}
    ],
    [
      2,
      null,
      209652396,
      null,
      0.4871928742674886,
      0.6334178447723389,
      1,
      1703641258.6038792,
      1703641259.2381053,
      {}
    ],
    [
      2,
      null,
      398764591,
      null,
      0.48750187051179705,
      0.3738703727722168,
      1,
      1703641259.239682,
      1703641259.614363,
      {}
    ],
    [
      2,
      null,
      924231285,
      null,
      0.48916977205969514,
      0.6903536319732666,
      1,
      1703641259.6166382,
      1703641260.3078053,
      {}
    ],
    [
      3,
      null,
      209652396,
      null,
      0.4912874944453036,
      0.6606981754302979,
      1,
      1703641260.3097737,
      1703641260.9712825,
      {}
    ],
    [
      3,
      null,
      398764591,
      null,
      0.4912269547583088,
      0.8170883655548096,
      1,
      1703641260.97306,
      1703641261.7909484,
      {}
    ],
    [
      3,
      null,
      924231285,
      null,
      0.49126318163974014,
      0.5257501602172852,
      1,
      1703641261.7927501,
      1703641262.3193076,
      {}
    ],
    [
      4,
      null,
      209652396,
      null,
      0.48553644157761966,
      0.3070027828216553,
      1,
      1703641262.3216903,
      1703641262.6295033,
      {}
    ],
    [
      4,
      null,
      398764591,
      null,
      0.4853863977306122,
      0.35869479179382324,
      1,
      1703641262.6313334,
      1703641262.9908261,
      {}
    ],
    [
      4,
      null,
      924231285,
      null,
      0.48538425239080496,
      0.34046363830566406,
      1,
      1703641262.9961507,
      1703641263.3374162,
      {}
    ],
    [
      5,
      null,
      209652396,
      null,
      0.49117675547607687,
      1.0453145503997803,
      1,
      1703641263.340101,
      1703641264.3862422,
      {}
    ],
    [
      5,
      null,
      398764591,
      null,
      0.49301660993891905,
      1.442955493927002,
      1,
      1703641264.4130428,
      1703641265.85787,
      {}
    ],
    [
      5,
      null,
      924231285,
      null,
      0.4911169355547187,
      1.2321853637695312,
      1,
      1703641265.8599572,
      1703641267.0928643,
      {}
    ],
    [
      6,
      null,
      209652396,
      null,
      0.48166826297482546,
      1.5619421005249023,
      1,
      1703641267.3151426,
      1703641268.8776224,
      {}
    ],
    [
      6,
      null,
      398764591,
      null,
      0.4817450401801322,
      1.0089097023010254,
      1,
      1703641268.8818047,
      1703641269.8915427,
      {}
    ],
    [
      6,
      null,
      924231285,
      null,
      0.4820219907025508,
      1.0012261867523193,
      1,
      1703641269.8955119,
      1703641270.8974767,
      {}
    ],
    [
      7,
      null,
      209652396,
      null,
      0.47563622702652253,
      0.9524831771850586,
      1,
      1703641270.9002311,
      1703641271.8576784,
      {}
    ],
    [
      7,
      null,
      398764591,
      null,
      0.4756858646267844,
      0.3345773220062256,
      1,
      1703641271.8597653,
      1703641272.1950924,
      {}
    ],
    [
      7,
      null,
      924231285,
      null,
      0.47585684935250205,
      0.4881706237792969,
      1,
      1703641272.1969504,
      1703641272.6858716,
      {}
    ],
    [
      8,
      null,
      209652396,
      null,
      0.483416818983502,
      2.0185720920562744,
      1,
      1703641272.6891143,
      1703641274.708488,
      {}
    ],
    [
      8,
      null,
      398764591,
      null,
      0.48167932622576226,
      0.9955637454986572,
      1,
      1703641274.712848,
      1703641275.7092185,
      {}
    ],
    [
      8,
      null,
      924231285,
      null,
      0.48162121863820884,
      0.3856239318847656,
      1,
      1703641275.7114828,
      1703641276.097904,
      {}
    ],
    [
      9,
      null,
      209652396,
      null,
      0.47590191679159477,
      1.329026460647583,
      1,
      1703641276.100971,
      1703641277.4308012,
      {}
    ],
    [
      9,
      null,
      398764591,
      null,
      0.47571498632712017,
      1.0310931205749512,
      1,
      1703641277.4332054,
      1703641278.4651203,
      {}
    ],
    [
      9,
      null,
      924231285,
      null,
      0.4760081221852306,
      0.5016508102416992,
      1,
      1703641278.4676826,
      1703641278.9701345,
      {}
    ],
    [
      10,
      null,
      209652396,
      null,
      0.47607998464532675,
      0.3316638469696045,
      1,
      1703641278.973315,
      1703641279.305738,
      {}
    ],
    [
      10,
      null,
      398764591,
      null,
      0.4753595303489181,
      0.3021848201751709,
      1,
      1703641279.307887,
      1703641279.610838,
      {}
    ],
    [
      10,
      null,
      924231285,
      null,
      0.4740673486027488,
      0.2542448043823242,
      1,
      1703641279.6129305,
      1703641279.8679066,
      {}
    ],
    [
      11,
      null,
      209652396,
      null,
      0.48535751369365887,
      0.2670884132385254,
      1,
      1703641279.8730974,
      1703641280.1409178,
      {}
    ],
    [
      11,
      null,
      398764591,
      null,
      0.4853253150814436,
      0.43148159980773926,
      1,
      1703641280.143162,
      1703641280.5753675,
      {}
    ],
    [
      11,
      null,
      924231285,
      null,
      0.48513844490663804,
      1.1035621166229248,
      1,
      1703641280.5776324,
      1703641281.6819303,
      {}
    ],
    [
      12,
      null,
      209652396,
      null,
      0.481608678431068,
      1.079963207244873,
      1,
      1703641281.6850944,
      1703641282.7657895,
      {}
    ],
    [
      12,
      null,
      398764591,
      null,
      0.48351716482010676,
      0.353823184967041,
      1,
      1703641282.768091,
      1703641283.122651,
      {}
    ],
    [
      12,
      null,
      924231285,
      null,
      0.48180612086555785,
      0.8403024673461914,
      1,
      1703641283.1250079,
      1703641283.9660592,
      {}
    ],
    [
      13,
      null,
      209652396,
      null,
      0.4899136114096825,
      1.275665521621704,
      1,
      1703641283.9733553,
      1703641285.2498207,
      {}
    ],
    [
      13,
      null,
      398764591,
      null,
      0.4899938004684885,
      1.0131633281707764,
      1,
      1703641285.254747,
      1703641286.268697,
      {}
    ],
    [
      13,
      null,
      924231285,
      null,
      0.48980704215688364,
      1.074789047241211,
      1,
      1703641286.2713592,
      1703641287.3469346,
      {}
    ],
    [
      14,
      null,
      209652396,
      null,
      0.4884155429477729,
      0.7797462940216064,
      1,
      1703641287.5389338,
      1703641288.3194768,
      {}
    ],
    [
      14,
      null,
      398764591,
      null,
      0.4902522647304952,
      0.5456397533416748,
      1,
      1703641288.3222506,
      1703641288.868694,
      {}
    ],
    [
      14,
      null,
      924231285,
      null,
      0.48792865131489405,
      1.211615800857544,
      1,
      1703641288.8714628,
      1703641290.0838792,
      {}
    ],
    [
      15,
      null,
      209652396,
      null,
      0.49119391366849297,
      1.4611444473266602,
      1,
      1703641290.0876837,
      1703641291.549622,
      {}
    ],
    [
      15,
      null,
      398764591,
      null,
      0.4910212861589833,
      1.0284619331359863,
      1,
