{
  "incumbent_ids": [
    3
  ],
  "rejected_config_ids": [
    1,
    2
  ],
  "incumbents_changed": 3,
  "trajectory": [
    {
      "config_ids": [
        1
      ],
      "costs": [
        0.49059462232637685
      ],
      "trial": 1,
      "walltime": 0.057151079177856445
    },
    {
      "config_ids": [
        2
      ],
      "costs": [
        0.4872551000661369
      ],
      "trial": 4,
      "walltime": 0.321563720703125
    },
    {
      "config_ids": [
        3
      ],
      "costs": [
        0.48178495925845405
      ],
      "trial": 8,
      "walltime": 0.7967588901519775
    }
  ],
  "state": {
    "queue": [
      [
        4,
        2
      ]
    ]
  }
}