{
  "stats": {
    "submitted": 10,
    "finished": 10,
    "running": 0
  },
  "data": [
    [
      1,
      null,
      209652396,
      null,
      0.5966025292873383,
      10.496277570724487,
      1,
      1694797016.5309997,
      1694797027.0285592,
      {}
    ],
    [
      1,
      null,
      398764591,
      null,
      0.6172343790531158,
      2.6185271739959717,
      1,
      1694797027.0312715,
      1694797029.6511197,
      {}
    ],
    [
      2,
      null,
      209652396,
      null,
      0.7756506055593491,
      7.7436933517456055,
      1,
      1694797029.6537824,
      1694797037.3989573,
      {}
    ],
    [
      2,
      null,
      398764591,
      null,
      0.7810400426387787,
      6.4628965854644775,
      1,
      1694797037.4022577,
      1694797043.8667274,
      {}
    ],
    [
      1,
      null,
      924231285,
      null,
      0.6022578775882721,
      2.5711829662323,
      1,
      1694797043.8707685,
      1694797046.4435325,
      {}
    ],
    [
      3,
      null,
      209652396,
      null,
      0.6823590993881226,
      4.268435955047607,
      1,
      1694797046.7434008,
      1694797051.0132935,
      {}
    ],
    [
      3,
      null,
      398764591,
      null,
      0.6820417642593384,
      4.748738765716553,
      1,
      1694797051.016706,
      1694797055.767041,
      {}
    ],
    [
      3,
      null,
      924231285,
      null,
      0.7089646458625793,
      4.2458672523498535,
      1,
      1694797055.7707825,
      1694797060.0182688,
      {}
    ],
    [
      4,
      null,
      209652396,
      null,
      0.6996448040008545,
      4.010172367095947,
      1,
      1694797060.022453,
      1694797064.03413,
      {}
    ],
    [
      4,
      null,
      398764591,
      null,
      0.6991961598396301,
      4.355212688446045,
      1,
      1694797064.0376947,
      1694797068.3945043,
      {}
    ]
  ],
  "configs": {
    "1": {
      "metric": "braycurtis",
      "min_dist": 0.6143590484932065,
      "n_components": 2,
      "n_neighbors": 25
    },
    "2": {
      "metric": "sokalmichener",
      "min_dist": 0.24635735381394624,
      "n_components": 3,
      "n_neighbors": 58
    },
    "3": {
      "metric": "dice",
      "min_dist": 0.525629158969534,
      "n_components": 2,
      "n_neighbors": 27
    },
    "4": {
      "metric": "kulsinski",
      "min_dist": 0.8552348353039966,
      "n_components": 2,
      "n_neighbors": 20
    }
  },
  "config_origins": {
    "1": "Initial Design: Sobol",
    "2": "Initial Design: Sobol",
    "3": "Acquisition Function Maximizer: Local Search",
    "4": "Acquisition Function Maximizer: Local Search"
  }
}