{
  "stats": {
    "submitted": 10,
    "finished": 10,
    "running": 0
  },
  "data": [
    [
      1,
      null,
      209652396,
      null,
      0.42371145478295846,
      0.13786697387695312,
      1,
      1696443609.407305,
      1696443609.5457308,
      {}
    ],
    [
      1,
      null,
      398764591,
      null,
      0.42371145478295846,
      0.1749875545501709,
      1,
      1696443609.547286,
      1696443609.722856,
      {}
    ],
    [
      2,
      null,
      209652396,
      null,
      0.4428897123503316,
      0.12902402877807617,
      1,
      1696443609.724397,
      1696443609.8539937,
      {}
    ],
    [
      2,
      null,
      398764591,
      null,
      0.4428897123503316,
      0.1315619945526123,
      1,
      1696443609.8554237,
      1696443609.9875653,
      {}
    ],
    [
      1,
      null,
      924231285,
      null,
      0.42371145478295846,
      0.1262807846069336,
      1,
      1696443609.9893262,
      1696443610.1161718,
      {}
    ],
    [
      3,
      null,
      209652396,
      null,
      0.45626439296903687,
      0.05301856994628906,
      1,
      1696443610.2994597,
      1696443610.3530366,
      {}
    ],
    [
      3,
      null,
      398764591,
      null,
      0.45626439296903687,
      0.04048299789428711,
      1,
      1696443610.3545527,
      1696443610.395583,
      {}
    ],
    [
      3,
      null,
      924231285,
      null,
      0.45626439296903687,
      0.04068303108215332,
      1,
      1696443610.3970406,
      1696443610.4382808,
      {}
    ],
    [
      4,
      null,
      209652396,
      null,
      0.45626439296903687,
      0.0771491527557373,
      1,
      1696443610.440209,
      1696443610.5179203,
      {}
    ],
    [
      4,
      null,
      398764591,
      null,
      0.45626439296903687,
      0.0924386978149414,
      1,
      1696443610.5194926,
      1696443610.6125002,
      {}
    ]
  ],
  "configs": {
    "1": {
      "alpha": 0.34019066896289585,
      "method": "cd",
      "n_components": 2,
      "ridge_alpha": 0.029059861330315476
    },
    "2": {
      "alpha": 0.8744391072541475,
      "method": "lars",
      "n_components": 4,
      "ridge_alpha": 0.06035465487278999
    },
    "3": {
      "alpha": 0.6813047017599905,
      "method": "cd",
      "n_components": 5,
      "ridge_alpha": 0.04731957459914713
    },
    "4": {
      "alpha": 0.6424870384644795,
      "method": "cd",
      "n_components": 5,
      "ridge_alpha": 0.02290179586681418
    }
  },
  "config_origins": {
    "1": "Initial Design: Sobol",
    "2": "Initial Design: Sobol",
    "3": "Acquisition Function Maximizer: Random Search (sorted)",
    "4": "Acquisition Function Maximizer: Random Search (sorted)"
  }
}