{
  "stats": {
    "submitted": 10,
    "finished": 10,
    "running": 0
  },
  "data": [
    [
      1,
      null,
      209652396,
      null,
      0.6273587571802655,
      0.1477200984954834,
      1,
      1694796930.9055378,
      1694796931.0544002,
      {}
    ],
    [
      1,
      null,
      398764591,
      null,
      0.6273587571802655,
      0.15512967109680176,
      1,
      1694796931.05713,
      1694796931.2134125,
      {}
    ],
    [
      2,
      null,
      209652396,
      null,
      0.6493521262150415,
      0.1285247802734375,
      1,
      1694796931.2159293,
      1694796931.3455777,
      {}
    ],
    [
      2,
      null,
      398764591,
      null,
      0.6493521262150415,
      0.12736105918884277,
      1,
      1694796931.3477142,
      1694796931.476169,
      {}
    ],
    [
      1,
      null,
      924231285,
      null,
      0.6273587571802655,
      0.14668893814086914,
      1,
      1694796931.4791,
      1694796931.6269,
      {}
    ],
    [
      3,
      null,
      209652396,
      null,
      0.702661858792134,
      0.13430237770080566,
      1,
      1694796931.8092883,
      1694796931.9446933,
      {}
    ],
    [
      3,
      null,
      398764591,
      null,
      0.702661858792134,
      0.13022279739379883,
      1,
      1694796931.9471424,
      1694796932.0785005,
      {}
    ],
    [
      3,
      null,
      924231285,
      null,
      0.702661858792134,
      0.11590743064880371,
      1,
      1694796932.0809364,
      1694796932.1979682,
      {}
    ],
    [
      4,
      null,
      209652396,
      null,
      0.702661858792134,
      0.2074124813079834,
      1,
      1694796932.201288,
      1694796932.409823,
      {}
    ],
    [
      4,
      null,
      398764591,
      null,
      0.702661858792134,
      0.11404848098754883,
      1,
      1694796932.4123805,
      1694796932.527497,
      {}
    ]
  ],
  "configs": {
    "1": {
      "alpha": 0.34019066896289585,
      "method": "cd",
      "n_components": 2,
      "ridge_alpha": 0.029059861330315476
    },
    "2": {
      "alpha": 0.8744391072541475,
      "method": "lars",
      "n_components": 3,
      "ridge_alpha": 0.06035465487278999
    },
    "3": {
      "alpha": 0.6813047017599905,
      "method": "cd",
      "n_components": 4,
      "ridge_alpha": 0.04731957459914713
    },
    "4": {
      "alpha": 0.6424870384644795,
      "method": "cd",
      "n_components": 4,
      "ridge_alpha": 0.02290179586681418
    }
  },
  "config_origins": {
    "1": "Initial Design: Sobol",
    "2": "Initial Design: Sobol",
    "3": "Acquisition Function Maximizer: Random Search (sorted)",
    "4": "Acquisition Function Maximizer: Random Search (sorted)"
  }
}