{
  "stats": {
    "submitted": 10,
    "finished": 10,
    "running": 0
  },
  "data": [
    [
      1,
      null,
      209652396,
      null,
      0.5564695090017792,
      1.0995352268218994,
      1,
      1694796964.6866455,
      1694796965.7873447,
      {}
    ],
    [
      1,
      null,
      398764591,
      null,
      0.47535295059586935,
      0.9684703350067139,
      1,
      1694796965.7901785,
      1694796966.759837,
      {}
    ],
    [
      2,
      null,
      209652396,
      null,
      0.44789083918227235,
      1.883410930633545,
      1,
      1694796966.7622252,
      1694796968.646737,
      {}
    ],
    [
      2,
      null,
      398764591,
      null,
      0.46626537899010867,
      1.9446203708648682,
      1,
      1694796968.648983,
      1694796970.5947595,
      {}
    ],
    [
      2,
      null,
      924231285,
      null,
      0.4608797282257445,
      1.8035812377929688,
      1,
      1694796970.5981896,
      1694796972.4029815,
      {}
    ],
    [
      3,
      null,
      209652396,
      null,
      0.43436073867013036,
      0.7485198974609375,
      1,
      1694796972.6859212,
      1694796973.4355898,
      {}
    ],
    [
      3,
      null,
      398764591,
      null,
      0.44825060667768013,
      0.555828332901001,
      1,
      1694796973.438132,
      1694796973.9950495,
      {}
    ],
    [
      3,
      null,
      924231285,
      null,
      0.4764359438484548,
      0.38254857063293457,
      1,
      1694796973.9978337,
      1694796974.3815715,
      {}
    ],
    [
      4,
      null,
      209652396,
      null,
      0.4387540097706091,
      0.9826066493988037,
      1,
      1694796974.3856928,
      1694796975.369344,
      {}
    ],
    [
      4,
      null,
      398764591,
      null,
      0.43421411381541863,
      0.8569812774658203,
      1,
      1694796975.3718748,
      1694796976.2298746,
      {}
    ]
  ],
  "configs": {
    "1": {
      "learning_decay": 0.6334392605349422,
      "learning_method": "online",
      "learning_offset": 6.075078817084432,
      "max_iter": 7,
      "n_components": 14
    },
    "2": {
      "learning_decay": 0.9773537232540548,
      "learning_method": "batch",
      "learning_offset": 14.09549031406641,
      "max_iter": 13,
      "n_components": 2
    },
    "3": {
      "learning_decay": 0.8587432740380516,
      "learning_method": "online",
      "learning_offset": 11.964507139691728,
      "max_iter": 8,
      "n_components": 4
    },
    "4": {
      "learning_decay": 0.8663423175126737,
      "learning_method": "online",
      "learning_offset": 12.676066108581185,
      "max_iter": 11,
      "n_components": 4
    }
  },
  "config_origins": {
    "1": "Initial Design: Sobol",
    "2": "Initial Design: Sobol",
    "3": "Acquisition Function Maximizer: Local Search",
    "4": "Acquisition Function Maximizer: Local Search"
  }
}