{
  "incumbent_ids": [
    6
  ],
  "rejected_config_ids": [
    1,
    2,
    5
  ],
  "incumbents_changed": 4,
  "trajectory": [
    {
      "config_ids": [
        1
      ],
      "costs": [
        0.8825254841731083
      ],
      "trial": 1,
      "walltime": 0.9692761898040771
    },
    {
      "config_ids": [
        2
      ],
      "costs": [
        0.8139955709202591
      ],
      "trial": 4,
      "walltime": 3.724635601043701
    },
    {
      "config_ids": [
        5
      ],
      "costs": [
        0.44959264082512923
      ],
      "trial": 14,
      "walltime": 7.188818454742432
    },
    {
      "config_ids": [
        6
      ],
      "costs": [
        0.4495926408251292
      ],
      "trial": 17,
      "walltime": 10.038257837295532
    }
  ],
  "state": {
    "queue": [
      [
        34,
        2
      ]
    ]
  }
}