{
  "incumbent_ids": [
    2
  ],
  "rejected_config_ids": [
    1
  ],
  "incumbents_changed": 2,
  "trajectory": [
    {
      "config_ids": [
        1
      ],
      "costs": [
        0.7143510964198461
      ],
      "trial": 1,
      "walltime": 0.65956711769104
    },
    {
      "config_ids": [
        2
      ],
      "costs": [
        0.6849179501098341
      ],
      "trial": 4,
      "walltime": 4.853967189788818
    }
  ],
  "state": {
    "queue": [
      [
        4,
        2
      ]
    ]
  }
}