{
  "incumbent_ids": [
    2
  ],
  "rejected_config_ids": [
    1
  ],
  "incumbents_changed": 2,
  "trajectory": [
    {
      "config_ids": [
        1
      ],
      "costs": [
        0.5828163591241586
      ],
      "trial": 1,
      "walltime": 0.06774735450744629
    },
    {
      "config_ids": [
        2
      ],
      "costs": [
        0.45029978850329083
      ],
      "trial": 4,
      "walltime": 0.21955299377441406
    }
  ],
  "state": {
    "queue": [
      [
        4,
        2
      ]
    ]
  }
}