{
  "stats": {
    "submitted": 10,
    "finished": 10,
    "running": 0
  },
  "data": [
    [
      1,
      null,
      209652396,
      null,
      0.5828163591241586,
      0.06591367721557617,
      1,
      1694795542.1369493,
      1694795542.2036192,
      {}
    ],
    [
      1,
      null,
      398764591,
      null,
      0.5828163592909292,
      0.06768918037414551,
      1,
      1694795542.2053633,
      1694795542.2737918,
      {}
    ],
    [
      2,
      null,
      209652396,
      null,
      0.4502997710101653,
      0.03814959526062012,
      1,
      1694795542.2755446,
      1694795542.3144326,
      {}
    ],
    [
      2,
      null,
      398764591,
      null,
      0.4502998059964164,
      0.03825497627258301,
      1,
      1694795542.316002,
      1694795542.355006,
      {}
    ],
    [
      2,
      null,
      924231285,
      null,
      0.45030003443541644,
      0.03861379623413086,
      1,
      1694795542.3572996,
      1694795542.3966665,
      {}
    ],
    [
      3,
      null,
      209652396,
      null,
      0.4510095996927803,
      0.04044747352600098,
      1,
      1694795542.524217,
      1694795542.5655334,
      {}
    ],
    [
      3,
      null,
      398764591,
      null,
      0.45100971804493684,
      0.03753829002380371,
      1,
      1694795542.5673177,
      1694795542.6055841,
      {}
    ],
    [
      3,
      null,
      924231285,
      null,
      0.451009760627878,
      0.03781700134277344,
      1,
      1694795542.6072755,
      1694795542.6458263,
      {}
    ],
    [
      4,
      null,
      209652396,
      null,
      0.4542874606852523,
      0.04660749435424805,
      1,
      1694795542.64816,
      1694795542.6954982,
      {}
    ],
    [
      4,
      null,
      398764591,
      null,
      0.4542885322179715,
      0.04644966125488281,
      1,
      1694795542.6972432,
      1694795542.744414,
      {}
    ]
  ],
  "configs": {
    "1": {
      "alpha_W": 0.2668785210698843,
      "init": "nndsvda",
      "l1_ratio": 0.10750788170844316,
      "n_components": 2,
      "solver": "mu",
      "verbose": 0,
      "beta_loss": "itakura-saito"
    },
    "2": {
      "alpha_W": 0.517645406536758,
      "init": "random",
      "l1_ratio": 0.8396603688597679,
      "n_components": 4,
      "solver": "cd",
      "verbose": 1
    },
    "3": {
      "alpha_W": 0.517645406536758,
      "init": "random",
      "l1_ratio": 0.9995858947525259,
      "n_components": 3,
      "solver": "cd",
      "verbose": 1
    },
    "4": {
      "alpha_W": 0.3996100947796937,
      "init": "random",
      "l1_ratio": 0.8279101646362619,
      "n_components": 3,
      "solver": "cd",
      "verbose": 1
    }
  },
  "config_origins": {
    "1": "Initial Design: Sobol",
    "2": "Initial Design: Sobol",
    "3": "Acquisition Function Maximizer: Local Search",
    "4": "Acquisition Function Maximizer: Local Search"
  }
}