{
  "incumbent_ids": [
    2
  ],
  "rejected_config_ids": [
    1
  ],
  "incumbents_changed": 2,
  "trajectory": [
    {
      "config_ids": [
        1
      ],
      "costs": [
        0.45097885741004584
      ],
      "trial": 1,
      "walltime": 0.07062697410583496
    },
    {
      "config_ids": [
        2
      ],
      "costs": [
        0.44669380555138927
      ],
      "trial": 4,
      "walltime": 0.4012172222137451
    }
  ],
  "state": {
    "queue": [
      [
        4,
        2
      ]
    ]
  }
}