{
  "incumbent_ids": [
    3
  ],
  "rejected_config_ids": [
    1
  ],
  "incumbents_changed": 2,
  "trajectory": [
    {
      "config_ids": [
        1
      ],
      "costs": [
        0.7339527617964472
      ],
      "trial": 1,
      "walltime": 1.7100040912628174
    },
    {
      "config_ids": [
        3
      ],
      "costs": [
        0.7219298296211756
      ],
      "trial": 8,
      "walltime": 15.341455698013306
    }
  ],
  "state": {
    "queue": [
      [
        4,
        2
      ]
    ]
  }
}