{
  "incumbent_ids": [
    2
  ],
  "rejected_config_ids": [
    1
  ],
  "incumbents_changed": 2,
  "trajectory": [
    {
      "config_ids": [
        1
      ],
      "costs": [
        0.645204793349998
      ],
      "trial": 1,
      "walltime": 0.044106245040893555
    },
    {
      "config_ids": [
        2
      ],
      "costs": [
        0.6139018184589984
      ],
      "trial": 4,
      "walltime": 0.17551517486572266
    }
  ],
  "state": {
    "queue": [
      [
        4,
        2
      ]
    ]
  }
}