{
  "stats": {
    "submitted": 10,
    "finished": 10,
    "running": 0
  },
  "data": [
    [
      1,
      null,
      209652396,
      null,
      0.645204793349998,
      0.04273533821105957,
      1,
      1694795543.7104166,
      1694795543.753647,
      {}
    ],
    [
      1,
      null,
      398764591,
      null,
      0.645204793349998,
      0.04260516166687012,
      1,
      1694795543.755045,
      1694795543.7981558,
      {}
    ],
    [
      2,
      null,
      209652396,
      null,
      0.6139018184589984,
      0.04134511947631836,
      1,
      1694795543.7995093,
      1694795543.841352,
      {}
    ],
    [
      2,
      null,
      398764591,
      null,
      0.6139018184589984,
      0.041658878326416016,
      1,
      1694795543.842607,
      1694795543.8847718,
      {}
    ],
    [
      2,
      null,
      924231285,
      null,
      0.6139018184589984,
      0.04196929931640625,
      1,
      1694795543.8866649,
      1694795543.929135,
      {}
    ],
    [
      3,
      null,
      209652396,
      null,
      0.6139936459700782,
      0.04167985916137695,
      1,
      1694795543.9980721,
      1694795544.0402384,
      {}
    ],
    [
      3,
      null,
      398764591,
      null,
      0.6139936459700782,
      0.04138493537902832,
      1,
      1694795544.041589,
      1694795544.083479,
      {}
    ],
    [
      3,
      null,
      924231285,
      null,
      0.6139936459700782,
      0.04155325889587402,
      1,
      1694795544.0848634,
      1694795544.1269302,
      {}
    ],
    [
      4,
      null,
      209652396,
      null,
      0.6139229144746414,
      0.04179883003234863,
      1,
      1694795544.1286716,
      1694795544.1709723,
      {}
    ],
    [
      4,
      null,
      398764591,
      null,
      0.6139229144746414,
      0.04196882247924805,
      1,
      1694795544.1723955,
      1694795544.2148728,
      {}
    ]
  ],
  "configs": {
    "1": {
      "batch_size": 28,
      "n_components": 3
    },
    "2": {
      "batch_size": 39,
      "n_components": 2
    },
    "3": {
      "batch_size": 33,
      "n_components": 2
    },
    "4": {
      "batch_size": 32,
      "n_components": 2
    }
  },
  "config_origins": {
    "1": "Initial Design: Sobol",
    "2": "Initial Design: Sobol",
    "3": "Acquisition Function Maximizer: Random Search (sorted)",
    "4": "Acquisition Function Maximizer: Local Search"
  }
}