{
  "incumbent_ids": [
    8
  ],
  "rejected_config_ids": [
    1,
    4,
    6
  ],
  "incumbents_changed": 4,
  "trajectory": [
    {
      "config_ids": [
        1
      ],
      "costs": [
        0.5495036152093862
      ],
      "trial": 1,
      "walltime": 1.3417856693267822
    },
    {
      "config_ids": [
        4
      ],
      "costs": [
        0.33764453963743435
      ],
      "trial": 11,
      "walltime": 6.296096324920654
    },
    {
      "config_ids": [
        6
      ],
      "costs": [
        0.3376445396374342
      ],
      "trial": 17,
      "walltime": 10.981401443481445
    },
    {
      "config_ids": [
        8
      ],
      "costs": [
        0.33764453963743407
      ],
      "trial": 23,
      "walltime": 14.364633321762085
    }
  ],
  "state": {
    "queue": []
  }
}