{
  "stats": {
    "submitted": 77,
    "finished": 77,
    "running": 0
  },
  "data": [
    [
      1,
      null,
      209652396,
      null,
      0.5495036152093862,
      1.3398911952972412,
      1,
      1703629074.549473,
      1703629075.8901632,
      {}
    ],
    [
      1,
      null,
      398764591,
      null,
      0.5495036152094259,
      0.5450022220611572,
      1,
      1703629075.8920164,
      1703629076.4416785,
      {}
    ],
    [
      2,
      null,
      209652396,
      null,
      0.5536648150354025,
      0.5938963890075684,
      1,
      1703629076.4435441,
      1703629077.0383377,
      {}
    ],
    [
      2,
      null,
      398764591,
      null,
      0.5536648150354025,
      0.41797447204589844,
      1,
      1703629077.0401077,
      1703629077.4625869,
      {}
    ],
    [
      1,
      null,
      924231285,
      null,
      0.5495036152094315,
      0.394134521484375,
      1,
      1703629077.464722,
      1703629077.8597386,
      {}
    ],
    [
      3,
      null,
      209652396,
      null,
      0.5512458532986393,
      0.38979291915893555,
      1,
      1703629077.8617651,
      1703629078.2526367,
      {}
    ],
    [
      3,
      null,
      398764591,
      null,
      0.5512458532986394,
      0.48671913146972656,
      1,
      1703629078.2543888,
      1703629078.741987,
      {}
    ],
    [
      3,
      null,
      924231285,
      null,
      0.5512458532986394,
      0.9023804664611816,
      1,
      1703629078.7438717,
      1703629079.6471934,
      {}
    ],
    [
      4,
      null,
      209652396,
      null,
      0.33764453963743435,
      0.4769296646118164,
      1,
      1703629079.652652,
      1703629080.1305149,
      {}
    ],
    [
      4,
      null,
      398764591,
      null,
      0.33764453963743424,
      0.3641846179962158,
      1,
      1703629080.1323597,
      1703629080.497413,
      {}
    ],
    [
      4,
      null,
      924231285,
      null,
      0.33764453963743446,
      0.34386420249938965,
      1,
      1703629080.4991465,
      1703629080.84387,
      {}
    ],
    [
      5,
      null,
      209652396,
      null,
      0.49292917648970647,
      0.5943982601165771,
      1,
      1703629080.8469267,
      1703629081.4422524,
      {}
    ],
    [
      5,
      null,
      398764591,
      null,
      0.49292917648970613,
      1.02730393409729,
      1,
      1703629081.446285,
      1703629082.474488,
      {}
    ],
    [
      5,
      null,
      924231285,
      null,
      0.49292917648970624,
      0.8953635692596436,
      1,
      1703629082.4764931,
      1703629083.3727515,
      {}
    ],
    [
      6,
      null,
      209652396,
      null,
      0.337644539637434,
      0.9112949371337891,
      1,
      1703629083.6424732,
      1703629084.554726,
      {}
    ],
    [
      6,
      null,
      398764591,
      null,
      0.33764453963743435,
      0.6701350212097168,
      1,
      1703629084.5568907,
      1703629085.2279146,
      {}
    ],
    [
      6,
      null,
      924231285,
      null,
      0.33764453963743435,
      0.2984795570373535,
      1,
      1703629085.2300231,
      1703629085.5293674,
      {}
    ],
    [
      7,
      null,
      209652396,
      null,
      0.3376445396374347,
      0.4110066890716553,
      1,
      1703629085.5326467,
      1703629085.9444928,
      {}
    ],
    [
      7,
      null,
      398764591,
      null,
      0.33764453963743424,
      0.49187779426574707,
      1,
      1703629085.9465237,
      1703629086.4392192,
      {}
    ],
    [
      7,
      null,
      924231285,
      null,
      0.33764453963743435,
      0.3939940929412842,
      1,
      1703629086.441292,
      1703629086.8361151,
      {}
    ],
    [
      8,
      null,
      209652396,
      null,
      0.337644539637434,
      0.49654483795166016,
      1,
      1703629086.8390315,
      1703629087.3364089,
      {}
    ],
    [
      8,
      null,
      398764591,
      null,
      0.33764453963743424,
      0.6640663146972656,
      1,
      1703629087.3385408,
      1703629088.00363,
      {}
    ],
    [
      8,
      null,
      924231285,
      null,
      0.337644539637434,
      0.9061758518218994,
      1,
      1703629088.0056446,
      1703629088.9126284,
      {}
    ],
    [
      9,
      null,
      209652396,
      null,
      0.33764453963743424,
      0.49750709533691406,
      1,
      1703629088.9162643,
      1703629089.419638,
      {}
    ],
    [
      9,
      null,
      398764591,
      null,
      0.33764453963743435,
      0.477205753326416,
      1,
      1703629089.4217496,
      1703629089.8997579,
      {}
    ],
    [
      9,
      null,
      924231285,
      null,
      0.33764453963743435,
      0.317476749420166,
      1,
      1703629089.9018664,
      1703629090.2201426,
      {}
    ],
    [
      10,
      null,
      209652396,
      null,
      0.5619379609373081,
      0.2133951187133789,
      1,
      1703629090.2231755,
      1703629090.4373698,
      {}
    ],
    [
      10,
      null,
      398764591,
      null,
      0.5619379609373081,
      0.16950011253356934,
      1,
      1703629090.4395788,
      1703629090.610011,
      {}
    ],
    [
      10,
      null,
      924231285,
      null,
      0.5619379609373081,
      0.20760655403137207,
      1,
      1703629090.6122618,
      1703629090.8206723,
      {}
    ],
    [
      11,
      null,
      209652396,
      null,
      0.5487090245855883,
      0.3564300537109375,
      1,
      1703629090.8239403,
      1703629091.1811664,
      {}
    ],
    [
      11,
      null,
      398764591,
      null,
      0.5486644863394532,
      0.3396294116973877,
      1,
      1703629091.183439,
      1703629091.5238605,
      {}
    ],
    [
      11,
      null,
      924231285,
      null,
      0.5486640224709343,
      0.2900269031524658,
      1,
      1703629091.5261958,
      1703629091.8170273,
      {}
    ],
    [
      12,
      null,
      209652396,
      null,
      0.5512458532986393,
      0.13926482200622559,
      1,
      1703629091.8204143,
      1703629091.9605052,
      {}
    ],
    [
      12,
      null,
      398764591,
      null,
      0.5512458532986393,
      0.13313722610473633,
      1,
      1703629091.9646122,
      1703629092.0986843,
      {}
    ],
    [
      12,
      null,
      924231285,
      null,
      0.5512458532986393,
      0.12781763076782227,
      1,
      1703629092.1011047,
      1703629092.2297153,
      {}
    ],
    [
      13,
      null,
      209652396,
      null,
      0.5619379609373081,
      0.12326622009277344,
      1,
      1703629092.2331624,
      1703629092.3572247,
      {}
    ],
    [
      13,
      null,
      398764591,
      null,
      0.5619379609373081,
      0.13216209411621094,
      1,
      1703629092.3596551,
      1703629092.4926083,
      {}
    ],
    [
      13,
      null,
      924231285,
      null,
      0.5619379609373081,
      0.12654852867126465,
      1,
      1703629092.495094,
      1703629092.6224432,
      {}
    ],
    [
      14,
      null,
      209652396,
      null,
      0.33764453963743435,
      0.4857659339904785,
      1,
      1703629093.1038268,
      1703629093.590364,
      {}
    ],
    [
      14,
      null,
      398764591,
      null,
      0.337644539637434,
      0.3062591552734375,
      1,
      1703629093.5932388,
      1703629093.9003742,
      {}
    ],
    [
      14,
      null,
      924231285,
      null,
      0.33764453963743435,
      0.261521577835083,
      1,
      1703629093.9033124,
      1703629094.1657214,
      {}
    ],
    [
      15,
      null,
      209652396,
      null,
      0.3411544022379802,
      0.24637508392333984,
      1,
      1703629094.169594,
      1703629094.4168456,
      {}
    ],
    [
      15,
      null,
      398764591,
      null,
      0.34155260799604126,
      0.24298548698425293,
      1,
