{
  "stats": {
    "submitted": 74,
    "finished": 74,
    "running": 0
  },
  "data": [
    [
      1,
      null,
      209652396,
      null,
      0.5513798711470566,
      0.8559219837188721,
      1,
      1703641900.8722906,
      1703641901.7288995,
      {}
    ],
    [
      1,
      null,
      398764591,
      null,
      0.5513798711470566,
      0.4446086883544922,
      1,
      1703641901.7305079,
      1703641902.1758668,
      {}
    ],
    [
      2,
      null,
      209652396,
      null,
      0.5270823229870872,
      0.19875192642211914,
      1,
      1703641902.1775215,
      1703641902.3770041,
      {}
    ],
    [
      2,
      null,
      398764591,
      null,
      0.5270823229870872,
      0.32980895042419434,
      1,
      1703641902.3782823,
      1703641902.7087812,
      {}
    ],
    [
      2,
      null,
      924231285,
      null,
      0.5270823229870872,
      0.3515031337738037,
      1,
      1703641902.7106075,
      1703641903.0627942,
      {}
    ],
    [
      3,
      null,
      209652396,
      null,
      0.5514979003398353,
      0.3145911693572998,
      1,
      1703641903.0643437,
      1703641903.3796232,
      {}
    ],
    [
      3,
      null,
      398764591,
      null,
      0.5514979003398353,
      0.3192622661590576,
      1,
      1703641903.3852844,
      1703641903.7052252,
      {}
    ],
    [
      3,
      null,
      924231285,
      null,
      0.5514979003398353,
      0.3851802349090576,
      1,
      1703641903.708029,
      1703641904.0938823,
      {}
    ],
    [
      4,
      null,
      209652396,
      null,
      0.5470579528542177,
      0.35630273818969727,
      1,
      1703641904.095801,
      1703641904.4528193,
      {}
    ],
    [
      4,
      null,
      398764591,
      null,
      0.5470579528542177,
      0.15250158309936523,
      1,
      1703641904.4545166,
      1703641904.607718,
      {}
    ],
    [
      4,
      null,
      924231285,
      null,
      0.5470579528542177,
      0.33114027976989746,
      1,
      1703641904.6091995,
      1703641904.9410245,
      {}
    ],
    [
      5,
      null,
      209652396,
      null,
      0.5514979003398353,
      0.3705615997314453,
      1,
      1703641904.943032,
      1703641905.3142679,
      {}
    ],
    [
      5,
      null,
      398764591,
      null,
      0.5514979003398353,
      0.5456030368804932,
      1,
      1703641905.3158243,
      1703641905.862105,
      {}
    ],
    [
      5,
      null,
      924231285,
      null,
      0.5514979003398353,
      0.5398902893066406,
      1,
      1703641905.8636727,
      1703641906.4042504,
      {}
    ],
    [
      6,
      null,
      209652396,
      null,
      0.5271011930751285,
      0.42267560958862305,
      1,
      1703641906.5465126,
      1703641906.9699104,
      {}
    ],
    [
      6,
      null,
      398764591,
      null,
      0.5271011930751285,
      0.2926638126373291,
      1,
      1703641906.9716153,
      1703641907.2649899,
      {}
    ],
    [
      6,
      null,
      924231285,
      null,
      0.5271011930751285,
      0.33053088188171387,
      1,
      1703641907.2668457,
      1703641907.5980988,
      {}
    ],
    [
      7,
      null,
      209652396,
      null,
      0.5270526710258613,
      0.5314145088195801,
      1,
      1703641907.6017306,
      1703641908.1338964,
      {}
    ],
    [
      7,
      null,
      398764591,
      null,
      0.5270526710258613,
      0.31723737716674805,
      1,
      1703641908.1359608,
      1703641908.4539278,
      {}
    ],
    [
      7,
      null,
      924231285,
      null,
      0.5270526710258613,
      0.16210532188415527,
      1,
      1703641908.456373,
      1703641908.619241,
      {}
    ],
    [
      8,
      null,
      209652396,
      null,
      0.5270612590397556,
      0.3850739002227783,
      1,
      1703641908.6227968,
      1703641909.0087929,
      {}
    ],
    [
      8,
      null,
      398764591,
      null,
      0.5270612590397556,
      0.4468247890472412,
      1,
      1703641909.0163577,
      1703641909.4640985,
      {}
    ],
    [
      8,
      null,
      924231285,
      null,
      0.5270612590397556,
      0.4635021686553955,
      1,
      1703641909.4669597,
      1703641909.9315538,
      {}
    ],
    [
      9,
      null,
      209652396,
      null,
      0.5269973838585342,
      0.2794513702392578,
      1,
      1703641909.9463954,
      1703641910.22662,
      {}
    ],
    [
      9,
      null,
      398764591,
      null,
      0.5269973838585342,
      0.167250394821167,
      1,
      1703641910.2321951,
      1703641910.4065683,
      {}
    ],
    [
      9,
      null,
      924231285,
      null,
      0.5269973838585342,
      0.241530179977417,
      1,
      1703641910.410263,
      1703641910.6526003,
      {}
    ],
    [
      10,
      null,
      209652396,
      null,
      0.5271043804657707,
      0.869706392288208,
      1,
      1703641910.6573815,
      1703641911.5281837,
      {}
    ],
    [
      10,
      null,
      398764591,
      null,
      0.5271043804657707,
      0.3957650661468506,
      1,
      1703641911.5311353,
      1703641911.927881,
      {}
    ],
    [
      10,
      null,
      924231285,
      null,
      0.5271043804657707,
      0.3637065887451172,
      1,
      1703641911.930328,
      1703641912.2947762,
      {}
    ],
    [
      11,
      null,
      209652396,
      null,
      0.5271078031495712,
      0.45454955101013184,
      1,
      1703641912.297882,
      1703641912.7531643,
      {}
    ],
    [
      11,
      null,
      398764591,
      null,
      0.5271078031495712,
      0.26415538787841797,
      1,
      1703641912.7556667,
      1703641913.0205715,
      {}
    ],
    [
      11,
      null,
      924231285,
      null,
      0.5271078031495712,
      0.3561232089996338,
      1,
      1703641913.041087,
      1703641913.397965,
      {}
    ],
    [
      12,
      null,
      209652396,
      null,
      0.527086243379518,
      0.4005887508392334,
      1,
      1703641913.401646,
      1703641913.8029876,
      {}
    ],
    [
      12,
      null,
      398764591,
      null,
      0.527086243379518,
      0.29772353172302246,
      1,
      1703641913.8074594,
      1703641914.1062984,
      {}
    ],
    [
      12,
      null,
      924231285,
      null,
      0.527086243379518,
      0.45934605598449707,
      1,
      1703641914.1099837,
      1703641914.5701125,
      {}
    ],
    [
      13,
      null,
      209652396,
      null,
      0.5270791579186881,
      0.33797121047973633,
      1,
      1703641914.579302,
      1703641914.9182436,
      {}
    ],
    [
      13,
      null,
      398764591,
      null,
      0.5270791579186881,
      0.43576955795288086,
      1,
      1703641914.921427,
      1703641915.3582258,
      {}
    ],
    [
      13,
      null,
      924231285,
      null,
      0.5270791579186881,
      0.7482738494873047,
      1,
      1703641915.361418,
      1703641916.1106703,
      {}
    ],
    [
      14,
      null,
      209652396,
      null,
      0.5270834785813647,
      0.2221851348876953,
      1,
      1703641916.5461512,
      1703641916.7689977,
      {}
    ],
    [
      14,
      null,
      398764591,
      null,
      0.5270834785813647,
      0.11188077926635742,
      1,
      1703641916.771706,
      1703641916.8843272,
      {}
    ],
    [
      14,
      null,
      924231285,
      null,
      0.5270834785813647,
      0.12668967247009277,
      1,
      1703641916.8867218,
      1703641917.0141397,
      {}
    ],
    [
      15,
      null,
      209652396,
      null,
      0.5514979003398353,
      0.1585838794708252,
      1,
      1703641917.0177805,
      1703641917.1770806,
      {}
    ],
    [
      15,
      null,
      398764591,
      null,
      0.5514979003398353,
      0.12988972663879395,
      1,
