{
  "stats": {
    "submitted": 47,
    "finished": 47,
    "running": 0
  },
  "data": [
    [
      1,
      null,
      209652396,
      null,
      0.7093791830803307,
      1.6729202270507812,
      1,
      1703619796.993516,
      1703619798.667227,
      {}
    ],
    [
      1,
      null,
      398764591,
      null,
      0.7095301111745113,
      5.205709457397461,
      1,
      1703619798.6690924,
      1703619803.8756707,
      {}
    ],
    [
      2,
      null,
      209652396,
      null,
      0.6836425742089094,
      6.871767282485962,
      1,
      1703619803.8775382,
      1703619810.750127,
      {}
    ],
    [
      2,
      null,
      398764591,
      null,
      0.6836548906057207,
      5.530621767044067,
      1,
      1703619810.751988,
      1703619816.2915626,
      {}
    ],
    [
      2,
      null,
      924231285,
      null,
      0.6836720082484149,
      4.419839382171631,
      1,
      1703619816.2940142,
      1703619820.7146735,
      {}
    ],
    [
      3,
      null,
      209652396,
      null,
      0.7151680237218677,
      4.032302379608154,
      1,
      1703619820.7166758,
      1703619824.7531257,
      {}
    ],
    [
      3,
      null,
      398764591,
      null,
      0.7154769631601241,
      5.417282581329346,
      1,
      1703619824.7548852,
      1703619830.1729803,
      {}
    ],
    [
      3,
      null,
      924231285,
      null,
      0.7238355956797458,
      4.333239316940308,
      1,
      1703619830.1749508,
      1703619834.509048,
      {}
    ],
    [
      4,
      null,
      209652396,
      null,
      0.6163414009181003,
      4.321155786514282,
      1,
      1703619834.5113611,
      1703619838.8333232,
      {}
    ],
    [
      4,
      null,
      398764591,
      null,
      0.6140632346297045,
      2.944960832595825,
      1,
      1703619838.8351638,
      1703619841.7809277,
      {}
    ],
    [
      4,
      null,
      924231285,
      null,
      0.6137384639621255,
      4.245931148529053,
      1,
      1703619841.7829075,
      1703619846.029723,
      {}
    ],
    [
      5,
      null,
      209652396,
      null,
      0.723167265005866,
      6.989127159118652,
      1,
      1703619846.032442,
      1703619853.0223882,
      {}
    ],
    [
      5,
      null,
      398764591,
      null,
      0.7232028701131296,
      2.826169013977051,
      1,
      1703619853.0246634,
      1703619855.8524098,
      {}
    ],
    [
      5,
      null,
      924231285,
      null,
      0.7163992227236442,
      4.103255271911621,
      1,
      1703619855.854644,
      1703619859.9587812,
      {}
    ],
    [
      6,
      null,
      209652396,
      null,
      0.6144367018857286,
      5.052317380905151,
      1,
      1703619860.198185,
      1703619865.2516987,
      {}
    ],
    [
      6,
      null,
      398764591,
      null,
      0.6117812667079308,
      4.691006422042847,
      1,
      1703619865.2559307,
      1703619869.9477603,
      {}
    ],
    [
      6,
      null,
      924231285,
      null,
      0.6169246613888406,
      4.98215913772583,
      1,
      1703619869.9522686,
      1703619874.9353046,
      {}
    ],
    [
      7,
      null,
      209652396,
      null,
      0.5161172463959987,
      1.576183795928955,
      1,
      1703619874.9385517,
      1703619876.5155978,
      {}
    ],
    [
      7,
      null,
      398764591,
      null,
      0.5147311369977416,
      2.7616207599639893,
      1,
      1703619876.5179548,
      1703619879.280442,
      {}
    ],
    [
      7,
      null,
      924231285,
      null,
      0.518614022460597,
      3.139464855194092,
      1,
      1703619879.2827013,
      1703619882.422991,
      {}
    ],
    [
      8,
      null,
      209652396,
      null,
      0.5182732140620316,
      2.6367528438568115,
      1,
      1703619882.429394,
      1703619885.0670245,
      {}
    ],
    [
      8,
      null,
      398764591,
      null,
      0.5306225267629728,
      4.345439672470093,
      1,
      1703619885.0695195,
      1703619889.4158034,
      {}
    ],
    [
      8,
      null,
      924231285,
      null,
      0.5204771682272675,
      3.6295502185821533,
      1,
      1703619889.4183042,
      1703619893.0486856,
      {}
    ],
    [
      9,
      null,
      209652396,
      null,
      0.5383521338570498,
      2.1391303539276123,
      1,
      1703619893.051859,
      1703619895.1918538,
      {}
    ],
    [
      9,
      null,
      398764591,
      null,
      0.5175003961668767,
      2.0781984329223633,
      1,
      1703619895.196271,
      1703619897.2752986,
      {}
    ],
    [
      9,
      null,
      924231285,
      null,
      0.5225296552887906,
      1.9022789001464844,
      1,
      1703619897.282396,
      1703619899.1855123,
      {}
    ],
    [
      10,
      null,
      209652396,
      null,
      0.6140696935345333,
      1.3497650623321533,
      1,
      1703619899.1935706,
      1703619900.5441508,
      {}
    ],
    [
      10,
      null,
      398764591,
      null,
      0.6181486904661747,
      1.5403318405151367,
      1,
      1703619900.5485535,
      1703619902.0896993,
      {}
    ],
    [
      10,
      null,
      924231285,
      null,
      0.6165430450137115,
      4.315814256668091,
      1,
      1703619902.0923896,
      1703619906.4090416,
      {}
    ],
    [
      11,
      null,
      209652396,
      null,
      0.7079181026153012,
      3.609344959259033,
      1,
      1703619906.4140043,
      1703619910.0241575,
      {}
    ],
    [
      11,
      null,
      398764591,
      null,
      0.7095308796869252,
      3.6826868057250977,
      1,
      1703619910.026759,
      1703619913.7102594,
      {}
    ],
    [
      11,
      null,
      924231285,
      null,
      0.7078103708429864,
      2.761915445327759,
      1,
      1703619913.716523,
      1703619916.4792726,
      {}
    ],
    [
      12,
      null,
      209652396,
      null,
      0.7152172439123294,
      2.581080913543701,
      1,
      1703619916.4829838,
      1703619919.0649424,
      {}
    ],
    [
      12,
      null,
      398764591,
      null,
      0.7184439382099834,
      2.7013583183288574,
      1,
      1703619919.0678446,
      1703619921.7700365,
      {}
    ],
    [
      12,
      null,
      924231285,
      null,
      0.7228198238670736,
      2.286548137664795,
      1,
      1703619921.7769613,
      1703619924.064372,
      {}
    ],
    [
      13,
      null,
      209652396,
      null,
      0.708250476001721,
      4.47605299949646,
      1,
      1703619924.0705,
      1703619928.5474362,
      {}
    ],
    [
      13,
      null,
      398764591,
      null,
      0.7110239079832326,
      2.440462112426758,
      1,
      1703619928.5501873,
      1703619930.9914575,
      {}
    ],
    [
      13,
      null,
      924231285,
      null,
      0.7085267919197604,
      2.3437581062316895,
      1,
      1703619930.9942281,
      1703619933.3388045,
      {}
    ],
    [
      14,
      null,
      209652396,
      null,
      0.5149042016191913,
      2.561236619949341,
      1,
      1703619933.6388762,
      1703619936.2010307,
      {}
    ],
    [
      14,
      null,
      398764591,
      null,
      0.5166753900819883,
      1.177520751953125,
      1,
      1703619936.2067525,
      1703619937.3850498,
      {}
    ],
    [
      14,
      null,
      924231285,
      null,
      0.5226490238915529,
      0.9470796585083008,
      1,
      1703619937.3877008,
      1703619938.3355687,
      {}
    ],
    [
      15,
      null,
      209652396,
      null,
      0.7028984057889242,
      1.9996490478515625,
      1,
      1703619938.3395054,
      1703619940.3399372,
      {}
    ],
    [
      15,
      null,
      398764591,
      null,
      0.7001769539519482,
      4.621370315551758,
      1,
      1703619940.342864,
      1703619944.965047,
      {}
