{
  "stats": {
    "submitted": 10,
    "finished": 10,
    "running": 0
  },
  "data": [
    [
      1,
      null,
      209652396,
      null,
      0.7964738865524339,
      2.5063602924346924,
      1,
      1696443924.752376,
      1696443927.2605488,
      {}
    ],
    [
      1,
      null,
      398764591,
      null,
      0.8510776743099551,
      2.0035674571990967,
      1,
      1696443927.266107,
      1696443929.2711015,
      {}
    ],
    [
      2,
      null,
      209652396,
      null,
      0.8720372792001704,
      3.3672049045562744,
      1,
      1696443929.2836652,
      1696443932.6521728,
      {}
    ],
    [
      2,
      null,
      398764591,
      null,
      0.8720372792001705,
      2.9606592655181885,
      1,
      1696443932.654968,
      1696443935.6169388,
      {}
    ],
    [
      1,
      null,
      924231285,
      null,
      0.8166360263661074,
      1.8633837699890137,
      1,
      1696443935.6206686,
      1696443937.5016108,
      {}
    ],
    [
      3,
      null,
      209652396,
      null,
      0.8428195474475624,
      1.9118366241455078,
      1,
      1696443937.7466948,
      1696443939.659904,
      {}
    ],
    [
      3,
      null,
      398764591,
      null,
      0.8284774966297141,
      2.4022939205169678,
      1,
      1696443939.6634896,
      1696443942.067166,
      {}
    ],
    [
      3,
      null,
      924231285,
      null,
      0.8175877446501849,
      2.1301722526550293,
      1,
      1696443942.0703027,
      1696443944.2017262,
      {}
    ],
    [
      4,
      null,
      209652396,
      null,
      0.8390882992164304,
      2.5493574142456055,
      1,
      1696443944.2146156,
      1696443946.7653053,
      {}
    ],
    [
      4,
      null,
      398764591,
      null,
      0.8560065667532197,
      2.224099636077881,
      1,
      1696443946.7686162,
      1696443948.9941633,
      {}
    ]
  ],
  "configs": {
    "1": {
      "n_components": 18,
      "n_iter": 6,
      "n_oversamples": 3,
      "power_iteration_normalizer": "auto"
    },
    "2": {
      "n_components": 56,
      "n_iter": 4,
      "n_oversamples": 8,
      "power_iteration_normalizer": "OR"
    },
    "3": {
      "n_components": 22,
      "n_iter": 6,
      "n_oversamples": 3,
      "power_iteration_normalizer": "auto"
    },
    "4": {
      "n_components": 25,
      "n_iter": 7,
      "n_oversamples": 4,
      "power_iteration_normalizer": "auto"
    }
  },
  "config_origins": {
    "1": "Initial Design: Sobol",
    "2": "Initial Design: Sobol",
    "3": "Acquisition Function Maximizer: Local Search",
    "4": "Acquisition Function Maximizer: Local Search"
  }
}