{
  "incumbent_ids": [
    3
  ],
  "rejected_config_ids": [
    1,
    2
  ],
  "incumbents_changed": 3,
  "trajectory": [
    {
      "config_ids": [
        1
      ],
      "costs": [
        0.769874532884671
      ],
      "trial": 1,
      "walltime": 0.10038590431213379
    },
    {
      "config_ids": [
        2
      ],
      "costs": [
        0.020289321003956473
      ],
      "trial": 4,
      "walltime": 3.9664433002471924
    },
    {
      "config_ids": [
        3
      ],
      "costs": [
        0.01849189162712798
      ],
      "trial": 8,
      "walltime": 22.582937479019165
    }
  ],
  "state": {
    "queue": [
      [
        4,
        2
      ]
    ]
  }
}