{
  "incumbent_ids": [
    3
  ],
  "rejected_config_ids": [
    1
  ],
  "incumbents_changed": 2,
  "trajectory": [
    {
      "config_ids": [
        1
      ],
      "costs": [
        0.6370601643078923
      ],
      "trial": 1,
      "walltime": 7.264395713806152
    },
    {
      "config_ids": [
        3
      ],
      "costs": [
        0.5968948126632837
      ],
      "trial": 8,
      "walltime": 41.17847228050232
    }
  ],
  "state": {
    "queue": [
      [
        4,
        2
      ]
    ]
  }
}