{
  "stats": {
    "submitted": 10,
    "finished": 10,
    "running": 0
  },
  "data": [
    [
      1,
      null,
      209652396,
      null,
      0.6370601643078923,
      7.26145601272583,
      1,
      1696442211.4438083,
      1696442218.7065651,
      {}
    ],
    [
      1,
      null,
      398764591,
      null,
      0.6493439166355435,
      8.42229962348938,
      1,
      1696442218.7093158,
      1696442227.132803,
      {}
    ],
    [
      2,
      null,
      209652396,
      null,
      0.6741097821879438,
      3.1424195766448975,
      1,
      1696442227.1352823,
      1696442230.2788167,
      {}
    ],
    [
      2,
      null,
      398764591,
      null,
      0.7015233072420577,
      3.8371543884277344,
      1,
      1696442230.2811623,
      1696442234.1195889,
      {}
    ],
    [
      1,
      null,
      924231285,
      null,
      0.6420153897252394,
      9.112395286560059,
      1,
      1696442234.1230075,
      1696442243.2367773,
      {}
    ],
    [
      3,
      null,
      209652396,
      null,
      0.5890120948304807,
      2.956718921661377,
      1,
      1696442243.4820373,
      1696442246.4399137,
      {}
    ],
    [
      3,
      null,
      398764591,
      null,
      0.5940108955606077,
      3.089195966720581,
      1,
      1696442246.4424455,
      1696442249.5326173,
      {}
    ],
    [
      3,
      null,
      924231285,
      null,
      0.6076614475987627,
      3.083925485610962,
      1,
      1696442249.5350196,
      1696442252.620061,
      {}
    ],
    [
      4,
      null,
      209652396,
      null,
      0.6564568354982097,
      10.06674075126648,
      1,
      1696442252.6239626,
      1696442262.7080882,
      {}
    ],
    [
      4,
      null,
      398764591,
      null,
      0.6352286862682162,
      10.43308973312378,
      1,
      1696442262.7115,
      1696442273.1459584,
      {}
    ]
  ],
  "configs": {
    "1": {
      "alpha": 0.34019066896289585,
      "batch_size": 4,
      "method": "lars",
      "n_components": 8,
      "ridge_alpha": 0.08752058510668576
    },
    "2": {
      "alpha": 0.9592367018572986,
      "batch_size": 3,
      "method": "cd",
      "n_components": 24,
      "ridge_alpha": 0.010323922336101533
    },
    "3": {
      "alpha": 0.5030215901260061,
      "batch_size": 4,
      "method": "lars",
      "n_components": 4,
      "ridge_alpha": 0.0601154189769232
    },
    "4": {
      "alpha": 0.5563669250965634,
      "batch_size": 5,
      "method": "lars",
      "n_components": 8,
      "ridge_alpha": 0.020135671693380243
    }
  },
  "config_origins": {
    "1": "Initial Design: Sobol",
    "2": "Initial Design: Sobol",
    "3": "Acquisition Function Maximizer: Local Search",
    "4": "Acquisition Function Maximizer: Local Search"
  }
}