{
  "incumbent_ids": [
    3
  ],
  "rejected_config_ids": [
    1
  ],
  "incumbents_changed": 2,
  "trajectory": [
    {
      "config_ids": [
        1
      ],
      "costs": [
        0.5371885743554152
      ],
      "trial": 1,
      "walltime": 0.02722907066345215
    },
    {
      "config_ids": [
        3
      ],
      "costs": [
        0.5369078564486306
      ],
      "trial": 8,
      "walltime": 0.41376733779907227
    }
  ],
  "state": {
    "queue": [
      [
        4,
        2
      ]
    ]
  }
}