{
  "stats": {
    "submitted": 10,
    "finished": 10,
    "running": 0
  },
  "data": [
    [
      1,
      null,
      209652396,
      null,
      0.00035026240093214485,
      0.04616379737854004,
      1,
      1695913371.1686504,
      1695913371.2153769,
      {}
    ],
    [
      1,
      null,
      398764591,
      null,
      0.00035026240093214485,
      0.02954578399658203,
      1,
      1695913371.2169204,
      1695913371.2470474,
      {}
    ],
    [
      2,
      null,
      209652396,
      null,
      0.001423006781991659,
      0.1106419563293457,
      1,
      1695913371.2485917,
      1695913371.359819,
      {}
    ],
    [
      2,
      null,
      398764591,
      null,
      0.0010665657014467434,
      0.14449429512023926,
      1,
      1695913371.3612633,
      1695913371.5067034,
      {}
    ],
    [
      1,
      null,
      924231285,
      null,
      0.00035026240093214485,
      0.043010711669921875,
      1,
      1695913371.5087845,
      1695913371.552421,
      {}
    ],
    [
      3,
      null,
      209652396,
      null,
      0.00041970572059175687,
      0.02661585807800293,
      1,
      1695913371.8223805,
      1695913371.8495688,
      {}
    ],
    [
      3,
      null,
      398764591,
      null,
      0.00041970572059175687,
      0.013995885848999023,
      1,
      1695913371.851387,
      1695913371.865994,
      {}
    ],
    [
      3,
      null,
      924231285,
      null,
      0.00041970572059175687,
      0.01390838623046875,
      1,
      1695913371.8674464,
      1695913371.8819065,
      {}
    ],
    [
      4,
      null,
      209652396,
      null,
      0.0005808352935990834,
      0.02054119110107422,
      1,
      1695913371.8838918,
      1695913371.9049976,
      {}
    ],
    [
      4,
      null,
      398764591,
      null,
      0.0005808352935990834,
      0.020511865615844727,
      1,
      1695913371.906495,
      1695913371.9275634,
      {}
    ]
  ],
  "configs": {
    "1": {
      "alpha": 0.34019066896289585,
      "method": "cd",
      "n_components": 3,
      "ridge_alpha": 0.029059861330315476
    },
    "2": {
      "alpha": 0.8744391072541475,
      "method": "lars",
      "n_components": 12,
      "ridge_alpha": 0.06035465487278999
    },
    "3": {
      "alpha": 0.37737823050772246,
      "method": "cd",
      "n_components": 3,
      "ridge_alpha": 0.03189814400132101
    },
    "4": {
      "alpha": 0.40984306426816586,
      "method": "cd",
      "n_components": 4,
      "ridge_alpha": 0.044622535983505886
    }
  },
  "config_origins": {
    "1": "Initial Design: Sobol",
    "2": "Initial Design: Sobol",
    "3": "Acquisition Function Maximizer: Local Search",
    "4": "Acquisition Function Maximizer: Local Search"
  }
}