{
  "incumbent_ids": [
    3
  ],
  "rejected_config_ids": [
    1,
    2
  ],
  "incumbents_changed": 3,
  "trajectory": [
    {
      "config_ids": [
        1
      ],
      "costs": [
        0.49006684937011724
      ],
      "trial": 1,
      "walltime": 0.07670974731445312
    },
    {
      "config_ids": [
        2
      ],
      "costs": [
        0.4868226426022064
      ],
      "trial": 4,
      "walltime": 0.4985170364379883
    },
    {
      "config_ids": [
        3
      ],
      "costs": [
        0.4813055560344129
      ],
      "trial": 8,
      "walltime": 1.1652209758758545
    }
  ],
  "state": {
    "queue": [
      [
        4,
        2
      ]
    ]
  }
}