{
  "incumbent_ids": [
    2
  ],
  "rejected_config_ids": [
    1
  ],
  "incumbents_changed": 2,
  "trajectory": [
    {
      "config_ids": [
        1
      ],
      "costs": [
        0.5828163591241519
      ],
      "trial": 1,
      "walltime": 0.050872802734375
    },
    {
      "config_ids": [
        2
      ],
      "costs": [
        0.4502998063455012
      ],
      "trial": 4,
      "walltime": 0.18226408958435059
    }
  ],
  "state": {
    "queue": [
      [
        4,
        2
      ]
    ]
  }
}