{
  "stats": {
    "submitted": 10,
    "finished": 10,
    "running": 0
  },
  "data": [
    [
      1,
      null,
      209652396,
      null,
      0.5828163591241519,
      0.04918861389160156,
      1,
      1694798741.827797,
      1694798741.8776689,
      {}
    ],
    [
      1,
      null,
      398764591,
      null,
      0.5828163591241509,
      0.0490264892578125,
      1,
      1694798741.8793051,
      1694798741.9290361,
      {}
    ],
    [
      2,
      null,
      209652396,
      null,
      0.45029981187048695,
      0.0373845100402832,
      1,
      1694798741.930649,
      1694798741.9687383,
      {}
    ],
    [
      2,
      null,
      398764591,
      null,
      0.45029980082051546,
      0.037729501724243164,
      1,
      1694798741.9701943,
      1694798742.0086288,
      {}
    ],
    [
      2,
      null,
      924231285,
      null,
      0.4503000188228019,
      0.0371096134185791,
      1,
      1694798742.010808,
      1694798742.048605,
      {}
    ],
    [
      3,
      null,
      209652396,
      null,
      0.524021420604875,
      0.04365110397338867,
      1,
      1694798742.1689317,
      1694798742.2132862,
      {}
    ],
    [
      3,
      null,
      398764591,
      null,
      0.6112143339271054,
      0.03756904602050781,
      1,
      1694798742.2149072,
      1694798742.2531826,
      {}
    ],
    [
      3,
      null,
      924231285,
      null,
      0.5240476442693508,
      0.04353475570678711,
      1,
      1694798742.2547865,
      1694798742.2990408,
      {}
    ],
    [
      4,
      null,
      209652396,
      null,
      0.4501489120162767,
      0.036865949630737305,
      1,
      1694798742.301445,
      1694798742.339022,
      {}
    ],
    [
      4,
      null,
      398764591,
      null,
      0.45014917420014966,
      0.037222862243652344,
      1,
      1694798742.3406656,
      1694798742.378618,
      {}
    ]
  ],
  "configs": {
    "1": {
      "alpha_W": 0.2668785210698843,
      "init": "nndsvda",
      "l1_ratio": 0.10750788170844316,
      "n_components": 2,
      "solver": "mu",
      "verbose": 0,
      "beta_loss": "itakura-saito"
    },
    "2": {
      "alpha_W": 0.517645406536758,
      "init": "random",
      "l1_ratio": 0.8396603688597679,
      "n_components": 4,
      "solver": "cd",
      "verbose": 1
    },
    "3": {
      "alpha_W": 0.24174852962547244,
      "init": "random",
      "l1_ratio": 0.5285496006762229,
      "n_components": 3,
      "solver": "cd",
      "verbose": 0
    },
    "4": {
      "alpha_W": 0.6729799404758375,
      "init": "random",
      "l1_ratio": 0.9467059074858553,
      "n_components": 3,
      "solver": "cd",
      "verbose": 0
    }
  },
  "config_origins": {
    "1": "Initial Design: Sobol",
    "2": "Initial Design: Sobol",
    "3": "Acquisition Function Maximizer: Local Search",
    "4": "Acquisition Function Maximizer: Local Search"
  }
}