{
  "incumbent_ids": [
    3
  ],
  "rejected_config_ids": [
    1,
    2
  ],
  "incumbents_changed": 3,
  "trajectory": [
    {
      "config_ids": [
        1
      ],
      "costs": [
        0.5390086186956657
      ],
      "trial": 1,
      "walltime": 0.21172690391540527
    },
    {
      "config_ids": [
        2
      ],
      "costs": [
        0.4363951577766204
      ],
      "trial": 4,
      "walltime": 2.0470285415649414
    },
    {
      "config_ids": [
        3
      ],
      "costs": [
        0.43638007726612593
      ],
      "trial": 8,
      "walltime": 5.53660774230957
    }
  ],
  "state": {
    "queue": [
      [
        4,
        2
      ]
    ]
  }
}