{
  "incumbent_ids": [
    2
  ],
  "rejected_config_ids": [
    1
  ],
  "incumbents_changed": 2,
  "trajectory": [
    {
      "config_ids": [
        1
      ],
      "costs": [
        0.4985635389399107
      ],
      "trial": 1,
      "walltime": 0.05101370811462402
    },
    {
      "config_ids": [
        2
      ],
      "costs": [
        0.4299250738981696
      ],
      "trial": 4,
      "walltime": 0.16341495513916016
    }
  ],
  "state": {
    "queue": [
      [
        4,
        2
      ]
    ]
  }
}