{
  "stats": {
    "submitted": 10,
    "finished": 10,
    "running": 0
  },
  "data": [
    [
      1,
      null,
      209652396,
      null,
      0.4985635389399107,
      0.04977726936340332,
      1,
      1696443651.6960533,
      1696443651.7463093,
      {}
    ],
    [
      1,
      null,
      398764591,
      null,
      0.4985635389399107,
      0.05046725273132324,
      1,
      1696443651.747559,
      1696443651.7985146,
      {}
    ],
    [
      2,
      null,
      209652396,
      null,
      0.4299250738981696,
      0.028213977813720703,
      1,
      1696443651.7998528,
      1696443651.8285627,
      {}
    ],
    [
      2,
      null,
      398764591,
      null,
      0.4299250738981696,
      0.028176069259643555,
      1,
      1696443651.8297539,
      1696443651.8584127,
      {}
    ],
    [
      2,
      null,
      924231285,
      null,
      0.4299250738981696,
      0.021792888641357422,
      1,
      1696443651.8600235,
      1696443651.88229,
      {}
    ],
    [
      3,
      null,
      209652396,
      null,
      0.4302322700320298,
      0.02117300033569336,
      1,
      1696443651.951434,
      1696443651.9730957,
      {}
    ],
    [
      3,
      null,
      398764591,
      null,
      0.4302322700320298,
      0.020813465118408203,
      1,
      1696443651.974434,
      1696443651.9957218,
      {}
    ],
    [
      3,
      null,
      924231285,
      null,
      0.4302322700320298,
      0.020600080490112305,
      1,
      1696443651.9969864,
      1696443652.018076,
      {}
    ],
    [
      4,
      null,
      209652396,
      null,
      0.4303768561628508,
      0.020787477493286133,
      1,
      1696443652.0197473,
      1696443652.0410125,
      {}
    ],
    [
      4,
      null,
      398764591,
      null,
      0.4303768561628508,
      0.020699739456176758,
      1,
      1696443652.0423563,
      1696443652.0635424,
      {}
    ]
  ],
  "configs": {
    "1": {
      "batch_size": 28,
      "n_components": 3
    },
    "2": {
      "batch_size": 39,
      "n_components": 2
    },
    "3": {
      "batch_size": 33,
      "n_components": 2
    },
    "4": {
      "batch_size": 32,
      "n_components": 2
    }
  },
  "config_origins": {
    "1": "Initial Design: Sobol",
    "2": "Initial Design: Sobol",
    "3": "Acquisition Function Maximizer: Random Search (sorted)",
    "4": "Acquisition Function Maximizer: Local Search"
  }
}