{
  "stats": {
    "submitted": 10,
    "finished": 10,
    "running": 0
  },
  "data": [
    [
      1,
      null,
      209652396,
      null,
      0.652237368956351,
      0.6461315155029297,
      1,
      1695997516.9742742,
      1695997517.6211717,
      {}
    ],
    [
      1,
      null,
      398764591,
      null,
      0.652237368956351,
      0.5708420276641846,
      1,
      1695997517.6229367,
      1695997518.1944678,
      {}
    ],
    [
      2,
      null,
      209652396,
      null,
      0.7476257492203744,
      0.5799269676208496,
      1,
      1695997518.196243,
      1695997518.7768583,
      {}
    ],
    [
      2,
      null,
      398764591,
      null,
      0.7476257492203744,
      0.6889007091522217,
      1,
      1695997518.7783792,
      1695997519.467932,
      {}
    ],
    [
      1,
      null,
      924231285,
      null,
      0.6522373689563508,
      0.7455465793609619,
      1,
      1695997519.4697251,
      1695997520.2160141,
      {}
    ],
    [
      3,
      null,
      209652396,
      null,
      0.7476257492203744,
      0.6627306938171387,
      1,
      1695997520.307845,
      1695997520.971225,
      {}
    ],
    [
      3,
      null,
      398764591,
      null,
      0.7476257492203744,
      0.8589117527008057,
      1,
      1695997520.9729786,
      1695997521.8325906,
      {}
    ],
    [
      3,
      null,
      924231285,
      null,
      0.7476257492203746,
      0.6252107620239258,
      1,
      1695997521.8341637,
      1695997522.4600165,
      {}
    ],
    [
      4,
      null,
      209652396,
      null,
      0.7476257492203744,
      0.6586246490478516,
      1,
      1695997522.4621305,
      1695997523.1213944,
      {}
    ],
    [
      4,
      null,
      398764591,
      null,
      0.7476257492203744,
      0.6592044830322266,
      1,
      1695997523.1229742,
      1695997523.7828157,
      {}
    ]
  ],
  "configs": {
    "1": {
      "n_components": 2,
      "n_iter": 6,
      "n_oversamples": 3,
      "power_iteration_normalizer": "auto"
    },
    "2": {
      "n_components": 3,
      "n_iter": 4,
      "n_oversamples": 8,
      "power_iteration_normalizer": "OR"
    },
    "3": {
      "n_components": 3,
      "n_iter": 7,
      "n_oversamples": 3,
      "power_iteration_normalizer": "auto"
    },
    "4": {
      "n_components": 3,
      "n_iter": 7,
      "n_oversamples": 5,
      "power_iteration_normalizer": "OR"
    }
  },
  "config_origins": {
    "1": "Initial Design: Sobol",
    "2": "Initial Design: Sobol",
    "3": "Acquisition Function Maximizer: Random Search (sorted)",
    "4": "Acquisition Function Maximizer: Local Search"
  }
}