{
  "stats": {
    "submitted": 68,
    "finished": 68,
    "running": 0
  },
  "data": [
    [
      1,
      null,
      209652396,
      null,
      0.7405158425120419,
      2.056119680404663,
      1,
      1703642317.385064,
      1703642319.4421318,
      {}
    ],
    [
      1,
      null,
      398764591,
      null,
      0.7405158425120419,
      0.9300990104675293,
      1,
      1703642319.4441447,
      1703642320.3791928,
      {}
    ],
    [
      2,
      null,
      209652396,
      null,
      0.46620843885725405,
      0.7681176662445068,
      1,
      1703642320.3810873,
      1703642321.1501303,
      {}
    ],
    [
      2,
      null,
      398764591,
      null,
      0.46620843885725405,
      1.5426437854766846,
      1,
      1703642321.1519778,
      1703642322.6955767,
      {}
    ],
    [
      2,
      null,
      924231285,
      null,
      0.46620843885725405,
      0.9373328685760498,
      1,
      1703642322.697904,
      1703642323.6361146,
      {}
    ],
    [
      3,
      null,
      209652396,
      null,
      0.5081760540072463,
      1.2806370258331299,
      1,
      1703642323.6382272,
      1703642324.9197729,
      {}
    ],
    [
      3,
      null,
      398764591,
      null,
      0.5081760540072463,
      0.7524189949035645,
      1,
      1703642324.9216468,
      1703642325.6749563,
      {}
    ],
    [
      3,
      null,
      924231285,
      null,
      0.5081760540072463,
      0.8288030624389648,
      1,
      1703642325.679757,
      1703642326.5094426,
      {}
    ],
    [
      4,
      null,
      209652396,
      null,
      0.6724911152824051,
      0.8908329010009766,
      1,
      1703642326.511873,
      1703642327.403571,
      {}
    ],
    [
      4,
      null,
      398764591,
      null,
      0.6724911152824051,
      1.0266311168670654,
      1,
      1703642327.4078703,
      1703642328.4354136,
      {}
    ],
    [
      4,
      null,
      924231285,
      null,
      0.6724911152824051,
      0.9202880859375,
      1,
      1703642328.4373484,
      1703642329.3585196,
      {}
    ],
    [
      5,
      null,
      209652396,
      null,
      0.5081760540072466,
      0.541388750076294,
      1,
      1703642329.3629801,
      1703642329.905258,
      {}
    ],
    [
      5,
      null,
      398764591,
      null,
      0.5081760540072466,
      0.25197410583496094,
      1,
      1703642329.9073703,
      1703642330.1601999,
      {}
    ],
    [
      5,
      null,
      924231285,
      null,
      0.5081760540072466,
      0.3362877368927002,
      1,
      1703642330.1620643,
      1703642330.499171,
      {}
    ],
    [
      6,
      null,
      209652396,
      null,
      0.4662084388572657,
      1.0692365169525146,
      1,
      1703642330.6156816,
      1703642331.6857624,
      {}
    ],
    [
      6,
      null,
      398764591,
      null,
      0.4662084388572657,
      1.1577868461608887,
      1,
      1703642331.6877975,
      1703642332.846454,
      {}
    ],
    [
      6,
      null,
      924231285,
      null,
      0.4662084388572657,
      1.336348295211792,
      1,
      1703642332.8485594,
      1703642334.1858134,
      {}
    ],
    [
      7,
      null,
      209652396,
      null,
      0.4662084388572658,
      1.4128715991973877,
      1,
      1703642334.1905725,
      1703642335.6042802,
      {}
    ],
    [
      7,
      null,
      398764591,
      null,
      0.4662084388572658,
      0.4868335723876953,
      1,
      1703642335.6062624,
      1703642336.0939183,
      {}
    ],
    [
      7,
      null,
      924231285,
      null,
      0.4662084388572658,
      0.7464625835418701,
      1,
      1703642336.0957723,
      1703642336.8430269,
      {}
    ],
    [
      8,
      null,
      209652396,
      null,
      0.4662084388572645,
      0.7504205703735352,
      1,
      1703642336.848246,
      1703642337.5994558,
      {}
    ],
    [
      8,
      null,
      398764591,
      null,
      0.4662084388572645,
      0.7981531620025635,
      1,
      1703642337.6013892,
      1703642338.4003417,
      {}
    ],
    [
      8,
      null,
      924231285,
      null,
      0.4662084388572645,
      0.41676831245422363,
      1,
      1703642338.4022868,
      1703642338.8198469,
      {}
    ],
    [
      9,
      null,
      209652396,
      null,
      0.4662084388572528,
      0.9794883728027344,
      1,
      1703642338.8225482,
      1703642339.802832,
      {}
    ],
    [
      9,
      null,
      398764591,
      null,
      0.4662084388572528,
      0.5093145370483398,
      1,
      1703642339.8063273,
      1703642340.3164368,
      {}
    ],
    [
      9,
      null,
      924231285,
      null,
      0.4662084388572528,
      0.433382511138916,
      1,
      1703642340.3186018,
      1703642340.7527833,
      {}
    ],
    [
      10,
      null,
      209652396,
      null,
      0.740515842512032,
      0.49382519721984863,
      1,
      1703642340.7558484,
      1703642341.2504678,
      {}
    ],
    [
      10,
      null,
      398764591,
      null,
      0.740515842512032,
      0.5772502422332764,
      1,
      1703642341.2525914,
      1703642341.8306375,
      {}
    ],
    [
      10,
      null,
      924231285,
      null,
      0.740515842512032,
      0.45748353004455566,
      1,
      1703642341.8327856,
      1703642342.2910657,
      {}
    ],
    [
      11,
      null,
      209652396,
      null,
      0.5081760540072464,
      0.4739971160888672,
      1,
      1703642342.2942874,
      1703642342.769071,
      {}
    ],
    [
      11,
      null,
      398764591,
      null,
      0.5081760540072464,
      0.47119665145874023,
      1,
      1703642342.7713337,
      1703642343.2433128,
      {}
    ],
    [
      11,
      null,
      924231285,
      null,
      0.5081760540072464,
      0.6153726577758789,
      1,
      1703642343.2455378,
      1703642343.8616965,
      {}
    ],
    [
      12,
      null,
      209652396,
      null,
      0.5081760540072463,
      0.24111676216125488,
      1,
      1703642343.8647168,
      1703642344.1097717,
      {}
    ],
    [
      12,
      null,
      398764591,
      null,
      0.5081760540072463,
      0.5376288890838623,
      1,
      1703642344.1121075,
      1703642344.650546,
      {}
    ],
    [
      12,
      null,
      924231285,
      null,
      0.5081760540072463,
      0.3150143623352051,
      1,
      1703642344.6528978,
      1703642344.968706,
      {}
    ],
    [
      13,
      null,
      209652396,
      null,
      0.5081760540072463,
      0.14794254302978516,
      1,
      1703642344.9736602,
      1703642345.1224003,
      {}
    ],
    [
      13,
      null,
      398764591,
      null,
      0.5081760540072463,
      0.15726590156555176,
      1,
      1703642345.124827,
      1703642345.2828817,
      {}
    ],
    [
      13,
      null,
      924231285,
      null,
      0.5081760540072463,
      0.20497965812683105,
      1,
      1703642345.2852461,
      1703642345.4910116,
      {}
    ],
    [
      14,
      null,
      209652396,
      null,
      0.4662084388572527,
      0.8812971115112305,
      1,
      1703642345.6972725,
      1703642346.57931,
      {}
    ],
    [
      14,
      null,
      398764591,
      null,
      0.4662084388572527,
      0.35694122314453125,
      1,
      1703642346.5821712,
      1703642346.939955,
      {}
    ],
    [
      14,
      null,
      924231285,
      null,
      0.4662084388572527,
      0.21418190002441406,
      1,
      1703642346.9426823,
      1703642347.1576836,
      {}
    ],
    [
      15,
      null,
      209652396,
      null,
      0.6724911152823975,
      0.15495800971984863,
      1,
      1703642347.1622252,
      1703642347.317969,
      {}
    ],
    [
      15,
      null,
      398764591,
      null,
      0.6724911152823975,
      0.11574339866638184,
      1,
