{
  "stats": {
    "submitted": 10,
    "finished": 10,
    "running": 0
  },
  "data": [
    [
      1,
      null,
      209652396,
      null,
      0.051573265824036985,
      0.03778243064880371,
      1,
      1695913767.3835604,
      1695913767.4219658,
      {}
    ],
    [
      1,
      null,
      398764591,
      null,
      0.05157321346410326,
      0.044393062591552734,
      1,
      1695913767.4234662,
      1695913767.4684448,
      {}
    ],
    [
      2,
      null,
      209652396,
      null,
      0.05206254827116641,
      0.0405421257019043,
      1,
      1695913767.4699903,
      1695913767.5111394,
      {}
    ],
    [
      2,
      null,
      398764591,
      null,
      0.05206254827116641,
      0.043454647064208984,
      1,
      1695913767.5125134,
      1695913767.5565665,
      {}
    ],
    [
      1,
      null,
      924231285,
      null,
      0.051573348819843434,
      0.04401206970214844,
      1,
      1695913767.5583827,
      1695913767.602986,
      {}
    ],
    [
      3,
      null,
      209652396,
      null,
      0.05166020553846795,
      0.033720970153808594,
      1,
      1695913767.7219632,
      1695913767.756281,
      {}
    ],
    [
      3,
      null,
      398764591,
      null,
      0.05166019738442629,
      0.03285503387451172,
      1,
      1695913767.7577736,
      1695913767.7912307,
      {}
    ],
    [
      3,
      null,
      924231285,
      null,
      0.05166018170268183,
      0.032917022705078125,
      1,
      1695913767.7927043,
      1695913767.826227,
      {}
    ],
    [
      4,
      null,
      209652396,
      null,
      0.05182177488690021,
      0.03368711471557617,
      1,
      1695913767.828235,
      1695913767.862515,
      {}
    ],
    [
      4,
      null,
      398764591,
      null,
      0.051822187996701685,
      0.03335762023925781,
      1,
      1695913767.864046,
      1695913767.8979924,
      {}
    ]
  ],
  "configs": {
    "1": {
      "n_components": 15,
      "n_iter": 6,
      "n_oversamples": 3,
      "power_iteration_normalizer": "auto"
    },
    "2": {
      "n_components": 44,
      "n_iter": 4,
      "n_oversamples": 8,
      "power_iteration_normalizer": "OR"
    },
    "3": {
      "n_components": 17,
      "n_iter": 6,
      "n_oversamples": 7,
      "power_iteration_normalizer": "auto"
    },
    "4": {
      "n_components": 23,
      "n_iter": 6,
      "n_oversamples": 5,
      "power_iteration_normalizer": "auto"
    }
  },
  "config_origins": {
    "1": "Initial Design: Sobol",
    "2": "Initial Design: Sobol",
    "3": "Acquisition Function Maximizer: Local Search",
    "4": "Acquisition Function Maximizer: Local Search"
  }
}