{
  "incumbent_ids": [
    3
  ],
  "rejected_config_ids": [
    1
  ],
  "incumbents_changed": 2,
  "trajectory": [
    {
      "config_ids": [
        1
      ],
      "costs": [
        0.43039768870819683
      ],
      "trial": 1,
      "walltime": 0.8820555210113525
    },
    {
      "config_ids": [
        3
      ],
      "costs": [
        0.4211727059636168
      ],
      "trial": 8,
      "walltime": 6.247101545333862
    }
  ],
  "state": {
    "queue": [
      [
        4,
        2
      ]
    ]
  }
}