{
  "stats": {
    "submitted": 10,
    "finished": 10,
    "running": 0
  },
  "data": [
    [
      1,
      null,
      209652396,
      null,
      0.43039768870819683,
      0.8804876804351807,
      1,
      1696443611.0906434,
      1696443611.9717247,
      {}
    ],
    [
      1,
      null,
      398764591,
      null,
      0.43152491637901347,
      0.8881344795227051,
      1,
      1696443611.9733276,
      1696443612.8620682,
      {}
    ],
    [
      2,
      null,
      209652396,
      null,
      0.45626439296903687,
      0.35016465187072754,
      1,
      1696443612.8636806,
      1696443613.2144554,
      {}
    ],
    [
      2,
      null,
      398764591,
      null,
      0.45626439296903687,
      0.34899091720581055,
      1,
      1696443613.2159364,
      1696443613.5655317,
      {}
    ],
    [
      1,
      null,
      924231285,
      null,
      0.4057228833963218,
      0.8857455253601074,
      1,
      1696443613.5673788,
      1696443614.4537368,
      {}
    ],
    [
      3,
      null,
      209652396,
      null,
      0.4054641143914639,
      0.894667387008667,
      1,
      1696443614.5785244,
      1696443615.473804,
      {}
    ],
    [
      3,
      null,
      398764591,
      null,
      0.42770630775739105,
      0.8981308937072754,
      1,
      1696443615.4753213,
      1696443616.374072,
      {}
    ],
    [
      3,
      null,
      924231285,
      null,
      0.4303476957419954,
      0.9599976539611816,
      1,
      1696443616.3756607,
      1696443617.3363326,
      {}
    ],
    [
      4,
      null,
      209652396,
      null,
      0.4276414119976901,
      0.36593174934387207,
      1,
      1696443617.3388848,
      1696443617.705479,
      {}
    ],
    [
      4,
      null,
      398764591,
      null,
      0.42764141199769024,
      0.3756587505340576,
      1,
      1696443617.707064,
      1696443618.0833364,
      {}
    ]
  ],
  "configs": {
    "1": {
      "alpha": 0.34019066896289585,
      "batch_size": 4,
      "method": "lars",
      "n_components": 2,
      "ridge_alpha": 0.08752058510668576
    },
    "2": {
      "alpha": 0.9592367018572986,
      "batch_size": 3,
      "method": "cd",
      "n_components": 5,
      "ridge_alpha": 0.010323922336101533
    },
    "3": {
      "alpha": 0.4873737086415192,
      "batch_size": 4,
      "method": "lars",
      "n_components": 2,
      "ridge_alpha": 0.0642769584080084
    },
    "4": {
      "alpha": 0.43269866117603706,
      "batch_size": 5,
      "method": "cd",
      "n_components": 2,
      "ridge_alpha": 0.07405152848424217
    }
  },
  "config_origins": {
    "1": "Initial Design: Sobol",
    "2": "Initial Design: Sobol",
    "3": "Acquisition Function Maximizer: Local Search",
    "4": "Acquisition Function Maximizer: Local Search"
  }
}