{
  "stats": {
    "submitted": 10,
    "finished": 10,
    "running": 0
  },
  "data": [
    [
      1,
      null,
      209652396,
      null,
      0.47273164719111527,
      1.3535122871398926,
      1,
      1695829637.6940455,
      1695829639.048162,
      {}
    ],
    [
      1,
      null,
      398764591,
      null,
      0.49360016768900183,
      1.3972604274749756,
      1,
      1695829639.0497541,
      1695829640.4476116,
      {}
    ],
    [
      2,
      null,
      209652396,
      null,
      0.519658851843014,
      0.49350404739379883,
      1,
      1695829640.4492261,
      1695829640.9433258,
      {}
    ],
    [
      2,
      null,
      398764591,
      null,
      0.5144586584561184,
      0.4756941795349121,
      1,
      1695829640.9447699,
      1695829641.4210732,
      {}
    ],
    [
      1,
      null,
      924231285,
      null,
      0.4844300045374227,
      1.4178943634033203,
      1,
      1695829641.422903,
      1695829642.8414001,
      {}
    ],
    [
      3,
      null,
      209652396,
      null,
      0.5076701110260046,
      2.7331221103668213,
      1,
      1695829642.9805863,
      1695829645.7144065,
      {}
    ],
    [
      3,
      null,
      398764591,
      null,
      0.5124156751460127,
      2.62959361076355,
      1,
      1695829645.7165077,
      1695829648.34693,
      {}
    ],
    [
      3,
      null,
      924231285,
      null,
      0.5115180685587882,
      2.584768295288086,
      1,
      1695829648.3490713,
      1695829650.934598,
      {}
    ],
    [
      4,
      null,
      209652396,
      null,
      0.5209093318075186,
      2.428931474685669,
      1,
      1695829650.9369516,
      1695829653.366625,
      {}
    ],
    [
      4,
      null,
      398764591,
      null,
      0.5267149095583763,
      2.5597171783447266,
      1,
      1695829653.36876,
      1695829655.9293199,
      {}
    ]
  ],
  "configs": {
    "1": {
      "alpha": 0.34019066896289585,
      "batch_size": 4,
      "method": "lars",
      "n_components": 4,
      "ridge_alpha": 0.08752058510668576
    },
    "2": {
      "alpha": 0.9592367018572986,
      "batch_size": 3,
      "method": "cd",
      "n_components": 11,
      "ridge_alpha": 0.010323922336101533
    },
    "3": {
      "alpha": 0.5754808294462845,
      "batch_size": 5,
      "method": "lars",
      "n_components": 11,
      "ridge_alpha": 0.08038995877003065
    },
    "4": {
      "alpha": 0.5076209493164888,
      "batch_size": 4,
      "method": "lars",
      "n_components": 10,
      "ridge_alpha": 0.07601172344883325
    }
  },
  "config_origins": {
    "1": "Initial Design: Sobol",
    "2": "Initial Design: Sobol",
    "3": "Acquisition Function Maximizer: Local Search",
    "4": "Acquisition Function Maximizer: Local Search"
  }
}