{
  "incumbent_ids": [
    2
  ],
  "rejected_config_ids": [
    1
  ],
  "incumbents_changed": 2,
  "trajectory": [
    {
      "config_ids": [
        1
      ],
      "costs": [
        0.6438474670836606
      ],
      "trial": 1,
      "walltime": 1.5630414485931396
    },
    {
      "config_ids": [
        2
      ],
      "costs": [
        0.6438474670836594
      ],
      "trial": 4,
      "walltime": 6.712538957595825
    }
  ],
  "state": {
    "queue": [
      [
        34,
        2
      ]
    ]
  }
}