{
  "incumbent_ids": [
    3
  ],
  "rejected_config_ids": [
    1
  ],
  "incumbents_changed": 2,
  "trajectory": [
    {
      "config_ids": [
        1
      ],
      "costs": [
        0.5209085105782177
      ],
      "trial": 1,
      "walltime": 0.2783937454223633
    },
    {
      "config_ids": [
        3
      ],
      "costs": [
        0.45335072808134697
      ],
      "trial": 8,
      "walltime": 2.617652654647827
    }
  ],
  "state": {
    "queue": [
      [
        4,
        2
      ]
    ]
  }
}