{
  "stats": {
    "submitted": 71,
    "finished": 71,
    "running": 0
  },
  "data": [
    [
      1,
      null,
      209652396,
      null,
      0.4891675482565506,
      0.9394173622131348,
      1,
      1703643477.3465533,
      1703643478.2866554,
      {}
    ],
    [
      1,
      null,
      398764591,
      null,
      0.4891675482565506,
      0.5659770965576172,
      1,
      1703643478.288305,
      1703643478.8550327,
      {}
    ],
    [
      2,
      null,
      209652396,
      null,
      0.40041427976142663,
      0.49764132499694824,
      1,
      1703643478.856661,
      1703643479.3578432,
      {}
    ],
    [
      2,
      null,
      398764591,
      null,
      0.40041427976142663,
      0.4099762439727783,
      1,
      1703643479.3594058,
      1703643479.770138,
      {}
    ],
    [
      2,
      null,
      924231285,
      null,
      0.40041427976142663,
      0.36911797523498535,
      1,
      1703643479.7722294,
      1703643480.1420944,
      {}
    ],
    [
      3,
      null,
      209652396,
      null,
      0.531136316942178,
      0.4452815055847168,
      1,
      1703643480.1438622,
      1703643480.589887,
      {}
    ],
    [
      3,
      null,
      398764591,
      null,
      0.531136316942178,
      0.502995491027832,
      1,
      1703643480.591463,
      1703643481.0951738,
      {}
    ],
    [
      3,
      null,
      924231285,
      null,
      0.531136316942178,
      0.4584226608276367,
      1,
      1703643481.09661,
      1703643481.5557172,
      {}
    ],
    [
      4,
      null,
      209652396,
      null,
      0.489113439482325,
      0.681121826171875,
      1,
      1703643481.557601,
      1703643482.2394085,
      {}
    ],
    [
      4,
      null,
      398764591,
      null,
      0.489113439482325,
      0.6770343780517578,
      1,
      1703643482.2409227,
      1703643482.9186392,
      {}
    ],
    [
      4,
      null,
      924231285,
      null,
      0.489113439482325,
      0.7413363456726074,
      1,
      1703643482.9201605,
      1703643483.6621835,
      {}
    ],
    [
      5,
      null,
      209652396,
      null,
      0.531136316942178,
      0.23975825309753418,
      1,
      1703643483.664216,
      1703643483.9046657,
      {}
    ],
    [
      5,
      null,
      398764591,
      null,
      0.531136316942178,
      0.637129545211792,
      1,
      1703643483.9062464,
      1703643484.5440528,
      {}
    ],
    [
      5,
      null,
      924231285,
      null,
      0.531136316942178,
      0.6727397441864014,
      1,
      1703643484.5455818,
      1703643485.2190003,
      {}
    ],
    [
      6,
      null,
      209652396,
      null,
      0.4022956898940009,
      0.7162787914276123,
      1,
      1703643485.4322166,
      1703643486.148992,
      {}
    ],
    [
      6,
      null,
      398764591,
      null,
      0.4022956898940009,
      0.21387648582458496,
      1,
      1703643486.1570008,
      1703643486.37156,
      {}
    ],
    [
      6,
      null,
      924231285,
      null,
      0.4022956898940009,
      0.25756072998046875,
      1,
      1703643486.3733952,
      1703643486.631704,
      {}
    ],
    [
      7,
      null,
      209652396,
      null,
      0.4031220469219243,
      0.14056944847106934,
      1,
      1703643486.634267,
      1703643486.7755885,
      {}
    ],
    [
      7,
      null,
      398764591,
      null,
      0.4031220469219243,
      0.18706679344177246,
      1,
      1703643486.7774014,
      1703643486.9652019,
      {}
    ],
    [
      7,
      null,
      924231285,
      null,
      0.4031220469219243,
      0.12776660919189453,
      1,
      1703643486.9671845,
      1703643487.095672,
      {}
    ],
    [
      8,
      null,
      209652396,
      null,
      0.40303640467457325,
      0.08958959579467773,
      1,
      1703643487.0981061,
      1703643487.1884093,
      {}
    ],
    [
      8,
      null,
      398764591,
      null,
      0.40303640467457325,
      0.07895612716674805,
      1,
      1703643487.1902103,
      1703643487.2698476,
      {}
    ],
    [
      8,
      null,
      924231285,
      null,
      0.40303640467457325,
      0.1533668041229248,
      1,
      1703643487.2716172,
      1703643487.4256651,
      {}
    ],
    [
      9,
      null,
      209652396,
      null,
      0.40428266287292736,
      0.17084884643554688,
      1,
      1703643487.4280233,
      1703643487.599572,
      {}
    ],
    [
      9,
      null,
      398764591,
      null,
      0.40428266287292736,
      0.1187126636505127,
      1,
      1703643487.6013873,
      1703643487.7207823,
      {}
    ],
    [
      9,
      null,
      924231285,
      null,
      0.40428266287292736,
      0.15703845024108887,
      1,
      1703643487.7226145,
      1703643487.8803394,
      {}
    ],
    [
      10,
      null,
      209652396,
      null,
      0.40222239191572184,
      0.127608060836792,
      1,
      1703643487.8827603,
      1703643488.0110507,
      {}
    ],
    [
      10,
      null,
      398764591,
      null,
      0.40222239191572184,
      0.13796401023864746,
      1,
      1703643488.0129485,
      1703643488.151605,
      {}
    ],
    [
      10,
      null,
      924231285,
      null,
      0.40222239191572184,
      0.2116992473602295,
      1,
      1703643488.153523,
      1703643488.3659048,
      {}
    ],
    [
      11,
      null,
      209652396,
      null,
      0.400551396180289,
      0.11071276664733887,
      1,
      1703643488.3685267,
      1703643488.4799213,
      {}
    ],
    [
      11,
      null,
      398764591,
      null,
      0.400551396180289,
      0.09720277786254883,
      1,
      1703643488.4819307,
      1703643488.5798178,
      {}
    ],
    [
      11,
      null,
      924231285,
      null,
      0.400551396180289,
      0.0995783805847168,
      1,
      1703643488.581796,
      1703643488.6820598,
      {}
    ],
    [
      12,
      null,
      209652396,
      null,
      0.4005447821725512,
      0.09643054008483887,
      1,
      1703643488.6847262,
      1703643488.7818475,
      {}
    ],
    [
      12,
      null,
      398764591,
      null,
      0.4005447821725512,
      0.10503196716308594,
      1,
      1703643488.7839077,
      1703643488.889622,
      {}
    ],
    [
      12,
      null,
      924231285,
      null,
      0.4005447821725512,
      0.10252976417541504,
      1,
      1703643488.8916779,
      1703643488.9948905,
      {}
    ],
    [
      13,
      null,
      209652396,
      null,
      0.40002594225145527,
      0.0926976203918457,
      1,
      1703643488.9975712,
      1703643489.0909586,
      {}
    ],
    [
      13,
      null,
      398764591,
      null,
      0.40002594225145527,
      0.10790705680847168,
      1,
      1703643489.093095,
      1703643489.201688,
      {}
    ],
    [
      13,
      null,
      924231285,
      null,
      0.40002594225145527,
      0.09856772422790527,
      1,
      1703643489.203813,
      1703643489.3030684,
      {}
    ],
    [
      14,
      null,
      209652396,
      null,
      0.39999521878491684,
      0.39396023750305176,
      1,
      1703643489.5800612,
      1703643489.974667,
      {}
    ],
    [
      14,
      null,
      398764591,
      null,
      0.39999521878491684,
      0.2210538387298584,
      1,
      1703643489.977243,
      1703643490.199026,
      {}
    ],
    [
      14,
      null,
      924231285,
      null,
      0.39999521878491684,
      0.2794456481933594,
      1,
      1703643490.2015727,
      1703643490.4817321,
      {}
    ],
    [
      15,
      null,
      209652396,
      null,
      0.4893446666252018,
      0.3434023857116699,
      1,
      1703643490.487833,
      1703643490.8319416,
      {}
    ],
    [
      15,
      null,
      398764591,
      null,
      0.4893446666252018,
      0.35898303985595703,
      1,
