{
  "stats": {
    "submitted": 10,
    "finished": 10,
    "running": 0
  },
  "data": [
    [
      1,
      null,
      209652396,
      null,
      0.08904463565137921,
      0.21555519104003906,
      1,
      1695169080.3735218,
      1695169080.5902646,
      {}
    ],
    [
      1,
      null,
      398764591,
      null,
      0.08904478551898509,
      0.13937687873840332,
      1,
      1695169080.597242,
      1695169080.7378583,
      {}
    ],
    [
      2,
      null,
      209652396,
      null,
      0.08933677283199404,
      0.15272212028503418,
      1,
      1695169080.7403526,
      1695169080.894245,
      {}
    ],
    [
      2,
      null,
      398764591,
      null,
      0.08933676999238782,
      0.14707064628601074,
      1,
      1695169080.8964334,
      1695169081.0446885,
      {}
    ],
    [
      1,
      null,
      924231285,
      null,
      0.08904417728488856,
      0.13237786293029785,
      1,
      1695169081.0474415,
      1695169081.1812618,
      {}
    ],
    [
      3,
      null,
      209652396,
      null,
      0.0893020108989101,
      0.10342121124267578,
      1,
      1695169081.4937625,
      1695169081.5982943,
      {}
    ],
    [
      3,
      null,
      398764591,
      null,
      0.08930313358344866,
      0.09615468978881836,
      1,
      1695169081.6007853,
      1695169081.698121,
      {}
    ],
    [
      3,
      null,
      924231285,
      null,
      0.08930109621550786,
      0.09112381935119629,
      1,
      1695169081.7005665,
      1695169081.7928588,
      {}
    ],
    [
      4,
      null,
      209652396,
      null,
      0.08932589256199519,
      0.10177874565124512,
      1,
      1695169081.7961323,
      1695169081.8990982,
      {}
    ],
    [
      4,
      null,
      398764591,
      null,
      0.08932587146176074,
      0.09491610527038574,
      1,
      1695169081.9015973,
      1695169081.997812,
      {}
    ]
  ],
  "configs": {
    "1": {
      "n_components": 28,
      "n_iter": 6,
      "n_oversamples": 3,
      "power_iteration_normalizer": "auto"
    },
    "2": {
      "n_components": 87,
      "n_iter": 4,
      "n_oversamples": 8,
      "power_iteration_normalizer": "OR"
    },
    "3": {
      "n_components": 60,
      "n_iter": 6,
      "n_oversamples": 3,
      "power_iteration_normalizer": "OR"
    },
    "4": {
      "n_components": 69,
      "n_iter": 7,
      "n_oversamples": 3,
      "power_iteration_normalizer": "LU"
    }
  },
  "config_origins": {
    "1": "Initial Design: Sobol",
    "2": "Initial Design: Sobol",
    "3": "Acquisition Function Maximizer: Local Search",
    "4": "Acquisition Function Maximizer: Local Search"
  }
}