{
  "stats": {
    "submitted": 10,
    "finished": 10,
    "running": 0
  },
  "data": [
    [
      1,
      null,
      209652396,
      null,
      0.48293749064757097,
      1.400238275527954,
      1,
      1696443557.0220263,
      1696443558.422942,
      {}
    ],
    [
      1,
      null,
      398764591,
      null,
      0.4811754554155744,
      1.3866984844207764,
      1,
      1696443558.4247265,
      1696443559.812187,
      {}
    ],
    [
      2,
      null,
      209652396,
      null,
      0.48776153423178725,
      0.5608084201812744,
      1,
      1696443559.814214,
      1696443560.3757303,
      {}
    ],
    [
      2,
      null,
      398764591,
      null,
      0.4896322479949705,
      0.4865143299102783,
      1,
      1696443560.3773947,
      1696443560.864577,
      {}
    ],
    [
      1,
      null,
      924231285,
      null,
      0.4799039683530588,
      1.3029179573059082,
      1,
      1696443560.8665917,
      1696443562.1702974,
      {}
    ],
    [
      3,
      null,
      209652396,
      null,
      0.4871014814971061,
      1.051090955734253,
      1,
      1696443562.3211067,
      1696443563.3728719,
      {}
    ],
    [
      3,
      null,
      398764591,
      null,
      0.4893767158370921,
      0.9844944477081299,
      1,
      1696443563.3745666,
      1696443564.3597243,
      {}
    ],
    [
      3,
      null,
      924231285,
      null,
      0.49263591381756633,
      1.0607852935791016,
      1,
      1696443564.3614795,
      1696443565.4229321,
      {}
    ],
    [
      4,
      null,
      209652396,
      null,
      0.49205143265765705,
      1.2771501541137695,
      1,
      1696443565.4253228,
      1696443566.7037039,
      {}
    ],
    [
      4,
      null,
      398764591,
      null,
      0.49182337877302806,
      1.1922764778137207,
      1,
      1696443566.7088523,
      1696443567.9024978,
      {}
    ]
  ],
  "configs": {
    "1": {
      "alpha": 0.34019066896289585,
      "batch_size": 4,
      "method": "lars",
      "n_components": 4,
      "ridge_alpha": 0.08752058510668576
    },
    "2": {
      "alpha": 0.9592367018572986,
      "batch_size": 3,
      "method": "cd",
      "n_components": 11,
      "ridge_alpha": 0.010323922336101533
    },
    "3": {
      "alpha": 0.49382849013642327,
      "batch_size": 2,
      "method": "lars",
      "n_components": 5,
      "ridge_alpha": 0.09493732706631618
    },
    "4": {
      "alpha": 0.7371078404471098,
      "batch_size": 4,
      "method": "lars",
      "n_components": 14,
      "ridge_alpha": 0.08259873265038915
    }
  },
  "config_origins": {
    "1": "Initial Design: Sobol",
    "2": "Initial Design: Sobol",
    "3": "Acquisition Function Maximizer: Random Search (sorted)",
    "4": "Acquisition Function Maximizer: Local Search"
  }
}