{
  "stats": {
    "submitted": 10,
    "finished": 10,
    "running": 0
  },
  "data": [
    [
      1,
      null,
      209652396,
      null,
      0.7476257492203744,
      0.8263521194458008,
      1,
      1695997525.0881805,
      1695997525.9151468,
      {}
    ],
    [
      1,
      null,
      398764591,
      null,
      0.7476257492203744,
      0.9784436225891113,
      1,
      1695997525.916825,
      1695997526.8958805,
      {}
    ],
    [
      2,
      null,
      209652396,
      null,
      0.6367445837660853,
      1.0640490055084229,
      1,
      1695997526.8975139,
      1695997527.9621515,
      {}
    ],
    [
      2,
      null,
      398764591,
      null,
      0.6367445837660853,
      1.0486679077148438,
      1,
      1695997527.9636168,
      1695997529.0129108,
      {}
    ],
    [
      2,
      null,
      924231285,
      null,
      0.6367445837660853,
      1.0254902839660645,
      1,
      1695997529.014848,
      1695997530.0409112,
      {}
    ],
    [
      3,
      null,
      209652396,
      null,
      0.6373694593659524,
      0.9303510189056396,
      1,
      1695997530.1061184,
      1695997531.0370357,
      {}
    ],
    [
      3,
      null,
      398764591,
      null,
      0.6373694593659524,
      1.4069981575012207,
      1,
      1695997531.0386946,
      1695997532.446277,
      {}
    ],
    [
      3,
      null,
      924231285,
      null,
      0.6373694593659524,
      1.2818968296051025,
      1,
      1695997532.4478734,
      1695997533.7304606,
      {}
    ],
    [
      4,
      null,
      209652396,
      null,
      0.7476257492203744,
      0.6279647350311279,
      1,
      1695997533.7331638,
      1695997534.361781,
      {}
    ],
    [
      4,
      null,
      398764591,
      null,
      0.7476257492203744,
      0.2118544578552246,
      1,
      1695997534.3634233,
      1695997534.575834,
      {}
    ]
  ],
  "configs": {
    "1": {
      "batch_size": 23,
      "n_components": 3
    },
    "2": {
      "batch_size": 34,
      "n_components": 2
    },
    "3": {
      "batch_size": 26,
      "n_components": 2
    },
    "4": {
      "batch_size": 35,
      "n_components": 3
    }
  },
  "config_origins": {
    "1": "Initial Design: Sobol",
    "2": "Initial Design: Sobol",
    "3": "Acquisition Function Maximizer: Local Search",
    "4": "Acquisition Function Maximizer: Random Search (sorted)"
  }
}