{
  "stats": {
    "submitted": 10,
    "finished": 10,
    "running": 0
  },
  "data": [
    [
      1,
      null,
      209652396,
      null,
      0.5591752894307541,
      0.8719649314880371,
      1,
      1696443518.7772818,
      1696443519.649868,
      {}
    ],
    [
      1,
      null,
      398764591,
      null,
      0.5591752894307542,
      0.8338048458099365,
      1,
      1696443519.6515572,
      1696443520.4860096,
      {}
    ],
    [
      2,
      null,
      209652396,
      null,
      0.6295977616861332,
      0.5926296710968018,
      1,
      1696443520.4876885,
      1696443521.0810266,
      {}
    ],
    [
      2,
      null,
      398764591,
      null,
      0.4444744773940209,
      0.5717720985412598,
      1,
      1696443521.0827122,
      1696443521.655188,
      {}
    ],
    [
      2,
      null,
      924231285,
      null,
      0.6526729801371609,
      0.5099344253540039,
      1,
      1696443521.6575155,
      1696443522.1680994,
      {}
    ],
    [
      3,
      null,
      209652396,
      null,
      0.4740303121008196,
      0.6217532157897949,
      1,
      1696443522.309448,
      1696443522.9318264,
      {}
    ],
    [
      3,
      null,
      398764591,
      null,
      0.700486854512985,
      0.5142102241516113,
      1,
      1696443522.9335642,
      1696443523.4484582,
      {}
    ],
    [
      3,
      null,
      924231285,
      null,
      0.7176169216574037,
      0.526137113571167,
      1,
      1696443523.4502928,
      1696443523.977093,
      {}
    ],
    [
      4,
      null,
      209652396,
      null,
      0.5591752894307541,
      1.1347031593322754,
      1,
      1696443523.9794748,
      1696443525.1148252,
      {}
    ],
    [
      4,
      null,
      398764591,
      null,
      0.5591752894307541,
      1.0671720504760742,
      1,
      1696443525.1166012,
      1696443526.1847718,
      {}
    ]
  ],
  "configs": {
    "1": {
      "alpha": 0.34019066896289585,
      "batch_size": 4,
      "method": "lars",
      "n_components": 5,
      "ridge_alpha": 0.08752058510668576
    },
    "2": {
      "alpha": 0.9592367018572986,
      "batch_size": 3,
      "method": "cd",
      "n_components": 15,
      "ridge_alpha": 0.010323922336101533
    },
    "3": {
      "alpha": 0.795634078354921,
      "batch_size": 5,
      "method": "cd",
      "n_components": 13,
      "ridge_alpha": 0.058127482127833884
    },
    "4": {
      "alpha": 0.9013853003281957,
      "batch_size": 4,
      "method": "lars",
      "n_components": 13,
      "ridge_alpha": 0.019110508718055433
    }
  },
  "config_origins": {
    "1": "Initial Design: Sobol",
    "2": "Initial Design: Sobol",
    "3": "Acquisition Function Maximizer: Local Search",
    "4": "Acquisition Function Maximizer: Local Search"
  }
}