{
  "stats": {
    "submitted": 10,
    "finished": 10,
    "running": 0
  },
  "data": [
    [
      1,
      null,
      209652396,
      null,
      0.3031192424235114,
      0.12228655815124512,
      1,
      1695831075.074032,
      1695831075.1974456,
      {}
    ],
    [
      1,
      null,
      398764591,
      null,
      0.3031192424235114,
      0.11792612075805664,
      1,
      1695831075.200211,
      1695831075.3192775,
      {}
    ],
    [
      2,
      null,
      209652396,
      null,
      0.3031183113026744,
      0.11001253128051758,
      1,
      1695831075.3220577,
      1695831075.4331768,
      {}
    ],
    [
      2,
      null,
      398764591,
      null,
      0.3031183113026744,
      0.1100165843963623,
      1,
      1695831075.4357758,
      1695831075.546932,
      {}
    ],
    [
      2,
      null,
      924231285,
      null,
      0.3031183113026744,
      0.10971236228942871,
      1,
      1695831075.550544,
      1695831075.6613731,
      {}
    ],
    [
      3,
      null,
      209652396,
      null,
      0.30311922339079966,
      0.1150503158569336,
      1,
      1695831075.8600721,
      1695831075.9762223,
      {}
    ],
    [
      3,
      null,
      398764591,
      null,
      0.30311922339079966,
      0.11272358894348145,
      1,
      1695831075.9791968,
      1695831076.0931928,
      {}
    ],
    [
      3,
      null,
      924231285,
      null,
      0.30311922339079966,
      0.1084437370300293,
      1,
      1695831076.0966964,
      1695831076.2064083,
      {}
    ],
    [
      4,
      null,
      209652396,
      null,
      0.3029419890354592,
      0.10665440559387207,
      1,
      1695831076.2100334,
      1695831076.3178327,
      {}
    ],
    [
      4,
      null,
      398764591,
      null,
      0.3029419890354592,
      0.10930275917053223,
      1,
      1695831076.3209019,
      1695831076.4314966,
      {}
    ]
  ],
  "configs": {
    "1": {
      "batch_size": 158,
      "n_components": 19
    },
    "2": {
      "batch_size": 169,
      "n_components": 8
    },
    "3": {
      "batch_size": 172,
      "n_components": 13
    },
    "4": {
      "batch_size": 163,
      "n_components": 4
    }
  },
  "config_origins": {
    "1": "Initial Design: Sobol",
    "2": "Initial Design: Sobol",
    "3": "Acquisition Function Maximizer: Random Search (sorted)",
    "4": "Acquisition Function Maximizer: Random Search (sorted)"
  }
}