{
  "stats": {
    "submitted": 10,
    "finished": 10,
    "running": 0
  },
  "data": [
    [
      1,
      null,
      209652396,
      null,
      0.047912709237709517,
      0.06025528907775879,
      1,
      1695997459.431264,
      1695997459.4921546,
      {}
    ],
    [
      1,
      null,
      398764591,
      null,
      0.047912709237709517,
      0.05894017219543457,
      1,
      1695997459.4939373,
      1695997459.553533,
      {}
    ],
    [
      2,
      null,
      209652396,
      null,
      0.10921382488814135,
      0.11189103126525879,
      1,
      1695997459.5552857,
      1695997459.6678076,
      {}
    ],
    [
      2,
      null,
      398764591,
      null,
      0.10832222491695076,
      0.09587717056274414,
      1,
      1695997459.6694424,
      1695997459.7659416,
      {}
    ],
    [
      1,
      null,
      924231285,
      null,
      0.047912709237709517,
      0.06890392303466797,
      1,
      1695997459.7679813,
      1695997459.8375175,
      {}
    ],
    [
      3,
      null,
      209652396,
      null,
      0.0479048124811875,
      0.06875991821289062,
      1,
      1695997459.9746518,
      1695997460.0440242,
      {}
    ],
    [
      3,
      null,
      398764591,
      null,
      0.0479048124811875,
      0.06933951377868652,
      1,
      1695997460.0457294,
      1695997460.115691,
      {}
    ],
    [
      3,
      null,
      924231285,
      null,
      0.0479048124811875,
      0.06900811195373535,
      1,
      1695997460.117382,
      1695997460.1870143,
      {}
    ],
    [
      4,
      null,
      209652396,
      null,
      0.08173316575839862,
      0.2009294033050537,
      1,
      1695997460.1895528,
      1695997460.391103,
      {}
    ],
    [
      4,
      null,
      398764591,
      null,
      0.08173316575839862,
      0.20252180099487305,
      1,
      1695997460.3928576,
      1695997460.5960321,
      {}
    ]
  ],
  "configs": {
    "1": {
      "alpha": 0.34019066896289585,
      "method": "cd",
      "n_components": 2,
      "ridge_alpha": 0.029059861330315476
    },
    "2": {
      "alpha": 0.8744391072541475,
      "method": "lars",
      "n_components": 7,
      "ridge_alpha": 0.06035465487278999
    },
    "3": {
      "alpha": 0.3917182461128952,
      "method": "cd",
      "n_components": 2,
      "ridge_alpha": 0.032661472667078605
    },
    "4": {
      "alpha": 0.4255160956273134,
      "method": "cd",
      "n_components": 3,
      "ridge_alpha": 0.020317243500371777
    }
  },
  "config_origins": {
    "1": "Initial Design: Sobol",
    "2": "Initial Design: Sobol",
    "3": "Acquisition Function Maximizer: Local Search",
    "4": "Acquisition Function Maximizer: Local Search"
  }
}