{
  "stats": {
    "submitted": 10,
    "finished": 10,
    "running": 0
  },
  "data": [
    [
      1,
      null,
      209652396,
      null,
      0.43081139238307353,
      0.029471158981323242,
      1,
      1696443651.0442579,
      1696443651.0742936,
      {}
    ],
    [
      1,
      null,
      398764591,
      null,
      0.4308113923830734,
      0.029001951217651367,
      1,
      1696443651.0756617,
      1696443651.1052072,
      {}
    ],
    [
      2,
      null,
      209652396,
      null,
      0.5530867047865924,
      0.0525209903717041,
      1,
      1696443651.1064987,
      1696443651.1596053,
      {}
    ],
    [
      2,
      null,
      398764591,
      null,
      0.5530867047865924,
      0.050620079040527344,
      1,
      1696443651.160957,
      1696443651.212186,
      {}
    ],
    [
      1,
      null,
      924231285,
      null,
      0.4308113923830734,
      0.02873516082763672,
      1,
      1696443651.21385,
      1696443651.243146,
      {}
    ],
    [
      3,
      null,
      209652396,
      null,
      0.5098014713745558,
      0.04836297035217285,
      1,
      1696443651.3346887,
      1696443651.3836296,
      {}
    ],
    [
      3,
      null,
      398764591,
      null,
      0.5098014713745558,
      0.04776144027709961,
      1,
      1696443651.38508,
      1696443651.4334154,
      {}
    ],
    [
      3,
      null,
      924231285,
      null,
      0.5098014713745558,
      0.04781174659729004,
      1,
      1696443651.4348266,
      1696443651.4832122,
      {}
    ],
    [
      4,
      null,
      209652396,
      null,
      0.4308113923830734,
      0.028190135955810547,
      1,
      1696443651.485134,
      1696443651.5138876,
      {}
    ],
    [
      4,
      null,
      398764591,
      null,
      0.4308113923830734,
      0.027913570404052734,
      1,
      1696443651.5152597,
      1696443651.5437376,
      {}
    ]
  ],
  "configs": {
    "1": {
      "n_components": 2,
      "n_iter": 6,
      "n_oversamples": 3,
      "power_iteration_normalizer": "auto"
    },
    "2": {
      "n_components": 4,
      "n_iter": 4,
      "n_oversamples": 8,
      "power_iteration_normalizer": "OR"
    },
    "3": {
      "n_components": 3,
      "n_iter": 7,
      "n_oversamples": 7,
      "power_iteration_normalizer": "auto"
    },
    "4": {
      "n_components": 2,
      "n_iter": 6,
      "n_oversamples": 7,
      "power_iteration_normalizer": "auto"
    }
  },
  "config_origins": {
    "1": "Initial Design: Sobol",
    "2": "Initial Design: Sobol",
    "3": "Acquisition Function Maximizer: Local Search",
    "4": "Acquisition Function Maximizer: Local Search"
  }
}