{
  "incumbent_ids": [
    2
  ],
  "rejected_config_ids": [
    1
  ],
  "incumbents_changed": 2,
  "trajectory": [
    {
      "config_ids": [
        1
      ],
      "costs": [
        0.08931734268592162
      ],
      "trial": 1,
      "walltime": 0.13734650611877441
    },
    {
      "config_ids": [
        2
      ],
      "costs": [
        0.08894108722540617
      ],
      "trial": 4,
      "walltime": 0.574204683303833
    }
  ],
  "state": {
    "queue": [
      [
        4,
        2
      ]
    ]
  }
}