{
  "stats": {
    "submitted": 10,
    "finished": 10,
    "running": 0
  },
  "data": [
    [
      1,
      null,
      209652396,
      null,
      0.08931734268592162,
      0.13473987579345703,
      1,
      1695169082.0927768,
      1695169082.2285712,
      {}
    ],
    [
      1,
      null,
      398764591,
      null,
      0.08931734268592162,
      0.15036749839782715,
      1,
      1695169082.23102,
      1695169082.3824224,
      {}
    ],
    [
      2,
      null,
      209652396,
      null,
      0.08894108722540617,
      0.13776302337646484,
      1,
      1695169082.3848777,
      1695169082.5235765,
      {}
    ],
    [
      2,
      null,
      398764591,
      null,
      0.08894108722540617,
      0.1386733055114746,
      1,
      1695169082.5255625,
      1695169082.6651657,
      {}
    ],
    [
      2,
      null,
      924231285,
      null,
      0.08894108722540617,
      0.15627837181091309,
      1,
      1695169082.6679103,
      1695169082.8251574,
      {}
    ],
    [
      3,
      null,
      209652396,
      null,
      0.08919046656747753,
      0.14497661590576172,
      1,
      1695169083.0946522,
      1695169083.2405465,
      {}
    ],
    [
      3,
      null,
      398764591,
      null,
      0.08919046656747753,
      0.13553476333618164,
      1,
      1695169083.2487984,
      1695169083.3853855,
      {}
    ],
    [
      3,
      null,
      924231285,
      null,
      0.08919046656747753,
      0.12096834182739258,
      1,
      1695169083.3876734,
      1695169083.5096712,
      {}
    ],
    [
      4,
      null,
      209652396,
      null,
      0.08846784211802838,
      0.1564936637878418,
      1,
      1695169083.5130312,
      1695169083.6705008,
      {}
    ],
    [
      4,
      null,
      398764591,
      null,
      0.08846784211802838,
      0.16028475761413574,
      1,
      1695169083.672843,
      1695169083.8340652,
      {}
    ]
  ],
  "configs": {
    "1": {
      "batch_size": 508,
      "n_components": 63
    },
    "2": {
      "batch_size": 519,
      "n_components": 23
    },
    "3": {
      "batch_size": 522,
      "n_components": 39
    },
    "4": {
      "batch_size": 513,
      "n_components": 9
    }
  },
  "config_origins": {
    "1": "Initial Design: Sobol",
    "2": "Initial Design: Sobol",
    "3": "Acquisition Function Maximizer: Random Search (sorted)",
    "4": "Acquisition Function Maximizer: Random Search (sorted)"
  }
}