{
  "stats": {
    "submitted": 10,
    "finished": 10,
    "running": 0
  },
  "data": [
    [
      1,
      null,
      209652396,
      null,
      0.04953758451424961,
      5.970484256744385,
      1,
      1695913622.9529665,
      1695913628.9240744,
      {}
    ],
    [
      1,
      null,
      398764591,
      null,
      0.052853241048031574,
      5.691776275634766,
      1,
      1695913628.9258032,
      1695913634.6182015,
      {}
    ],
    [
      2,
      null,
      209652396,
      null,
      0.057434291235555546,
      4.915353775024414,
      1,
      1695913634.6198318,
      1695913639.535824,
      {}
    ],
    [
      2,
      null,
      398764591,
      null,
      0.05782587354608226,
      4.754932641983032,
      1,
      1695913639.5373533,
      1695913644.292923,
      {}
    ],
    [
      1,
      null,
      924231285,
      null,
      0.05194413116938634,
      5.9042840003967285,
      1,
      1695913644.2947888,
      1695913650.1996686,
      {}
    ],
    [
      3,
      null,
      209652396,
      null,
      0.05554729449482565,
      11.56079387664795,
      1,
      1695913650.3425553,
      1695913661.9039958,
      {}
    ],
    [
      3,
      null,
      398764591,
      null,
      0.050787566945315166,
      12.441527366638184,
      1,
      1695913661.9057593,
      1695913674.3479202,
      {}
    ],
    [
      3,
      null,
      924231285,
      null,
      0.05066167485702433,
      12.549747705459595,
      1,
      1695913674.349578,
      1695913686.899977,
      {}
    ],
    [
      4,
      null,
      209652396,
      null,
      0.054262987813648245,
      8.389553785324097,
      1,
      1695913686.9021356,
      1695913695.2922878,
      {}
    ],
    [
      4,
      null,
      398764591,
      null,
      0.05388196835270176,
      8.370803117752075,
      1,
      1695913695.2939198,
      1695913703.6653688,
      {}
    ]
  ],
  "configs": {
    "1": {
      "alpha": 0.34019066896289585,
      "batch_size": 4,
      "method": "lars",
      "n_components": 12,
      "ridge_alpha": 0.08752058510668576
    },
    "2": {
      "alpha": 0.9592367018572986,
      "batch_size": 3,
      "method": "cd",
      "n_components": 39,
      "ridge_alpha": 0.010323922336101533
    },
    "3": {
      "alpha": 0.7116903652546492,
      "batch_size": 5,
      "method": "lars",
      "n_components": 23,
      "ridge_alpha": 0.07705623479509867
    },
    "4": {
      "alpha": 0.6813047017599905,
      "batch_size": 4,
      "method": "lars",
      "n_components": 18,
      "ridge_alpha": 0.08550920536668626
    }
  },
  "config_origins": {
    "1": "Initial Design: Sobol",
    "2": "Initial Design: Sobol",
    "3": "Acquisition Function Maximizer: Local Search",
    "4": "Acquisition Function Maximizer: Local Search"
  }
}