{
  "incumbent_ids": [
    14
  ],
  "rejected_config_ids": [
    1,
    3,
    4
  ],
  "incumbents_changed": 4,
  "trajectory": [
    {
      "config_ids": [
        1
      ],
      "costs": [
        1.0
      ],
      "trial": 1,
      "walltime": 1.438581943511963
    },
    {
      "config_ids": [
        3
      ],
      "costs": [
        0.538483531689137
      ],
      "trial": 8,
      "walltime": 4.182312726974487
    },
    {
      "config_ids": [
        4
      ],
      "costs": [
        0.32300479761723
      ],
      "trial": 11,
      "walltime": 6.341208457946777
    },
    {
      "config_ids": [
        14
      ],
      "costs": [
        0.14636277301847375
      ],
      "trial": 41,
      "walltime": 11.649265050888062
    }
  ],
  "state": {
    "queue": [
      [
        34,
        2
      ]
    ]
  }
}