{
  "stats": {
    "submitted": 10,
    "finished": 10,
    "running": 0
  },
  "data": [
    [
      1,
      null,
      209652396,
      null,
      0.4321108375710947,
      0.12860107421875,
      1,
      1695830904.1947231,
      1695830904.3244712,
      {}
    ],
    [
      1,
      null,
      398764591,
      null,
      0.4321108375710878,
      0.07103705406188965,
      1,
      1695830904.3271089,
      1695830904.3993204,
      {}
    ],
    [
      2,
      null,
      209652396,
      null,
      0.4322633661870221,
      0.07273101806640625,
      1,
      1695830904.4019291,
      1695830904.4758315,
      {}
    ],
    [
      2,
      null,
      398764591,
      null,
      0.432263366187022,
      0.07232260704040527,
      1,
      1695830904.4782817,
      1695830904.5517747,
      {}
    ],
    [
      1,
      null,
      924231285,
      null,
      0.43211083757108826,
      0.07161736488342285,
      1,
      1695830904.5547585,
      1695830904.6275485,
      {}
    ],
    [
      3,
      null,
      209652396,
      null,
      0.4322390414235021,
      0.0931398868560791,
      1,
      1695830904.8562746,
      1695830904.9505239,
      {}
    ],
    [
      3,
      null,
      398764591,
      null,
      0.43223904142350356,
      0.07816410064697266,
      1,
      1695830904.9531991,
      1695830905.0325592,
      {}
    ],
    [
      3,
      null,
      924231285,
      null,
      0.43223904142350345,
      0.07060694694519043,
      1,
      1695830905.035288,
      1695830905.107073,
      {}
    ],
    [
      4,
      null,
      209652396,
      null,
      0.4322390414235783,
      0.05579090118408203,
      1,
      1695830905.110738,
      1695830905.167704,
      {}
    ],
    [
      4,
      null,
      398764591,
      null,
      0.4322390414235854,
      0.05563497543334961,
      1,
      1695830905.1705537,
      1695830905.227381,
      {}
    ]
  ],
  "configs": {
    "1": {
      "n_components": 5,
      "n_iter": 6,
      "n_oversamples": 3,
      "power_iteration_normalizer": "auto"
    },
    "2": {
      "n_components": 12,
      "n_iter": 4,
      "n_oversamples": 8,
      "power_iteration_normalizer": "OR"
    },
    "3": {
      "n_components": 7,
      "n_iter": 5,
      "n_oversamples": 4,
      "power_iteration_normalizer": "auto"
    },
    "4": {
      "n_components": 7,
      "n_iter": 5,
      "n_oversamples": 3,
      "power_iteration_normalizer": "auto"
    }
  },
  "config_origins": {
    "1": "Initial Design: Sobol",
    "2": "Initial Design: Sobol",
    "3": "Acquisition Function Maximizer: Local Search",
    "4": "Acquisition Function Maximizer: Local Search"
  }
}