{
  "stats": {
    "submitted": 59,
    "finished": 59,
    "running": 0
  },
  "data": [
    [
      1,
      null,
      209652396,
      null,
      0.7597162166087434,
      0.9101841449737549,
      1,
      1703648455.1246219,
      1703648456.0353081,
      {}
    ],
    [
      1,
      null,
      398764591,
      null,
      0.7597162166087434,
      2.6895902156829834,
      1,
      1703648456.0369353,
      1703648458.727268,
      {}
    ],
    [
      2,
      null,
      209652396,
      null,
      0.637007581750681,
      1.060633659362793,
      1,
      1703648458.7308176,
      1703648459.7921975,
      {}
    ],
    [
      2,
      null,
      398764591,
      null,
      0.637007581750681,
      0.8249759674072266,
      1,
      1703648459.793672,
      1703648460.619388,
      {}
    ],
    [
      2,
      null,
      924231285,
      null,
      0.637007581750681,
      0.2910950183868408,
      1,
      1703648460.6213841,
      1703648460.9132142,
      {}
    ],
    [
      3,
      null,
      209652396,
      null,
      0.7597162166087436,
      0.9895052909851074,
      1,
      1703648460.9150174,
      1703648461.9052746,
      {}
    ],
    [
      3,
      null,
      398764591,
      null,
      0.7597162166087436,
      1.5902645587921143,
      1,
      1703648461.9069884,
      1703648463.4979997,
      {}
    ],
    [
      3,
      null,
      924231285,
      null,
      0.7597162166087436,
      0.9797995090484619,
      1,
      1703648463.4995558,
      1703648464.480059,
      {}
    ],
    [
      4,
      null,
      209652396,
      null,
      0.6630437766609809,
      1.116833209991455,
      1,
      1703648464.4819517,
      1703648465.599464,
      {}
    ],
    [
      4,
      null,
      398764591,
      null,
      0.6630437766609809,
      1.0145249366760254,
      1,
      1703648465.6009264,
      1703648466.6161232,
      {}
    ],
    [
      4,
      null,
      924231285,
      null,
      0.6630437766609809,
      0.6886091232299805,
      1,
      1703648466.6175787,
      1703648467.3068714,
      {}
    ],
    [
      5,
      null,
      209652396,
      null,
      0.7597162166087434,
      1.072214126586914,
      1,
      1703648467.308824,
      1703648468.381728,
      {}
    ],
    [
      5,
      null,
      398764591,
      null,
      0.7597162166087434,
      0.9041192531585693,
      1,
      1703648468.3832815,
      1703648469.2880788,
      {}
    ],
    [
      5,
      null,
      924231285,
      null,
      0.7597162166087434,
      0.510469913482666,
      1,
      1703648469.2896109,
      1703648469.800763,
      {}
    ],
    [
      6,
      null,
      209652396,
      null,
      0.6392098674211754,
      1.2558443546295166,
      1,
      1703648470.0076177,
      1703648471.2639334,
      {}
    ],
    [
      6,
      null,
      398764591,
      null,
      0.6392098674211754,
      0.8253884315490723,
      1,
      1703648471.2678125,
      1703648472.0939608,
      {}
    ],
    [
      6,
      null,
      924231285,
      null,
      0.6392098674211754,
      1.0988233089447021,
      1,
      1703648472.096073,
      1703648473.195668,
      {}
    ],
    [
      7,
      null,
      209652396,
      null,
      0.6358216525407032,
      1.4854583740234375,
      1,
      1703648473.1981966,
      1703648474.6844058,
      {}
    ],
    [
      7,
      null,
      398764591,
      null,
      0.6358216525407032,
      0.7307529449462891,
      1,
      1703648474.6864371,
      1703648475.417962,
      {}
    ],
    [
      7,
      null,
      924231285,
      null,
      0.6358216525407032,
      2.225093126296997,
      1,
      1703648475.4199762,
      1703648477.6458435,
      {}
    ],
    [
      8,
      null,
      209652396,
      null,
      0.651911936942764,
      1.289668083190918,
      1,
      1703648477.6531732,
      1703648478.9436104,
      {}
    ],
    [
      8,
      null,
      398764591,
      null,
      0.651911936942764,
      0.37044453620910645,
      1,
      1703648478.9457014,
      1703648479.3168843,
      {}
    ],
    [
      8,
      null,
      924231285,
      null,
      0.651911936942764,
      0.4309995174407959,
      1,
      1703648479.3189952,
      1703648479.7507281,
      {}
    ],
    [
      9,
      null,
      209652396,
      null,
      0.6412470806253869,
      1.3196477890014648,
      1,
      1703648479.753396,
      1703648481.0737941,
      {}
    ],
    [
      9,
      null,
      398764591,
      null,
      0.6412470806253869,
      1.1049141883850098,
      1,
      1703648481.0760858,
      1703648482.181759,
      {}
    ],
    [
      9,
      null,
      924231285,
      null,
      0.6412470806253869,
      0.5550525188446045,
      1,
      1703648482.1840277,
      1703648482.7398508,
      {}
    ],
    [
      10,
      null,
      209652396,
      null,
      0.6261865135575202,
      0.421572208404541,
      1,
      1703648482.7425644,
      1703648483.1648567,
      {}
    ],
    [
      10,
      null,
      398764591,
      null,
      0.6261865135575202,
      0.3517305850982666,
      1,
      1703648483.1668208,
      1703648483.519245,
      {}
    ],
    [
      10,
      null,
      924231285,
      null,
      0.6261865135575202,
      0.42125463485717773,
      1,
      1703648483.5212293,
      1703648483.9431736,
      {}
    ],
    [
      11,
      null,
      209652396,
      null,
      0.7597162166087434,
      0.4250798225402832,
      1,
      1703648483.9459465,
      1703648484.3717175,
      {}
    ],
    [
      11,
      null,
      398764591,
      null,
      0.7597162166087434,
      1.079899787902832,
      1,
      1703648484.3738673,
      1703648485.4544702,
      {}
    ],
    [
      11,
      null,
      924231285,
      null,
      0.7597162166087434,
      1.482499361038208,
      1,
      1703648485.4585745,
      1703648486.941801,
      {}
    ],
    [
      12,
      null,
      209652396,
      null,
      0.7597162166087434,
      0.6920962333679199,
      1,
      1703648486.9459069,
      1703648487.638715,
      {}
    ],
    [
      12,
      null,
      398764591,
      null,
      0.7597162166087434,
      0.37646985054016113,
      1,
      1703648487.6410081,
      1703648488.0181768,
      {}
    ],
    [
      12,
      null,
      924231285,
      null,
      0.7597162166087434,
      0.845024824142456,
      1,
      1703648488.0203686,
      1703648488.866092,
      {}
    ],
    [
      13,
      null,
      209652396,
      null,
      0.7597162166087434,
      0.5787320137023926,
      1,
      1703648488.8698232,
      1703648489.449255,
      {}
    ],
    [
      13,
      null,
      398764591,
      null,
      0.7597162166087434,
      0.7389967441558838,
      1,
      1703648489.451654,
      1703648490.1913567,
      {}
    ],
    [
      13,
      null,
      924231285,
      null,
      0.7597162166087434,
      0.5029969215393066,
      1,
      1703648490.1935954,
      1703648490.697274,
      {}
    ],
    [
      14,
      null,
      209652396,
      null,
      0.7597162166087434,
      0.3240044116973877,
      1,
      1703648490.7045777,
      1703648491.0292745,
      {}
    ],
    [
      14,
      null,
      398764591,
      null,
      0.7597162166087434,
      0.7916755676269531,
      1,
      1703648491.03162,
      1703648491.8239853,
      {}
    ],
    [
      14,
      null,
      924231285,
      null,
      0.7597162166087434,
      0.8783931732177734,
      1,
      1703648491.8266225,
      1703648492.7057385,
      {}
    ],
    [
      15,
      null,
      209652396,
      null,
      0.7597162166087434,
      1.297783613204956,
      1,
      1703648492.711112,
      1703648494.0095928,
      {}
    ],
    [
      15,
      null,
      398764591,
      null,
      0.7597162166087434,
      1.080796241760254,
      1,
      1703648494.0119655,
