{
  "stats": {
    "submitted": 10,
    "finished": 10,
    "running": 0
  },
  "data": [
    [
      1,
      null,
      209652396,
      null,
      0.6017006129691685,
      0.11734342575073242,
      1,
      1696443825.3335004,
      1696443825.4520135,
      {}
    ],
    [
      1,
      null,
      398764591,
      null,
      0.6017006129691685,
      0.11584711074829102,
      1,
      1696443825.454831,
      1696443825.5718818,
      {}
    ],
    [
      2,
      null,
      209652396,
      null,
      0.7408034178793088,
      0.1338334083557129,
      1,
      1696443825.5747235,
      1696443825.7097516,
      {}
    ],
    [
      2,
      null,
      398764591,
      null,
      0.7408034178793088,
      0.13287687301635742,
      1,
      1696443825.7124264,
      1696443825.846494,
      {}
    ],
    [
      1,
      null,
      924231285,
      null,
      0.6017006129691685,
      0.11603474617004395,
      1,
      1696443825.8497758,
      1696443825.9670143,
      {}
    ],
    [
      3,
      null,
      209652396,
      null,
      0.7408045888943853,
      0.12502384185791016,
      1,
      1696443826.2415197,
      1696443826.3676553,
      {}
    ],
    [
      3,
      null,
      398764591,
      null,
      0.7408045888943853,
      0.1263275146484375,
      1,
      1696443826.3704653,
      1696443826.4979599,
      {}
    ],
    [
      3,
      null,
      924231285,
      null,
      0.7408045888943853,
      0.12549901008605957,
      1,
      1696443826.5007784,
      1696443826.6274722,
      {}
    ],
    [
      4,
      null,
      209652396,
      null,
      0.7408050240277312,
      0.25470590591430664,
      1,
      1696443826.631157,
      1696443826.8870735,
      {}
    ],
    [
      4,
      null,
      398764591,
      null,
      0.7408050240277312,
      0.24348664283752441,
      1,
      1696443826.8901312,
      1696443827.1348128,
      {}
    ]
  ],
  "configs": {
    "1": {
      "alpha": 0.34019066896289585,
      "method": "cd",
      "n_components": 2,
      "ridge_alpha": 0.029059861330315476
    },
    "2": {
      "alpha": 0.8744391072541475,
      "method": "lars",
      "n_components": 3,
      "ridge_alpha": 0.06035465487278999
    },
    "3": {
      "alpha": 0.6813047017599905,
      "method": "cd",
      "n_components": 3,
      "ridge_alpha": 0.04731957459914713
    },
    "4": {
      "alpha": 0.6424870384644795,
      "method": "cd",
      "n_components": 3,
      "ridge_alpha": 0.02290179586681418
    }
  },
  "config_origins": {
    "1": "Initial Design: Sobol",
    "2": "Initial Design: Sobol",
    "3": "Acquisition Function Maximizer: Random Search (sorted)",
    "4": "Acquisition Function Maximizer: Random Search (sorted)"
  }
}