{
  "incumbent_ids": [
    2
  ],
  "rejected_config_ids": [
    1
  ],
  "incumbents_changed": 2,
  "trajectory": [
    {
      "config_ids": [
        1
      ],
      "costs": [
        0.46499668244183245
      ],
      "trial": 1,
      "walltime": 0.03929901123046875
    },
    {
      "config_ids": [
        2
      ],
      "costs": [
        0.43176896473983273
      ],
      "trial": 4,
      "walltime": 0.15334653854370117
    }
  ],
  "state": {
    "queue": [
      [
        4,
        2
      ]
    ]
  }
}