{
  "stats": {
    "submitted": 56,
    "finished": 56,
    "running": 0
  },
  "data": [
    [
      1,
      null,
      209652396,
      null,
      0.5195336565692554,
      1.8448505401611328,
      1,
      1703649022.842634,
      1703649024.688695,
      {}
    ],
    [
      1,
      null,
      398764591,
      null,
      0.5195336565692554,
      0.6786465644836426,
      1,
      1703649024.6906111,
      1703649025.370204,
      {}
    ],
    [
      2,
      null,
      209652396,
      null,
      0.5231169740366364,
      0.39695262908935547,
      1,
      1703649025.3721426,
      1703649025.770063,
      {}
    ],
    [
      2,
      null,
      398764591,
      null,
      0.5231169740366364,
      1.25685453414917,
      1,
      1703649025.7719235,
      1703649027.0297527,
      {}
    ],
    [
      1,
      null,
      924231285,
      null,
      0.5195336565692554,
      1.1983215808868408,
      1,
      1703649027.0318875,
      1703649028.2311149,
      {}
    ],
    [
      3,
      null,
      209652396,
      null,
      0.5195336565692554,
      0.9297125339508057,
      1,
      1703649028.2331443,
      1703649029.1639216,
      {}
    ],
    [
      3,
      null,
      398764591,
      null,
      0.5195336565692554,
      1.3788905143737793,
      1,
      1703649029.1657538,
      1703649030.5455346,
      {}
    ],
    [
      3,
      null,
      924231285,
      null,
      0.5195336565692554,
      0.5182652473449707,
      1,
      1703649030.547334,
      1703649031.0664845,
      {}
    ],
    [
      4,
      null,
      209652396,
      null,
      0.5231169740366549,
      0.24877119064331055,
      1,
      1703649031.0688794,
      1703649031.3185325,
      {}
    ],
    [
      4,
      null,
      398764591,
      null,
      0.5231169740366549,
      2.090697765350342,
      1,
      1703649031.3203213,
      1703649033.4119136,
      {}
    ],
    [
      4,
      null,
      924231285,
      null,
      0.5231169740366549,
      0.39300060272216797,
      1,
      1703649033.4138052,
      1703649033.8076985,
      {}
    ],
    [
      5,
      null,
      209652396,
      null,
      0.5195336565692545,
      0.48748159408569336,
      1,
      1703649033.81018,
      1703649034.2985432,
      {}
    ],
    [
      5,
      null,
      398764591,
      null,
      0.5195336565692545,
      0.8173007965087891,
      1,
      1703649034.3006446,
      1703649035.1221118,
      {}
    ],
    [
      5,
      null,
      924231285,
      null,
      0.5195336565692545,
      0.890571117401123,
      1,
      1703649035.1240506,
      1703649036.0155034,
      {}
    ],
    [
      6,
      null,
      209652396,
      null,
      0.5195336565692541,
      1.1846590042114258,
      1,
      1703649036.1615849,
      1703649037.347065,
      {}
    ],
    [
      6,
      null,
      398764591,
      null,
      0.5195336565692541,
      0.48354291915893555,
      1,
      1703649037.3488688,
      1703649037.8332093,
      {}
    ],
    [
      6,
      null,
      924231285,
      null,
      0.5195336565692541,
      0.40056419372558594,
      1,
      1703649037.8350751,
      1703649038.2364693,
      {}
    ],
    [
      7,
      null,
      209652396,
      null,
      0.5195336565692554,
      0.648963451385498,
      1,
      1703649038.2394748,
      1703649038.8892736,
      {}
    ],
    [
      7,
      null,
      398764591,
      null,
      0.5195336565692554,
      0.8689215183258057,
      1,
      1703649038.8919084,
      1703649039.7617218,
      {}
    ],
    [
      7,
      null,
      924231285,
      null,
      0.5195336565692554,
      0.32045984268188477,
      1,
      1703649039.763771,
      1703649040.0850358,
      {}
    ],
    [
      8,
      null,
      209652396,
      null,
      0.5231169740366417,
      0.32577967643737793,
      1,
      1703649040.0876353,
      1703649040.4142056,
      {}
    ],
    [
      8,
      null,
      398764591,
      null,
      0.5231169740366417,
      0.22697091102600098,
      1,
      1703649040.4161503,
      1703649040.6439185,
      {}
    ],
    [
      8,
      null,
      924231285,
      null,
      0.5231169740366417,
      0.2940683364868164,
      1,
      1703649040.6458921,
      1703649040.940771,
      {}
    ],
    [
      9,
      null,
      209652396,
      null,
      0.5231169740366524,
      1.1676559448242188,
      1,
      1703649040.9435272,
      1703649042.1119974,
      {}
    ],
    [
      9,
      null,
      398764591,
      null,
      0.5231169740366524,
      0.7930119037628174,
      1,
      1703649042.1140993,
      1703649042.9079137,
      {}
    ],
    [
      9,
      null,
      924231285,
      null,
      0.5231169740366524,
      0.4592018127441406,
      1,
      1703649042.9108775,
      1703649043.3708794,
      {}
    ],
    [
      10,
      null,
      209652396,
      null,
      0.5231169740366549,
      0.1289229393005371,
      1,
      1703649043.373927,
      1703649043.503651,
      {}
    ],
    [
      10,
      null,
      398764591,
      null,
      0.5231169740366549,
      0.2483360767364502,
      1,
      1703649043.5058103,
      1703649043.7549455,
      {}
    ],
    [
      10,
      null,
      924231285,
      null,
      0.5231169740366549,
      0.16903185844421387,
      1,
      1703649043.7570615,
      1703649043.926893,
      {}
    ],
    [
      11,
      null,
      209652396,
      null,
      0.5231169740366369,
      0.19108223915100098,
      1,
      1703649043.929941,
      1703649044.121831,
      {}
    ],
    [
      11,
      null,
      398764591,
      null,
      0.5231169740366369,
      0.28237175941467285,
      1,
      1703649044.124025,
      1703649044.407209,
      {}
    ],
    [
      11,
      null,
      924231285,
      null,
      0.5231169740366369,
      0.21661806106567383,
      1,
      1703649044.4094725,
      1703649044.6268914,
      {}
    ],
    [
      12,
      null,
      209652396,
      null,
      0.5195336565692539,
      0.21758317947387695,
      1,
      1703649044.6301696,
      1703649044.848545,
      {}
    ],
    [
      12,
      null,
      398764591,
      null,
      0.5195336565692539,
      0.4727652072906494,
      1,
      1703649044.8508477,
      1703649045.3244119,
      {}
    ],
    [
      12,
      null,
      924231285,
      null,
      0.5195336565692539,
      0.6622636318206787,
      1,
      1703649045.3267632,
      1703649045.9898143,
      {}
    ],
    [
      13,
      null,
      209652396,
      null,
      0.5195336565692872,
      0.8504176139831543,
      1,
      1703649045.9932542,
      1703649046.8444593,
      {}
    ],
    [
      13,
      null,
      398764591,
      null,
      0.5195336565692872,
      0.269517183303833,
      1,
      1703649046.846924,
      1703649047.1172278,
      {}
    ],
    [
      13,
      null,
      924231285,
      null,
      0.5195336565692872,
      0.34867286682128906,
      1,
      1703649047.1213043,
      1703649047.470782,
      {}
    ],
    [
      14,
      null,
      209652396,
      null,
      0.5195336565692873,
      0.6074283123016357,
      1,
      1703649047.478482,
      1703649048.0867348,
      {}
    ],
    [
      14,
      null,
      398764591,
      null,
      0.5195336565692873,
      1.6857941150665283,
      1,
      1703649048.0896935,
      1703649049.7764492,
      {}
    ],
    [
      14,
      null,
      924231285,
      null,
      0.5195336565692873,
      0.6564218997955322,
      1,
      1703649049.7793133,
      1703649050.436569,
      {}
    ],
    [
      15,
      null,
      209652396,
      null,
      0.5231169740366369,
      0.2723660469055176,
      1,
      1703649050.4410238,
      1703649050.714244,
      {}
    ],
    [
      15,
      null,
      398764591,
      null,
      0.5231169740366369,
      0.16408395767211914,
      1,
