{
  "stats": {
    "submitted": 10,
    "finished": 10,
    "running": 0
  },
  "data": [
    [
      1,
      null,
      209652396,
      null,
      0.552304039754079,
      0.06158638000488281,
      1,
      1694798744.1449845,
      1694798744.2072158,
      {}
    ],
    [
      1,
      null,
      398764591,
      null,
      0.6228852621025759,
      0.0600132942199707,
      1,
      1694798744.2087727,
      1694798744.269452,
      {}
    ],
    [
      2,
      null,
      209652396,
      null,
      0.4351056838912819,
      0.0541379451751709,
      1,
      1694798744.2711947,
      1694798744.3259814,
      {}
    ],
    [
      2,
      null,
      398764591,
      null,
      0.4351056813478519,
      0.0540776252746582,
      1,
      1694798744.3274279,
      1694798744.3821683,
      {}
    ],
    [
      2,
      null,
      924231285,
      null,
      0.4351056763988864,
      0.054186344146728516,
      1,
      1694798744.3842576,
      1694798744.4391015,
      {}
    ],
    [
      3,
      null,
      209652396,
      null,
      0.4469366076051938,
      0.04621481895446777,
      1,
      1694798744.5958426,
      1694798744.6427152,
      {}
    ],
    [
      3,
      null,
      398764591,
      null,
      0.44693660983065153,
      0.04585456848144531,
      1,
      1694798744.6443055,
      1694798744.6908352,
      {}
    ],
    [
      3,
      null,
      924231285,
      null,
      0.44693660744113217,
      0.04568147659301758,
      1,
      1694798744.692489,
      1694798744.7388442,
      {}
    ],
    [
      4,
      null,
      209652396,
      null,
      0.45535420715600083,
      0.06134772300720215,
      1,
      1694798744.7410722,
      1694798744.8030782,
      {}
    ],
    [
      4,
      null,
      398764591,
      null,
      0.45535420861581977,
      0.06167793273925781,
      1,
      1694798744.8047755,
      1694798744.8671353,
      {}
    ]
  ],
  "configs": {
    "1": {
      "alpha_W": 0.2668785210698843,
      "batch_size": 1279,
      "beta_loss": "frobenius",
      "init": "random",
      "l1_ratio": 0.8613398345187306,
      "n_components": 3
    },
    "2": {
      "alpha_W": 0.6414948515594006,
      "batch_size": 304,
      "beta_loss": "itakura-saito",
      "init": "nndsvdar",
      "l1_ratio": 0.39195177610963583,
      "n_components": 4
    },
    "3": {
      "alpha_W": 0.5863724965716299,
      "batch_size": 1093,
      "beta_loss": "frobenius",
      "init": "nndsvdar",
      "l1_ratio": 0.7814968642067337,
      "n_components": 4
    },
    "4": {
      "alpha_W": 0.6153212606295583,
      "batch_size": 1904,
      "beta_loss": "itakura-saito",
      "init": "nndsvdar",
      "l1_ratio": 0.5908756419621922,
      "n_components": 4
    }
  },
  "config_origins": {
    "1": "Initial Design: Sobol",
    "2": "Initial Design: Sobol",
    "3": "Acquisition Function Maximizer: Local Search",
    "4": "Acquisition Function Maximizer: Local Search"
  }
}