{
  "incumbent_ids": [
    3
  ],
  "rejected_config_ids": [
    1
  ],
  "incumbents_changed": 2,
  "trajectory": [
    {
      "config_ids": [
        1
      ],
      "costs": [
        0.4276950840806163
      ],
      "trial": 1,
      "walltime": 0.16997003555297852
    },
    {
      "config_ids": [
        3
      ],
      "costs": [
        0.42747239740137877
      ],
      "trial": 8,
      "walltime": 2.2145490646362305
    }
  ],
  "state": {
    "queue": [
      [
        4,
        2
      ]
    ]
  }
}