{
  "stats": {
    "submitted": 10,
    "finished": 10,
    "running": 0
  },
  "data": [
    [
      1,
      null,
      209652396,
      null,
      0.4276950840806163,
      0.16828489303588867,
      1,
      1695830652.8476667,
      1695830653.0165887,
      {}
    ],
    [
      1,
      null,
      398764591,
      null,
      0.4276950840806163,
      0.20177769660949707,
      1,
      1695830653.0183353,
      1695830653.2207537,
      {}
    ],
    [
      2,
      null,
      209652396,
      null,
      0.44627365922614715,
      0.338395357131958,
      1,
      1695830653.222498,
      1695830653.5615525,
      {}
    ],
    [
      2,
      null,
      398764591,
      null,
      0.44627365922614715,
      0.2630045413970947,
      1,
      1695830653.5631788,
      1695830653.8268507,
      {}
    ],
    [
      1,
      null,
      924231285,
      null,
      0.4276950840806163,
      0.2026064395904541,
      1,
      1695830653.8288016,
      1695830654.03206,
      {}
    ],
    [
      3,
      null,
      209652396,
      null,
      0.42747239740137877,
      0.25569987297058105,
      1,
      1695830654.3237796,
      1695830654.5805244,
      {}
    ],
    [
      3,
      null,
      398764591,
      null,
      0.42747239740137877,
      0.23790335655212402,
      1,
      1695830654.5822275,
      1695830654.8207836,
      {}
    ],
    [
      3,
      null,
      924231285,
      null,
      0.42747239740137877,
      0.23758435249328613,
      1,
      1695830654.8225276,
      1695830655.0607734,
      {}
    ],
    [
      4,
      null,
      209652396,
      null,
      0.4277790657459324,
      0.23874497413635254,
      1,
      1695830655.0633473,
      1695830655.3027458,
      {}
    ],
    [
      4,
      null,
      398764591,
      null,
      0.4277790657459324,
      0.23518037796020508,
      1,
      1695830655.304579,
      1695830655.540423,
      {}
    ]
  ],
  "configs": {
    "1": {
      "alpha": 0.34019066896289585,
      "method": "cd",
      "n_components": 2,
      "ridge_alpha": 0.029059861330315476
    },
    "2": {
      "alpha": 0.8744391072541475,
      "method": "lars",
      "n_components": 3,
      "ridge_alpha": 0.06035465487278999
    },
    "3": {
      "alpha": 0.5939321535345923,
      "method": "cd",
      "n_components": 2,
      "ridge_alpha": 0.02064469832820399
    },
    "4": {
      "alpha": 0.6004541750847576,
      "method": "cd",
      "n_components": 2,
      "ridge_alpha": 0.047309368712380166
    }
  },
  "config_origins": {
    "1": "Initial Design: Sobol",
    "2": "Initial Design: Sobol",
    "3": "Acquisition Function Maximizer: Random Search (sorted)",
    "4": "Acquisition Function Maximizer: Local Search"
  }
}