{
  "stats": {
    "submitted": 10,
    "finished": 10,
    "running": 0
  },
  "data": [
    [
      1,
      null,
      209652396,
      null,
      0.731948591052008,
      7.680716276168823,
      1,
      1696444049.2072875,
      1696444056.8895764,
      {}
    ],
    [
      1,
      null,
      398764591,
      null,
      0.731948591052008,
      11.950812339782715,
      1,
      1696444056.9046185,
      1696444068.8573666,
      {}
    ],
    [
      2,
      null,
      209652396,
      null,
      0.8929486427914912,
      42.60432314872742,
      1,
      1696444068.8617852,
      1696444111.4678483,
      {}
    ],
    [
      2,
      null,
      398764591,
      null,
      0.8929486427914912,
      35.98290514945984,
      1,
      1696444111.4703672,
      1696444147.454335,
      {}
    ],
    [
      1,
      null,
      924231285,
      null,
      0.731948591052008,
      5.231235027313232,
      1,
      1696444147.4578905,
      1696444152.6903706,
      {}
    ],
    [
      3,
      null,
      209652396,
      null,
      0.8833794442257825,
      18.55163860321045,
      1,
      1696444152.8954153,
      1696444171.4483635,
      {}
    ],
    [
      3,
      null,
      398764591,
      null,
      0.8833794442257825,
      15.317989587783813,
      1,
      1696444171.4519558,
      1696444186.7713335,
      {}
    ],
    [
      3,
      null,
      924231285,
      null,
      0.8833794442257825,
      16.142146110534668,
      1,
      1696444186.774462,
      1696444202.917801,
      {}
    ],
    [
      4,
      null,
      209652396,
      null,
      0.886162257623006,
      21.119519233703613,
      1,
      1696444202.9212096,
      1696444224.041903,
      {}
    ],
    [
      4,
      null,
      398764591,
      null,
      0.886162257623006,
      21.44024896621704,
      1,
      1696444224.0450382,
      1696444245.48652,
      {}
    ]
  ],
  "configs": {
    "1": {
      "alpha": 0.34019066896289585,
      "method": "cd",
      "n_components": 8,
      "ridge_alpha": 0.029059861330315476
    },
    "2": {
      "alpha": 0.8744391072541475,
      "method": "lars",
      "n_components": 41,
      "ridge_alpha": 0.06035465487278999
    },
    "3": {
      "alpha": 0.6813047017599905,
      "method": "cd",
      "n_components": 52,
      "ridge_alpha": 0.04731957459914713
    },
    "4": {
      "alpha": 0.6424870384644795,
      "method": "cd",
      "n_components": 51,
      "ridge_alpha": 0.02290179586681418
    }
  },
  "config_origins": {
    "1": "Initial Design: Sobol",
    "2": "Initial Design: Sobol",
    "3": "Acquisition Function Maximizer: Random Search (sorted)",
    "4": "Acquisition Function Maximizer: Random Search (sorted)"
  }
}