{
  "stats": {
    "submitted": 10,
    "finished": 10,
    "running": 0
  },
  "data": [
    [
      1,
      null,
      209652396,
      null,
      0.6997445500857749,
      0.04618120193481445,
      1,
      1696442050.7994113,
      1696442050.846051,
      {}
    ],
    [
      1,
      null,
      398764591,
      null,
      0.6997445500857749,
      0.04601550102233887,
      1,
      1696442050.8471627,
      1696442050.893623,
      {}
    ],
    [
      2,
      null,
      209652396,
      null,
      0.5951629204586416,
      0.04540681838989258,
      1,
      1696442050.894735,
      1696442050.9405842,
      {}
    ],
    [
      2,
      null,
      398764591,
      null,
      0.5951629204586416,
      0.04542684555053711,
      1,
      1696442050.9415905,
      1696442050.987465,
      {}
    ],
    [
      2,
      null,
      924231285,
      null,
      0.5951629204586416,
      0.045439720153808594,
      1,
      1696442050.988897,
      1696442051.0347872,
      {}
    ],
    [
      3,
      null,
      209652396,
      null,
      0.4546867625406604,
      0.04474687576293945,
      1,
      1696442051.1200855,
      1696442051.1652787,
      {}
    ],
    [
      3,
      null,
      398764591,
      null,
      0.4546867625406604,
      0.04476046562194824,
      1,
      1696442051.1663914,
      1696442051.2115953,
      {}
    ],
    [
      3,
      null,
      924231285,
      null,
      0.4546867625406604,
      0.04461050033569336,
      1,
      1696442051.2127035,
      1696442051.2577672,
      {}
    ],
    [
      4,
      null,
      209652396,
      null,
      0.45961869695547974,
      0.04432821273803711,
      1,
      1696442051.2594604,
      1696442051.3042347,
      {}
    ],
    [
      4,
      null,
      398764591,
      null,
      0.45961869695547974,
      0.044460296630859375,
      1,
      1696442051.3054168,
      1696442051.350323,
      {}
    ]
  ],
  "configs": {
    "1": {
      "batch_size": 73,
      "n_components": 9
    },
    "2": {
      "batch_size": 84,
      "n_components": 4
    },
    "3": {
      "batch_size": 78,
      "n_components": 2
    },
    "4": {
      "batch_size": 77,
      "n_components": 2
    }
  },
  "config_origins": {
    "1": "Initial Design: Sobol",
    "2": "Initial Design: Sobol",
    "3": "Acquisition Function Maximizer: Random Search (sorted)",
    "4": "Acquisition Function Maximizer: Local Search"
  }
}