{
  "stats": {
    "submitted": 10,
    "finished": 10,
    "running": 0
  },
  "data": [
    [
      1,
      null,
      209652396,
      null,
      0.4512247063556739,
      0.07168769836425781,
      1,
      1695830902.6448658,
      1695830902.7174418,
      {}
    ],
    [
      1,
      null,
      398764591,
      null,
      0.451224706355674,
      0.07202887535095215,
      1,
      1695830902.7194765,
      1695830902.7923896,
      {}
    ],
    [
      2,
      null,
      209652396,
      null,
      0.49233461851471383,
      0.07029247283935547,
      1,
      1695830902.7943912,
      1695830902.8655713,
      {}
    ],
    [
      2,
      null,
      398764591,
      null,
      0.5143758105790637,
      0.0702056884765625,
      1,
      1695830902.8674064,
      1695830902.938493,
      {}
    ],
    [
      1,
      null,
      924231285,
      null,
      0.45122470635567025,
      0.07207536697387695,
      1,
      1695830902.9408019,
      1695830903.0137615,
      {}
    ],
    [
      3,
      null,
      209652396,
      null,
      0.5940377943935269,
      0.07492947578430176,
      1,
      1695830903.1997242,
      1695830903.2755456,
      {}
    ],
    [
      3,
      null,
      398764591,
      null,
      0.5629645929560232,
      0.1288304328918457,
      1,
      1695830903.277546,
      1695830903.4072833,
      {}
    ],
    [
      3,
      null,
      924231285,
      null,
      0.568687983619829,
      0.12738656997680664,
      1,
      1695830903.409317,
      1695830903.537633,
      {}
    ],
    [
      4,
      null,
      209652396,
      null,
      0.45123894107644347,
      0.087066650390625,
      1,
      1695830903.5403235,
      1695830903.628278,
      {}
    ],
    [
      4,
      null,
      398764591,
      null,
      0.4505730462551246,
      0.08610296249389648,
      1,
      1695830903.6303508,
      1695830903.7173285,
      {}
    ]
  ],
  "configs": {
    "1": {
      "alpha_W": 0.24019066896289587,
      "init": "nndsvda",
      "l1_ratio": 0.09675709353759886,
      "n_components": 4,
      "solver": "mu",
      "verbose": 0,
      "beta_loss": "itakura-saito"
    },
    "2": {
      "alpha_W": 0.46588086588308214,
      "init": "random",
      "l1_ratio": 0.7556943319737911,
      "n_components": 13,
      "solver": "cd",
      "verbose": 1
    },
    "3": {
      "alpha_W": 0.2559608528821494,
      "init": "nndsvdar",
      "l1_ratio": 0.4889286305675416,
      "n_components": 11,
      "solver": "mu",
      "verbose": 0,
      "beta_loss": "frobenius"
    },
    "4": {
      "alpha_W": 0.2621047367829661,
      "init": "nndsvdar",
      "l1_ratio": 0.08812924335004005,
      "n_components": 9,
      "solver": "mu",
      "verbose": 0,
      "beta_loss": "kullback-leibler"
    }
  },
  "config_origins": {
    "1": "Initial Design: Sobol",
    "2": "Initial Design: Sobol",
    "3": "Acquisition Function Maximizer: Local Search",
    "4": "Acquisition Function Maximizer: Local Search"
  }
}