{
  "incumbent_ids": [
    3
  ],
  "rejected_config_ids": [
    1
  ],
  "incumbents_changed": 2,
  "trajectory": [
    {
      "config_ids": [
        1
      ],
      "costs": [
        0.3421475946010988
      ],
      "trial": 1,
      "walltime": 0.18457674980163574
    },
    {
      "config_ids": [
        3
      ],
      "costs": [
        0.2268339365248229
      ],
      "trial": 8,
      "walltime": 2.304633617401123
    }
  ],
  "state": {
    "queue": [
      [
        4,
        2
      ]
    ]
  }
}