{
  "incumbent_ids": [
    3
  ],
  "rejected_config_ids": [
    1
  ],
  "incumbents_changed": 2,
  "trajectory": [
    {
      "config_ids": [
        1
      ],
      "costs": [
        0.601935844724846
      ],
      "trial": 1,
      "walltime": 0.1165463924407959
    },
    {
      "config_ids": [
        3
      ],
      "costs": [
        0.6019358447248458
      ],
      "trial": 8,
      "walltime": 1.2095131874084473
    }
  ],
  "state": {
    "queue": [
      [
        4,
        2
      ]
    ]
  }
}