{
  "stats": {
    "submitted": 10,
    "finished": 10,
    "running": 0
  },
  "data": [
    [
      1,
      null,
      209652396,
      null,
      0.601935844724846,
      0.11366438865661621,
      1,
      1696443819.4412832,
      1696443819.5561936,
      {}
    ],
    [
      1,
      null,
      398764591,
      null,
      0.601935844724846,
      0.11481332778930664,
      1,
      1696443819.558986,
      1696443819.6749916,
      {}
    ],
    [
      2,
      null,
      209652396,
      null,
      0.7408013810907053,
      0.1385509967803955,
      1,
      1696443819.677734,
      1696443819.8175259,
      {}
    ],
    [
      2,
      null,
      398764591,
      null,
      0.7408013810907053,
      0.12742996215820312,
      1,
      1696443819.8203056,
      1696443819.9490142,
      {}
    ],
    [
      1,
      null,
      924231285,
      null,
      0.601935844724846,
      0.12159156799316406,
      1,
      1696443819.9522195,
      1696443820.0750098,
      {}
    ],
    [
      3,
      null,
      209652396,
      null,
      0.6019358447248457,
      0.13559794425964355,
      1,
      1696443820.2717779,
      1696443820.4086177,
      {}
    ],
    [
      3,
      null,
      398764591,
      null,
      0.601935844724846,
      0.11507320404052734,
      1,
      1696443820.4115083,
      1696443820.5278468,
      {}
    ],
    [
      3,
      null,
      924231285,
      null,
      0.6019358447248457,
      0.11642980575561523,
      1,
      1696443820.5307472,
      1696443820.648422,
      {}
    ],
    [
      4,
      null,
      209652396,
      null,
      0.7408013810907053,
      0.1356360912322998,
      1,
      1696443820.6526759,
      1696443820.7895787,
      {}
    ],
    [
      4,
      null,
      398764591,
      null,
      0.7408013810907053,
      0.14455223083496094,
      1,
      1696443820.7927082,
      1696443820.938639,
      {}
    ]
  ],
  "configs": {
    "1": {
      "n_components": 2,
      "n_iter": 6,
      "n_oversamples": 3,
      "power_iteration_normalizer": "auto"
    },
    "2": {
      "n_components": 3,
      "n_iter": 4,
      "n_oversamples": 8,
      "power_iteration_normalizer": "OR"
    },
    "3": {
      "n_components": 2,
      "n_iter": 6,
      "n_oversamples": 7,
      "power_iteration_normalizer": "auto"
    },
    "4": {
      "n_components": 3,
      "n_iter": 7,
      "n_oversamples": 3,
      "power_iteration_normalizer": "auto"
    }
  },
  "config_origins": {
    "1": "Initial Design: Sobol",
    "2": "Initial Design: Sobol",
    "3": "Acquisition Function Maximizer: Local Search",
    "4": "Acquisition Function Maximizer: Random Search (sorted)"
  }
}