{
  "incumbent_ids": [
    2
  ],
  "rejected_config_ids": [
    1
  ],
  "incumbents_changed": 2,
  "trajectory": [
    {
      "config_ids": [
        1
      ],
      "costs": [
        0.6524128861320205
      ],
      "trial": 1,
      "walltime": 0.801072359085083
    },
    {
      "config_ids": [
        2
      ],
      "costs": [
        0.6340774896748298
      ],
      "trial": 4,
      "walltime": 2.1871755123138428
    }
  ],
  "state": {
    "queue": [
      [
        4,
        2
      ]
    ]
  }
}