{
  "stats": {
    "submitted": 10,
    "finished": 10,
    "running": 0
  },
  "data": [
    [
      1,
      null,
      209652396,
      null,
      0.6524128861320205,
      0.7989983558654785,
      1,
      1696442166.8679569,
      1696442167.667858,
      {}
    ],
    [
      1,
      null,
      398764591,
      null,
      0.6524128861320205,
      0.41017699241638184,
      1,
      1696442167.6698124,
      1696442168.0809004,
      {}
    ],
    [
      2,
      null,
      209652396,
      null,
      0.6340774896748298,
      0.4653608798980713,
      1,
      1696442168.0829039,
      1696442168.5491843,
      {}
    ],
    [
      2,
      null,
      398764591,
      null,
      0.6340774896748298,
      0.5013823509216309,
      1,
      1696442168.5510602,
      1696442169.0534031,
      {}
    ],
    [
      2,
      null,
      924231285,
      null,
      0.6340774896748298,
      0.48627328872680664,
      1,
      1696442169.0561585,
      1696442169.5537977,
      {}
    ],
    [
      3,
      null,
      209652396,
      null,
      0.648087482893384,
      0.41863250732421875,
      1,
      1696442169.808376,
      1696442170.2280061,
      {}
    ],
    [
      3,
      null,
      398764591,
      null,
      0.648087482893384,
      0.46343016624450684,
      1,
      1696442170.2306104,
      1696442170.6951442,
      {}
    ],
    [
      3,
      null,
      924231285,
      null,
      0.648087482893384,
      0.5011775493621826,
      1,
      1696442170.697241,
      1696442171.2049813,
      {}
    ],
    [
      4,
      null,
      209652396,
      null,
      0.5727372993316809,
      0.4817678928375244,
      1,
      1696442171.2076073,
      1696442171.6903052,
      {}
    ],
    [
      4,
      null,
      398764591,
      null,
      0.5727372993316809,
      0.45763707160949707,
      1,
      1696442171.6925135,
      1696442172.151139,
      {}
    ]
  ],
  "configs": {
    "1": {
      "batch_size": 158,
      "n_components": 19
    },
    "2": {
      "batch_size": 169,
      "n_components": 8
    },
    "3": {
      "batch_size": 172,
      "n_components": 13
    },
    "4": {
      "batch_size": 163,
      "n_components": 4
    }
  },
  "config_origins": {
    "1": "Initial Design: Sobol",
    "2": "Initial Design: Sobol",
    "3": "Acquisition Function Maximizer: Random Search (sorted)",
    "4": "Acquisition Function Maximizer: Random Search (sorted)"
  }
}