{
  "stats": {
    "submitted": 10,
    "finished": 10,
    "running": 0
  },
  "data": [
    [
      1,
      null,
      209652396,
      null,
      0.46862445849100676,
      0.11273837089538574,
      1,
      1695830646.5198681,
      1695830646.6336067,
      {}
    ],
    [
      1,
      null,
      398764591,
      null,
      0.46862445849100676,
      0.10193872451782227,
      1,
      1695830646.6352441,
      1695830646.7377772,
      {}
    ],
    [
      2,
      null,
      209652396,
      null,
      0.42959523079092865,
      0.1351790428161621,
      1,
      1695830646.7395346,
      1695830646.875336,
      {}
    ],
    [
      2,
      null,
      398764591,
      null,
      0.42959523079092865,
      0.13735318183898926,
      1,
      1695830646.8768537,
      1695830647.0147884,
      {}
    ],
    [
      2,
      null,
      924231285,
      null,
      0.42959523079092865,
      0.13811397552490234,
      1,
      1695830647.016856,
      1695830647.155551,
      {}
    ],
    [
      3,
      null,
      209652396,
      null,
      0.42962952610847593,
      0.14525938034057617,
      1,
      1695830647.3038833,
      1695830647.449685,
      {}
    ],
    [
      3,
      null,
      398764591,
      null,
      0.42962952610847593,
      0.13928556442260742,
      1,
      1695830647.4512796,
      1695830647.5911372,
      {}
    ],
    [
      3,
      null,
      924231285,
      null,
      0.42962952610847593,
      0.13751435279846191,
      1,
      1695830647.5927458,
      1695830647.7308345,
      {}
    ],
    [
      4,
      null,
      209652396,
      null,
      0.4296105439779079,
      0.13947129249572754,
      1,
      1695830647.7329664,
      1695830647.8730228,
      {}
    ],
    [
      4,
      null,
      398764591,
      null,
      0.4296105439779079,
      0.1380329132080078,
      1,
      1695830647.8746781,
      1695830648.0132864,
      {}
    ]
  ],
  "configs": {
    "1": {
      "batch_size": 28,
      "n_components": 3
    },
    "2": {
      "batch_size": 39,
      "n_components": 2
    },
    "3": {
      "batch_size": 33,
      "n_components": 2
    },
    "4": {
      "batch_size": 31,
      "n_components": 2
    }
  },
  "config_origins": {
    "1": "Initial Design: Sobol",
    "2": "Initial Design: Sobol",
    "3": "Acquisition Function Maximizer: Random Search (sorted)",
    "4": "Acquisition Function Maximizer: Local Search"
  }
}