{
  "stats": {
    "submitted": 10,
    "finished": 10,
    "running": 0
  },
  "data": [
    [
      1,
      null,
      209652396,
      null,
      0.5488330125808716,
      2.07018780708313,
      1,
      1694796976.9696407,
      1694796979.0410619,
      {}
    ],
    [
      1,
      null,
      398764591,
      null,
      0.5667265951633453,
      2.0206069946289062,
      1,
      1694796979.0444307,
      1694796981.0663614,
      {}
    ],
    [
      2,
      null,
      209652396,
      null,
      0.8573472052812576,
      0.9197549819946289,
      1,
      1694796981.0693212,
      1694796981.9904525,
      {}
    ],
    [
      2,
      null,
      398764591,
      null,
      0.8573472052812576,
      0.5412664413452148,
      1,
      1694796981.9929965,
      1694796982.5355544,
      {}
    ],
    [
      1,
      null,
      924231285,
      null,
      0.547449141740799,
      2.097727060317993,
      1,
      1694796982.5391533,
      1694796984.6382968,
      {}
    ],
    [
      3,
      null,
      209652396,
      null,
      0.6038744151592255,
      2.1607961654663086,
      1,
      1694796985.001871,
      1694796987.1641006,
      {}
    ],
    [
      3,
      null,
      398764591,
      null,
      0.6038744151592255,
      2.221867799758911,
      1,
      1694796987.1676207,
      1694796989.3909764,
      {}
    ],
    [
      3,
      null,
      924231285,
      null,
      0.6038744151592255,
      2.3817942142486572,
      1,
      1694796989.393725,
      1694796991.7768245,
      {}
    ],
    [
      4,
      null,
      209652396,
      null,
      0.6099072396755219,
      2.1463582515716553,
      1,
      1694796991.781115,
      1694796993.9288156,
      {}
    ],
    [
      4,
      null,
      398764591,
      null,
      0.6099072396755219,
      2.0648488998413086,
      1,
      1694796993.9318693,
      1694796995.9981527,
      {}
    ]
  ],
  "configs": {
    "1": {
      "angle": 0.34019066896289585,
      "early_exaggeration": 32.92541129514575,
      "init": "random",
      "learning_rate": 219.65847463347018,
      "method": "exact",
      "n_components": 2,
      "n_iter": 970,
      "n_iter_without_progress": 499,
      "perplexity": 39.7460907464847
    },
    "2": {
      "angle": 0.7997621418908238,
      "early_exaggeration": 14.138102843426168,
      "init": "pca",
      "learning_rate": 596.0679089464247,
      "method": "barnes_hut",
      "n_components": 3,
      "n_iter": 322,
      "n_iter_without_progress": 197,
      "perplexity": 8.030356685630977
    },
    "3": {
      "angle": 0.4812893194050143,
      "early_exaggeration": 30.562005249226953,
      "init": "pca",
      "learning_rate": 526.629838532571,
      "method": "exact",
      "n_components": 3,
      "n_iter": 992,
      "n_iter_without_progress": 121,
      "perplexity": 42.707520837446175
    },
    "4": {
      "angle": 0.39590702328089145,
      "early_exaggeration": 34.04949611752009,
      "init": "pca",
      "learning_rate": 219.65847463347018,
      "method": "exact",
      "n_components": 2,
      "n_iter": 923,
      "n_iter_without_progress": 460,
      "perplexity": 38.50564760246442
    }
  },
  "config_origins": {
    "1": "Initial Design: Sobol",
    "2": "Initial Design: Sobol",
    "3": "Acquisition Function Maximizer: Random Search (sorted)",
    "4": "Acquisition Function Maximizer: Local Search"
  }
}